user_id,age,city,is_tier2_city,sessions_before_booking,avg_session_duration_min,banks_compared,preferred_tenor_months,interest_rate_viewed,days_since_last_login,dropped_on_kyc,amount_intended_inr,is_first_time_investor,support_queries_raised,viewed_faq,app_version_outdated,time_on_rates_page_min,notifications_enabled,dropout_reason,churned
USR0001,60,Nagpur,0,6,4.21,4,12,9.07,42,0,100000,0,3,0,0,1.98,1,retained,0
USR0002,50,Surat,1,14,17.93,5,6,9.23,57,1,500000,1,5,1,0,8.0,1,kyc_dropout,1
USR0003,36,Bhopal,1,6,11.72,5,6,7.85,45,0,100000,0,3,1,0,7.41,0,retained,0
USR0004,29,Jaipur,0,7,21.53,5,6,7.34,33,1,200000,0,2,0,1,4.88,0,kyc_dropout,1
USR0005,42,Chennai,0,12,6.92,2,12,6.92,21,0,10000,0,3,1,0,1.98,1,retained,0
USR0006,60,Lucknow,1,3,11.09,5,3,8.55,20,0,100000,1,1,1,0,10.7,1,retained,0
USR0007,40,Surat,0,14,10.41,3,12,7.44,14,1,200000,0,4,1,1,8.76,1,kyc_dropout,1
USR0008,44,Bhopal,1,16,3.54,4,6,9.23,4,0,25000,0,0,1,0,12.24,0,retained,0
USR0009,32,Bhopal,1,7,9.95,5,6,8.51,16,0,50000,0,5,0,1,3.92,0,retained,0
USR0010,32,Nagpur,1,8,7.04,2,6,8.44,18,0,10000,1,1,1,0,11.98,1,retained,0
USR0011,45,Nagpur,0,13,4.37,4,24,8.18,4,0,10000,1,5,1,1,4.73,1,retained,0
USR0012,57,Bhopal,1,9,6.93,5,3,6.64,22,0,25000,0,0,1,0,2.13,1,retained,0
USR0013,61,Mumbai,0,10,5.9,1,12,9.3,13,1,10000,1,5,1,1,2.46,1,kyc_dropout,1
USR0014,45,Patna,1,9,16.42,5,6,8.38,9,0,200000,1,3,1,1,3.71,1,retained,0
USR0015,24,Patna,1,15,1.65,6,36,9.48,30,0,10000,1,0,1,0,10.4,1,comparison_paralysis,1
USR0016,43,Coimbatore,0,2,13.97,3,3,8.11,12,0,10000,1,1,1,0,4.04,1,retained,0
USR0017,23,Chennai,1,13,16.97,4,36,8.63,21,0,10000,1,4,0,1,9.26,1,overwhelmed_firsttimer,1
USR0018,45,Bengaluru,0,2,11.1,3,3,6.67,36,0,200000,1,1,1,0,4.22,0,retained,0
USR0019,51,Lucknow,1,2,20.56,1,6,8.4,38,0,500000,0,2,1,0,5.8,1,retained,0
USR0020,59,Gorakhpur,1,3,15.87,1,3,8.79,9,0,50000,1,0,0,1,13.4,0,retained,0
USR0021,23,Surat,1,6,16.71,6,3,8.84,30,0,100000,0,1,1,0,7.76,1,retained,0
USR0022,42,Delhi,1,3,5.14,3,6,8.81,42,1,500000,1,3,0,1,9.2,0,kyc_dropout,1
USR0023,54,Coimbatore,0,10,17.32,4,36,7.18,35,0,10000,0,3,0,0,3.24,0,retained,0
USR0024,33,Mumbai,1,6,18.47,1,36,9.43,34,0,25000,1,5,0,1,2.41,1,retained,0
USR0025,43,Nagpur,1,16,8.59,1,24,9.49,54,0,25000,0,1,0,0,6.49,1,retained,0
USR0026,46,Pune,1,17,5.48,5,36,6.73,46,1,200000,0,5,1,0,12.9,0,kyc_dropout,1
USR0027,48,Patna,1,3,9.09,6,36,9.31,5,0,50000,1,2,1,1,3.99,1,retained,0
USR0028,49,Jaipur,0,7,16.53,2,3,7.37,27,1,10000,1,0,1,0,9.51,1,retained,0
USR0029,37,Lucknow,1,9,9.77,1,24,8.57,29,0,200000,1,2,1,0,13.15,0,retained,0
USR0030,36,Chennai,1,12,16.47,4,6,7.51,26,0,100000,0,4,1,1,14.05,1,retained,0
USR0031,24,Coimbatore,1,5,3.38,4,6,9.4,38,1,50000,1,5,0,0,14.91,1,kyc_dropout,1
USR0032,58,Gorakhpur,1,3,17.93,5,12,6.8,34,1,50000,0,1,0,0,11.56,1,retained,0
USR0033,28,Bengaluru,1,11,6.32,4,24,7.99,43,0,200000,1,5,0,0,1.59,1,overwhelmed_firsttimer,1
USR0034,42,Mumbai,1,4,6.23,5,3,7.78,14,0,500000,1,2,1,0,13.14,0,retained,0
USR0035,30,Jaipur,1,5,13.4,1,12,7.48,31,0,25000,1,4,1,0,13.34,0,retained,0
USR0036,60,Pune,0,1,2.47,1,12,8.44,28,1,500000,0,2,0,0,8.58,0,kyc_dropout,1
USR0037,39,Lucknow,0,12,1.55,1,6,6.89,62,1,50000,1,4,1,1,1.48,0,kyc_dropout,1
USR0038,25,Bhopal,1,13,6.48,1,36,8.65,5,0,25000,0,3,1,0,7.41,1,retained,0
USR0039,46,Coimbatore,1,9,12.3,2,3,9.44,26,0,50000,0,3,0,0,3.56,1,retained,0
USR0040,35,Coimbatore,0,2,20.06,6,24,8.91,27,0,50000,1,1,1,0,6.91,1,retained,0
USR0041,30,Bhopal,1,5,18.78,6,12,9.08,4,0,50000,0,2,0,0,11.0,0,retained,0
USR0042,47,Bhopal,0,13,11.3,2,3,7.58,40,0,100000,0,3,1,0,10.18,1,retained,0
USR0043,23,Lucknow,1,16,1.78,1,6,7.47,55,1,25000,1,5,1,1,11.81,1,kyc_dropout,1
USR0044,41,Bhopal,1,16,12.24,4,12,8.05,53,0,100000,1,0,1,1,7.41,1,retained,0
USR0045,49,Lucknow,0,3,15.8,5,12,6.64,17,0,25000,1,5,1,0,7.91,0,retained,0
USR0046,28,Mumbai,0,4,8.12,6,6,9.34,42,0,100000,0,3,1,0,14.07,0,retained,0
USR0047,29,Chennai,1,11,3.33,3,6,6.93,28,0,100000,0,3,0,0,9.65,0,retained,0
USR0048,56,Jaipur,1,14,6.85,5,6,9.21,9,0,100000,1,2,0,1,11.34,0,overwhelmed_firsttimer,1
USR0049,35,Coimbatore,1,3,17.2,3,3,6.75,5,0,200000,1,4,1,0,10.14,1,retained,0
USR0050,38,Lucknow,1,16,8.38,3,3,8.97,3,0,100000,0,0,0,1,9.79,0,retained,0
USR0051,57,Jaipur,0,15,18.05,1,3,6.96,33,1,500000,1,0,0,1,13.75,0,overwhelmed_firsttimer,1
USR0052,61,Jaipur,1,10,7.71,3,36,6.61,32,1,500000,0,4,0,1,5.67,1,kyc_dropout,1
USR0053,25,Lucknow,0,9,4.43,1,12,8.66,3,0,50000,0,2,0,0,6.7,1,retained,0
USR0054,23,Jaipur,1,11,10.15,2,3,7.34,43,0,10000,0,3,0,0,6.01,1,retained,0
USR0055,27,Bhopal,1,16,10.5,4,36,8.64,30,0,100000,1,4,1,0,11.6,0,retained,0
USR0056,25,Nagpur,0,10,1.34,3,12,8.17,57,0,10000,0,0,0,0,13.09,0,inactive_browser,1
USR0057,50,Mumbai,1,17,3.46,4,3,6.83,59,0,10000,0,0,1,0,5.68,1,inactive_browser,1
USR0058,39,Pune,1,2,4.88,1,6,9.3,1,0,50000,0,3,1,0,2.56,1,retained,0
USR0059,47,Lucknow,1,2,3.39,3,24,7.86,35,0,10000,1,3,1,0,7.66,1,retained,0
USR0060,55,Pune,0,6,8.17,5,3,8.7,59,0,10000,1,1,1,0,14.77,0,retained,0
USR0061,31,Patna,1,8,21.26,2,24,8.0,22,1,500000,0,5,1,0,3.45,0,kyc_dropout,1
USR0062,57,Jaipur,0,3,11.69,6,3,8.31,46,1,10000,1,4,0,0,7.05,1,kyc_dropout,1
USR0063,35,Bengaluru,1,14,14.18,2,6,7.41,45,1,25000,0,3,1,0,4.44,1,kyc_dropout,1
USR0064,52,Nagpur,1,16,8.48,3,24,7.1,43,0,100000,1,1,0,0,13.88,1,overwhelmed_firsttimer,1
USR0065,36,Surat,1,1,7.79,2,36,8.13,18,1,100000,1,2,1,1,8.49,1,kyc_dropout,1
USR0066,29,Patna,1,3,1.49,6,6,7.82,48,1,10000,1,0,0,0,8.89,1,inactive_browser,1
USR0067,35,Jaipur,1,9,11.51,5,24,7.67,57,1,50000,0,4,0,1,0.62,1,kyc_dropout,1
USR0068,44,Gorakhpur,1,6,11.16,4,24,8.52,6,0,25000,1,5,0,0,9.97,1,retained,0
USR0069,61,Gorakhpur,1,1,4.31,5,6,8.57,40,1,50000,1,2,1,1,4.94,1,kyc_dropout,1
USR0070,42,Coimbatore,0,10,17.05,2,6,6.64,14,0,50000,1,4,0,1,7.94,1,overwhelmed_firsttimer,1
USR0071,37,Pune,0,6,11.35,6,6,7.52,52,0,10000,1,4,1,0,8.2,0,retained,0
USR0072,39,Chennai,1,12,8.12,4,12,7.74,22,0,200000,1,3,1,0,9.09,0,retained,0
USR0073,45,Jaipur,1,4,4.09,6,36,6.79,64,1,10000,1,1,0,0,12.44,1,retained,0
USR0074,47,Patna,1,13,12.6,5,3,7.21,59,1,500000,0,4,1,0,4.83,0,kyc_dropout,1
USR0075,46,Patna,1,17,16.81,1,24,6.65,9,0,200000,1,5,0,0,4.21,1,overwhelmed_firsttimer,1
USR0076,50,Bengaluru,1,8,6.92,1,3,9.49,57,0,25000,1,2,1,1,12.04,1,retained,0
USR0077,36,Lucknow,1,3,5.59,4,6,8.71,46,0,200000,1,5,1,0,10.92,0,retained,0
USR0078,22,Jaipur,1,12,11.96,4,36,6.76,14,0,10000,0,4,1,1,3.77,1,retained,0
USR0079,46,Coimbatore,1,7,4.26,4,36,6.56,8,0,10000,1,5,1,0,0.51,0,retained,0
USR0080,28,Jaipur,1,12,15.0,1,12,8.66,12,0,50000,1,5,1,0,10.16,0,retained,0
USR0081,30,Nagpur,0,2,13.71,5,6,7.82,22,1,10000,1,1,0,0,2.78,1,retained,0
USR0082,45,Bhopal,1,14,2.83,4,24,8.86,32,0,500000,0,0,1,0,14.38,1,retained,0
USR0083,22,Bengaluru,0,5,1.77,1,12,9.27,8,0,10000,1,4,0,1,9.26,0,retained,0
USR0084,29,Lucknow,1,9,14.03,4,6,8.3,2,1,100000,1,2,0,0,12.82,0,kyc_dropout,1
USR0085,45,Lucknow,1,11,7.18,4,12,7.06,24,1,100000,0,0,1,1,12.18,1,retained,0
USR0086,32,Gorakhpur,1,5,2.82,6,3,8.85,35,1,50000,1,5,0,1,8.59,0,kyc_dropout,1
USR0087,38,Jaipur,1,3,16.95,4,6,9.37,19,0,200000,1,0,1,0,6.86,1,retained,0
USR0088,29,Bhopal,1,17,7.59,1,24,8.24,53,1,200000,1,3,1,0,7.7,1,kyc_dropout,1
USR0089,56,Patna,1,2,10.65,5,24,8.55,18,0,100000,1,3,1,1,12.14,0,retained,0
USR0090,56,Jaipur,1,1,5.97,1,6,7.51,59,1,500000,0,4,1,0,9.79,1,kyc_dropout,1
USR0091,54,Coimbatore,0,7,14.17,1,12,7.64,36,1,25000,1,2,1,0,3.48,1,kyc_dropout,1
USR0092,26,Surat,1,14,7.33,4,36,8.7,2,1,500000,1,3,0,0,9.34,1,kyc_dropout,1
USR0093,60,Jaipur,0,5,21.33,6,6,9.28,18,0,100000,1,5,1,1,6.37,0,retained,0
USR0094,49,Surat,1,11,15.76,3,24,8.39,52,0,500000,1,1,0,0,1.39,0,overwhelmed_firsttimer,1
USR0095,28,Mumbai,1,2,3.87,3,3,8.87,45,1,25000,0,1,0,1,6.03,1,inactive_browser,1
USR0096,30,Nagpur,1,8,9.75,3,24,7.01,55,1,200000,1,5,0,1,3.8,1,kyc_dropout,1
USR0097,29,Pune,1,9,9.09,1,36,7.14,30,0,100000,1,0,1,0,12.66,1,retained,0
USR0098,33,Bhopal,1,3,12.22,4,24,8.1,52,1,10000,1,5,0,0,2.02,0,kyc_dropout,1
USR0099,55,Mumbai,0,2,18.68,3,36,7.03,33,0,25000,1,0,1,0,5.73,1,retained,0
USR0100,54,Surat,0,7,13.25,2,6,8.4,30,0,25000,1,0,1,0,10.58,1,retained,0
USR0101,44,Gorakhpur,1,5,2.29,2,24,7.37,59,1,25000,1,1,0,0,13.51,1,inactive_browser,1
USR0102,45,Bhopal,1,5,14.76,2,12,8.87,10,0,200000,1,3,1,0,5.36,0,retained,0
USR0103,58,Bengaluru,0,13,1.17,5,12,8.92,5,0,500000,1,5,1,1,9.29,1,retained,0
USR0104,56,Nagpur,0,6,17.38,4,24,7.89,26,1,50000,1,3,1,0,5.92,1,kyc_dropout,1
USR0105,61,Lucknow,1,2,15.0,1,24,7.04,6,0,10000,1,4,0,1,3.44,0,retained,0
USR0106,43,Mumbai,1,6,7.48,1,3,8.44,48,0,100000,0,2,1,0,5.22,1,retained,0
USR0107,48,Surat,1,9,7.14,4,24,9.48,59,1,500000,1,1,1,1,9.72,1,retained,0
USR0108,56,Bhopal,0,3,17.76,6,3,8.37,32,1,25000,1,0,1,0,10.89,1,retained,0
USR0109,22,Patna,1,1,17.45,6,3,6.61,46,0,200000,1,2,1,1,5.87,1,retained,0
USR0110,56,Bhopal,1,1,8.4,5,3,6.55,43,0,25000,1,0,1,0,2.71,1,retained,0
USR0111,58,Lucknow,1,5,7.28,4,3,7.46,26,0,500000,1,2,0,0,2.52,1,retained,0
USR0112,35,Gorakhpur,1,13,12.76,6,6,7.09,21,1,100000,0,2,0,0,12.28,1,kyc_dropout,1
USR0113,24,Coimbatore,0,12,1.18,5,12,8.94,46,0,10000,0,3,0,0,9.97,1,comparison_paralysis,1
USR0114,22,Gorakhpur,1,16,2.74,3,3,9.03,47,1,25000,0,4,1,0,11.06,1,kyc_dropout,1
USR0115,26,Bhopal,1,3,3.65,3,12,7.28,29,1,200000,1,4,1,1,7.58,0,kyc_dropout,1
USR0116,47,Jaipur,1,12,4.89,5,3,7.48,1,0,200000,0,0,0,0,7.13,1,retained,0
USR0117,35,Nagpur,1,5,11.75,4,12,7.21,14,0,50000,0,1,1,0,3.56,1,retained,0
USR0118,60,Jaipur,1,2,21.84,3,24,9.23,46,1,200000,0,4,0,0,2.94,1,kyc_dropout,1
USR0119,48,Bengaluru,1,7,14.7,4,24,8.01,26,0,50000,0,1,1,1,2.73,0,retained,0
USR0120,30,Surat,0,13,2.29,6,12,8.47,26,0,10000,1,0,1,0,14.88,1,comparison_paralysis,1
USR0121,36,Chennai,1,15,12.04,3,3,7.75,12,1,100000,1,1,1,0,12.4,1,retained,0
USR0122,36,Patna,1,3,11.43,6,6,8.39,54,1,50000,1,2,0,0,9.58,0,kyc_dropout,1
USR0123,47,Jaipur,0,5,4.03,4,12,7.66,16,0,25000,1,2,1,1,3.61,1,retained,0
USR0124,34,Surat,1,8,20.33,4,36,7.52,58,0,500000,1,0,1,0,5.4,0,retained,0
USR0125,53,Coimbatore,1,1,10.26,2,6,8.4,9,1,25000,1,1,1,0,5.59,1,retained,0
USR0126,60,Bhopal,1,8,21.89,5,36,8.27,32,1,100000,1,1,0,0,7.43,1,overwhelmed_firsttimer,1
USR0127,53,Bhopal,0,16,9.82,1,12,7.38,36,0,200000,1,0,1,0,6.62,1,retained,0
USR0128,25,Jaipur,0,12,13.77,5,3,6.95,7,0,500000,0,4,1,0,14.05,0,retained,0
USR0129,51,Lucknow,1,13,3.2,4,36,7.61,32,0,25000,1,3,0,0,10.95,1,overwhelmed_firsttimer,1
USR0130,58,Mumbai,0,13,10.54,4,12,7.75,6,1,500000,1,4,0,0,1.68,1,kyc_dropout,1
USR0131,44,Coimbatore,1,10,6.01,5,6,8.39,33,0,50000,1,5,1,0,5.72,0,comparison_paralysis,1
USR0132,60,Jaipur,0,7,18.55,4,3,9.24,6,1,100000,1,3,1,0,2.43,1,kyc_dropout,1
USR0133,36,Nagpur,1,14,17.46,6,36,6.61,40,1,25000,1,1,1,0,4.55,1,comparison_paralysis,1
USR0134,50,Delhi,1,16,18.31,3,12,7.23,54,1,200000,1,3,0,0,14.4,1,kyc_dropout,1
USR0135,57,Coimbatore,1,15,16.2,4,3,7.08,6,1,500000,1,3,1,0,10.73,1,kyc_dropout,1
USR0136,34,Jaipur,0,12,18.49,5,3,8.01,17,1,200000,1,1,0,0,0.61,1,overwhelmed_firsttimer,1
USR0137,53,Coimbatore,1,9,5.22,5,24,7.79,42,0,500000,0,2,1,0,5.27,1,retained,0
USR0138,28,Mumbai,1,8,10.49,5,3,8.69,39,0,25000,0,3,0,1,6.86,1,retained,0
USR0139,43,Nagpur,1,13,15.53,2,12,7.23,52,1,100000,0,0,0,0,9.24,1,retained,0
USR0140,49,Surat,1,15,14.39,6,6,8.28,13,0,10000,1,4,0,0,7.75,1,overwhelmed_firsttimer,1
USR0141,23,Chennai,1,4,16.04,6,24,9.15,20,0,25000,0,1,1,0,1.51,1,retained,0
USR0142,27,Patna,1,17,5.71,2,12,9.23,56,0,200000,0,1,0,0,7.98,1,retained,0
USR0143,49,Surat,1,5,3.07,6,12,9.38,45,0,10000,0,3,1,1,2.39,1,inactive_browser,1
USR0144,49,Patna,1,16,20.25,2,12,8.82,25,1,100000,0,2,1,1,8.03,1,kyc_dropout,1
USR0145,41,Coimbatore,0,9,12.76,6,36,9.22,23,1,200000,1,2,1,0,4.07,1,kyc_dropout,1
USR0146,51,Delhi,1,10,4.23,2,36,7.2,4,0,100000,0,4,0,0,2.59,0,retained,0
USR0147,32,Mumbai,1,17,17.66,2,6,7.09,41,1,500000,1,4,0,0,4.67,1,kyc_dropout,1
USR0148,49,Patna,1,7,20.21,6,12,6.52,42,0,25000,0,2,0,0,1.94,1,retained,0
USR0149,46,Bhopal,1,4,4.56,2,36,8.62,31,1,100000,0,5,1,1,4.62,0,kyc_dropout,1
USR0150,60,Bhopal,1,5,18.17,6,36,9.31,5,0,200000,1,2,1,0,13.07,1,retained,0
USR0151,54,Lucknow,0,16,20.6,2,36,7.06,6,1,25000,1,2,0,0,4.95,0,kyc_dropout,1
USR0152,22,Gorakhpur,0,3,20.71,5,6,8.41,28,0,200000,1,3,1,0,7.32,1,retained,0
USR0153,48,Surat,1,14,20.2,1,6,8.74,33,0,200000,0,0,0,1,8.04,1,retained,0
USR0154,34,Surat,1,15,12.47,6,12,9.28,6,1,10000,1,4,1,0,3.09,1,kyc_dropout,1
USR0155,24,Surat,0,17,8.48,2,24,8.44,57,0,50000,1,5,1,0,6.91,1,retained,0
USR0156,60,Gorakhpur,1,1,1.15,5,12,9.41,30,1,100000,1,5,0,0,12.87,1,kyc_dropout,1
USR0157,27,Mumbai,0,17,2.28,1,36,7.53,44,0,100000,1,1,1,0,1.67,1,inactive_browser,1
USR0158,29,Nagpur,1,11,10.01,2,36,7.55,46,0,10000,0,2,1,0,13.88,1,retained,0
USR0159,48,Surat,1,17,9.39,1,3,8.13,39,0,500000,1,2,1,0,13.13,1,retained,0
USR0160,30,Coimbatore,1,14,4.88,6,12,7.65,29,0,100000,1,0,1,0,12.91,1,comparison_paralysis,1
USR0161,58,Mumbai,1,7,9.31,1,36,6.5,61,0,10000,1,2,1,0,3.38,1,retained,0
USR0162,54,Patna,1,13,4.67,3,36,8.7,16,1,100000,0,4,0,0,7.52,0,kyc_dropout,1
USR0163,45,Gorakhpur,1,14,18.82,4,24,8.76,4,0,100000,1,5,1,0,9.43,1,retained,0
USR0164,36,Nagpur,1,1,7.26,3,3,8.74,0,1,200000,0,2,1,1,1.95,1,kyc_dropout,1
USR0165,53,Chennai,1,7,13.57,6,12,7.54,30,0,10000,1,0,1,0,8.57,1,retained,0
USR0166,53,Bhopal,1,8,11.56,6,6,8.07,34,1,500000,1,3,1,0,12.68,0,kyc_dropout,1
USR0167,45,Mumbai,1,9,2.09,1,12,7.58,29,0,100000,1,4,0,0,14.08,0,overwhelmed_firsttimer,1
USR0168,33,Bhopal,1,1,20.79,5,12,6.55,14,0,500000,0,3,1,0,4.54,0,retained,0
USR0169,60,Lucknow,1,17,12.07,2,24,8.19,55,1,50000,1,1,1,0,4.69,1,retained,0
USR0170,23,Patna,1,6,7.83,4,12,6.87,59,0,10000,0,0,1,0,4.43,1,retained,0
USR0171,24,Bhopal,1,3,4.32,2,24,6.74,26,0,10000,1,1,1,1,2.73,1,retained,0
USR0172,58,Jaipur,1,5,8.11,5,24,8.77,1,0,10000,0,1,1,1,6.75,1,retained,0
USR0173,38,Pune,1,2,1.43,6,36,6.53,63,0,200000,1,5,0,0,11.87,1,inactive_browser,1
USR0174,23,Bhopal,1,4,8.63,4,6,9.38,4,0,10000,1,1,0,0,10.83,1,retained,0
USR0175,23,Lucknow,0,10,12.16,3,24,8.05,12,0,200000,1,1,1,0,13.55,1,retained,0
USR0176,49,Surat,0,10,19.31,6,3,9.45,22,0,50000,1,0,1,0,5.66,0,comparison_paralysis,1
USR0177,44,Bhopal,1,11,15.43,6,3,6.67,49,1,25000,0,3,1,0,8.8,1,kyc_dropout,1
USR0178,58,Nagpur,1,16,3.34,1,6,8.25,36,1,200000,1,2,1,0,11.61,0,kyc_dropout,1
USR0179,53,Nagpur,1,17,4.1,5,24,7.55,29,0,100000,0,1,1,0,13.52,1,comparison_paralysis,1
USR0180,54,Pune,1,16,9.99,1,6,9.03,22,0,10000,1,5,0,0,13.14,1,overwhelmed_firsttimer,1
USR0181,22,Delhi,0,7,5.11,1,36,7.58,33,1,25000,0,2,1,0,7.25,1,kyc_dropout,1
USR0182,40,Jaipur,1,16,1.58,2,3,7.28,63,1,200000,1,5,0,1,13.65,1,kyc_dropout,1
USR0183,23,Bhopal,1,3,17.91,6,12,9.07,54,1,500000,1,2,1,0,6.94,1,kyc_dropout,1
USR0184,47,Gorakhpur,1,16,1.41,5,3,7.62,8,1,500000,1,1,1,1,13.59,1,retained,0
USR0185,53,Pune,1,8,18.44,1,24,6.55,3,0,100000,1,4,0,0,11.77,1,overwhelmed_firsttimer,1
USR0186,27,Bengaluru,1,12,4.03,3,6,7.67,32,1,25000,1,2,0,0,3.71,1,kyc_dropout,1
USR0187,53,Surat,1,3,21.47,4,3,8.46,31,1,50000,1,4,0,0,13.98,1,kyc_dropout,1
USR0188,25,Jaipur,0,17,13.68,5,12,7.26,43,0,200000,0,3,0,1,4.02,1,comparison_paralysis,1
USR0189,32,Patna,1,11,16.43,2,12,7.8,36,0,500000,1,2,0,0,13.67,1,overwhelmed_firsttimer,1
USR0190,38,Patna,1,4,3.32,5,6,6.67,59,0,500000,1,0,1,0,9.42,1,inactive_browser,1
USR0191,59,Patna,1,16,19.1,6,6,8.26,58,1,200000,1,5,1,1,10.18,1,kyc_dropout,1
USR0192,45,Patna,1,17,18.62,2,3,8.77,35,0,500000,0,3,0,0,2.09,1,retained,0
USR0193,26,Gorakhpur,1,9,14.71,4,24,7.74,48,0,50000,0,3,1,1,1.45,1,retained,0
USR0194,55,Bengaluru,1,6,11.55,3,36,7.76,50,0,500000,1,4,1,1,14.54,1,retained,0
USR0195,27,Bhopal,1,2,16.15,1,12,6.76,7,0,200000,0,1,0,0,5.39,1,retained,0
USR0196,43,Coimbatore,1,9,1.12,5,6,7.11,49,0,10000,0,5,1,1,12.74,0,inactive_browser,1
USR0197,32,Bengaluru,1,6,13.44,2,36,6.96,40,1,500000,1,0,0,0,10.71,1,retained,0
USR0198,37,Chennai,1,3,18.8,4,36,7.95,37,0,200000,1,0,0,1,9.26,1,retained,0
USR0199,54,Bengaluru,1,6,8.49,1,36,8.09,54,1,10000,1,4,1,0,10.44,0,kyc_dropout,1
USR0200,30,Nagpur,1,7,3.27,4,24,9.35,17,1,500000,0,4,0,0,1.8,1,kyc_dropout,1
USR0201,27,Coimbatore,1,1,9.84,3,6,6.72,64,1,500000,0,3,0,1,6.48,1,kyc_dropout,1
USR0202,37,Nagpur,0,1,16.27,1,12,8.3,63,1,200000,0,4,0,0,9.3,0,kyc_dropout,1
USR0203,50,Nagpur,1,5,3.25,1,6,8.08,11,0,100000,1,1,1,0,13.08,1,retained,0
USR0204,24,Gorakhpur,1,6,5.33,1,3,8.05,40,0,100000,1,3,0,0,10.86,0,retained,0
USR0205,41,Lucknow,1,13,4.1,2,12,9.12,41,0,25000,1,3,1,0,4.17,1,retained,0
USR0206,57,Gorakhpur,1,2,17.74,1,6,7.12,59,1,100000,1,3,1,1,14.78,1,kyc_dropout,1
USR0207,40,Coimbatore,1,15,2.32,4,12,6.62,49,0,50000,1,0,0,0,9.82,0,overwhelmed_firsttimer,1
USR0208,47,Jaipur,0,15,15.42,2,3,8.52,35,0,25000,1,5,0,1,7.77,1,overwhelmed_firsttimer,1
USR0209,24,Coimbatore,0,13,8.7,1,12,7.54,47,1,100000,1,5,0,0,11.83,1,kyc_dropout,1
USR0210,40,Bhopal,0,14,16.87,4,36,6.55,7,1,10000,1,0,0,1,9.24,1,overwhelmed_firsttimer,1
USR0211,41,Bengaluru,1,7,21.25,4,24,7.25,24,1,200000,1,3,0,1,10.79,1,kyc_dropout,1
USR0212,53,Coimbatore,1,14,3.41,5,3,7.43,6,1,100000,1,1,0,0,9.45,0,overwhelmed_firsttimer,1
USR0213,28,Chennai,1,10,7.6,4,12,8.35,7,0,10000,1,2,0,1,3.09,1,overwhelmed_firsttimer,1
USR0214,54,Lucknow,1,17,18.01,6,3,7.02,30,0,25000,1,3,0,0,8.38,1,comparison_paralysis,1
USR0215,61,Jaipur,1,14,6.59,3,36,7.74,11,0,200000,0,4,1,1,4.6,1,retained,0
USR0216,60,Gorakhpur,1,8,5.52,1,24,7.95,56,1,100000,0,5,0,0,8.77,0,kyc_dropout,1
USR0217,39,Delhi,0,4,18.33,1,3,7.88,11,0,25000,1,2,1,0,2.32,1,retained,0
USR0218,61,Delhi,1,16,21.73,1,36,9.42,26,0,100000,1,0,0,0,3.86,1,overwhelmed_firsttimer,1
USR0219,22,Patna,1,13,12.69,4,36,6.64,45,1,25000,1,0,1,0,12.23,1,retained,0
USR0220,32,Gorakhpur,1,14,6.84,4,36,9.35,6,0,100000,1,2,1,0,6.38,0,retained,0
USR0221,49,Bhopal,0,5,9.37,1,12,8.25,60,1,10000,0,5,0,0,10.27,1,kyc_dropout,1
USR0222,46,Coimbatore,1,9,4.57,6,6,8.89,57,1,50000,1,5,1,0,7.72,0,kyc_dropout,1
USR0223,44,Coimbatore,0,3,17.0,2,3,7.79,57,1,10000,1,4,1,0,5.44,1,kyc_dropout,1
USR0224,52,Nagpur,1,8,17.24,2,6,7.86,12,0,200000,1,0,1,0,7.68,1,retained,0
USR0225,51,Bhopal,1,10,19.38,3,36,9.14,52,0,100000,1,0,1,0,12.3,0,retained,0
USR0226,56,Bhopal,1,3,1.56,5,6,9.19,64,1,50000,1,3,0,0,4.58,0,kyc_dropout,1
USR0227,28,Lucknow,0,11,12.8,3,36,7.22,48,1,50000,1,1,1,0,6.61,1,retained,0
USR0228,37,Bengaluru,0,11,5.5,1,36,7.1,34,0,200000,1,4,1,1,3.44,0,retained,0
USR0229,47,Lucknow,0,17,8.16,1,24,7.99,16,0,200000,0,3,0,0,5.59,1,retained,0
USR0230,23,Patna,1,16,17.48,1,24,9.2,9,0,50000,0,1,1,0,13.33,1,retained,0
USR0231,22,Gorakhpur,1,7,5.03,5,6,7.47,33,1,200000,1,0,1,0,11.89,1,retained,0
USR0232,33,Delhi,0,4,14.41,4,3,8.46,3,0,200000,0,1,0,0,5.92,0,retained,0
USR0233,26,Coimbatore,1,12,14.75,5,6,8.62,28,0,100000,0,0,1,1,2.42,1,comparison_paralysis,1
USR0234,58,Delhi,0,15,21.04,3,3,8.84,45,1,10000,1,5,0,0,6.59,1,kyc_dropout,1
USR0235,53,Bengaluru,1,11,17.28,4,6,8.19,45,0,500000,1,3,1,0,11.69,0,retained,0
USR0236,30,Mumbai,1,5,17.88,4,12,7.71,58,1,25000,1,0,0,0,1.14,0,retained,0
USR0237,56,Surat,1,5,12.16,3,12,9.4,60,0,50000,1,1,1,0,11.31,1,retained,0
USR0238,40,Patna,1,15,4.92,4,3,8.33,33,0,25000,1,3,1,0,10.36,1,retained,0
USR0239,37,Jaipur,1,11,9.94,2,24,8.69,4,0,50000,0,1,1,0,1.44,1,retained,0
USR0240,24,Mumbai,1,12,12.54,3,3,7.53,8,0,50000,1,1,1,0,9.72,0,retained,0
USR0241,41,Chennai,1,2,15.25,3,6,8.51,19,0,10000,0,2,0,0,4.83,0,retained,0
USR0242,45,Jaipur,1,15,13.76,2,36,7.27,20,0,50000,1,0,0,0,3.07,1,overwhelmed_firsttimer,1
USR0243,54,Bengaluru,0,4,9.27,5,12,7.24,16,0,50000,0,0,1,0,6.08,1,retained,0
USR0244,45,Gorakhpur,1,6,6.57,5,36,8.64,11,1,10000,0,1,1,0,3.48,1,retained,0
USR0245,32,Bengaluru,1,11,4.53,5,12,8.06,4,0,200000,0,5,1,0,12.46,1,retained,0
USR0246,29,Chennai,1,2,15.57,4,6,8.55,59,1,500000,1,0,1,0,11.26,1,retained,0
USR0247,57,Pune,1,8,14.55,2,12,7.31,52,0,25000,1,4,1,1,14.72,0,retained,0
USR0248,59,Mumbai,1,11,15.43,3,3,8.3,51,0,50000,1,5,0,0,8.24,1,overwhelmed_firsttimer,1
USR0249,61,Surat,1,5,8.82,3,36,7.83,47,0,10000,1,5,1,1,1.79,1,retained,0
USR0250,41,Bhopal,1,14,6.51,3,36,8.29,18,0,50000,1,5,1,0,5.83,1,retained,0
USR0251,56,Delhi,0,10,16.95,4,6,7.37,16,0,10000,1,0,1,0,12.66,1,retained,0
USR0252,46,Gorakhpur,1,3,17.25,4,36,8.65,53,0,25000,1,5,1,0,6.25,1,retained,0
USR0253,56,Nagpur,1,9,10.57,6,6,8.92,34,0,100000,1,5,0,0,7.11,1,overwhelmed_firsttimer,1
USR0254,46,Pune,1,3,13.85,5,24,7.28,40,1,200000,1,3,1,0,6.47,0,kyc_dropout,1
USR0255,50,Lucknow,1,11,8.84,6,3,7.4,12,0,100000,1,0,0,0,3.91,1,overwhelmed_firsttimer,1
USR0256,39,Coimbatore,1,12,15.74,6,12,8.48,32,0,10000,0,5,1,0,1.56,1,comparison_paralysis,1
USR0257,39,Pune,1,12,18.55,4,12,8.59,14,0,50000,0,4,1,1,3.12,1,retained,0
USR0258,23,Pune,1,3,15.45,5,12,8.61,62,1,200000,0,5,0,1,5.78,1,kyc_dropout,1
USR0259,56,Coimbatore,1,7,11.76,5,24,8.55,14,0,25000,1,1,1,0,4.06,1,retained,0
USR0260,37,Nagpur,1,14,10.63,3,3,7.68,30,1,500000,1,0,1,0,8.8,0,retained,0
USR0261,57,Coimbatore,0,11,14.49,4,36,7.68,27,0,200000,1,3,1,0,9.4,0,retained,0
USR0262,54,Mumbai,1,7,15.28,5,36,7.26,9,1,50000,1,4,0,1,8.77,1,kyc_dropout,1
USR0263,25,Bhopal,1,10,12.73,6,3,6.97,56,0,100000,1,2,1,0,1.73,1,comparison_paralysis,1
USR0264,54,Bengaluru,1,11,14.12,2,3,8.58,32,1,10000,1,1,1,0,10.17,1,retained,0
USR0265,35,Bengaluru,0,15,3.03,2,12,6.78,6,0,100000,0,1,1,0,6.08,1,retained,0
USR0266,42,Pune,0,16,20.99,4,36,9.31,4,0,200000,1,1,1,0,13.23,1,retained,0
USR0267,41,Bengaluru,1,12,17.61,3,3,8.98,56,0,500000,1,4,1,1,8.12,0,retained,0
USR0268,29,Jaipur,0,13,8.85,3,36,9.07,39,0,50000,1,0,1,0,1.73,0,retained,0
USR0269,28,Gorakhpur,1,5,12.82,5,3,9.22,27,1,10000,1,0,0,0,0.63,1,retained,0
USR0270,24,Lucknow,1,4,1.99,4,6,7.73,35,0,50000,1,5,1,0,10.69,0,retained,0
USR0271,38,Jaipur,1,14,1.87,2,12,9.04,55,0,50000,0,5,1,0,6.31,0,inactive_browser,1
USR0272,54,Bhopal,1,8,6.27,6,3,6.97,46,0,500000,1,0,1,1,4.68,0,retained,0
USR0273,33,Coimbatore,1,9,15.48,5,24,6.56,39,0,200000,1,5,0,1,6.98,1,overwhelmed_firsttimer,1
USR0274,43,Gorakhpur,0,3,18.9,6,3,8.85,58,0,100000,1,0,0,0,1.55,1,retained,0
USR0275,43,Delhi,0,5,12.74,5,6,6.72,42,0,50000,0,1,0,0,6.18,1,retained,0
USR0276,51,Gorakhpur,1,1,12.17,1,24,9.47,8,0,50000,0,2,1,0,5.06,1,retained,0
USR0277,59,Patna,1,8,9.45,6,24,8.52,5,0,50000,1,1,0,0,12.1,0,overwhelmed_firsttimer,1
USR0278,59,Nagpur,1,17,4.39,4,3,8.76,64,0,10000,1,5,0,0,3.04,1,overwhelmed_firsttimer,1
USR0279,29,Lucknow,1,17,3.49,6,6,7.24,2,0,50000,0,2,1,0,11.47,1,retained,0
USR0280,48,Lucknow,0,11,16.97,6,24,8.52,36,0,50000,1,2,0,0,7.76,1,comparison_paralysis,1
USR0281,48,Gorakhpur,0,2,20.48,5,12,6.63,32,0,200000,1,0,1,0,1.69,1,retained,0
USR0282,55,Coimbatore,1,6,10.62,2,12,9.01,8,0,50000,0,3,1,0,14.56,1,retained,0
USR0283,42,Delhi,0,14,14.85,1,36,7.01,52,1,500000,1,4,1,0,11.15,0,kyc_dropout,1
USR0284,51,Delhi,1,3,20.2,6,36,8.59,50,1,500000,1,3,0,0,4.27,1,kyc_dropout,1
USR0285,54,Lucknow,1,12,2.89,2,6,7.17,25,1,50000,1,2,0,0,8.94,1,kyc_dropout,1
USR0286,49,Bengaluru,1,4,17.18,3,24,6.71,15,0,500000,0,3,0,0,13.55,0,retained,0
USR0287,54,Nagpur,1,12,13.95,1,12,7.94,39,1,200000,0,5,1,0,14.0,0,kyc_dropout,1
USR0288,26,Nagpur,1,13,13.57,1,12,7.01,50,0,10000,0,2,0,1,11.1,1,retained,0
USR0289,40,Lucknow,1,2,7.14,5,6,8.69,38,0,500000,0,1,0,1,11.05,0,retained,0
USR0290,25,Nagpur,1,2,15.36,6,24,7.21,54,0,500000,1,5,1,1,4.52,1,retained,0
USR0291,56,Bengaluru,1,15,17.69,3,6,7.53,35,1,100000,0,1,0,0,14.85,0,retained,0
USR0292,38,Bengaluru,1,17,3.37,5,3,8.2,64,1,200000,1,5,1,0,4.03,1,kyc_dropout,1
USR0293,49,Nagpur,1,7,12.2,4,12,7.35,44,0,500000,1,0,1,0,1.8,0,retained,0
USR0294,51,Pune,0,14,3.13,2,6,7.63,8,0,10000,1,5,0,0,14.67,1,overwhelmed_firsttimer,1
USR0295,50,Nagpur,1,12,19.32,2,6,8.95,36,1,100000,1,4,1,0,2.72,1,kyc_dropout,1
USR0296,27,Bhopal,0,17,11.66,5,3,7.04,0,1,50000,0,1,1,1,8.06,0,retained,0
USR0297,56,Coimbatore,1,14,17.97,2,36,6.75,62,1,200000,0,5,0,0,7.29,1,kyc_dropout,1
USR0298,58,Jaipur,1,6,8.73,6,12,7.49,42,0,500000,1,4,0,0,12.8,0,retained,0
USR0299,45,Nagpur,1,6,3.63,2,6,7.77,27,0,50000,0,0,1,1,6.25,1,retained,0
USR0300,50,Jaipur,1,5,1.87,6,12,8.13,30,0,200000,1,5,0,0,7.78,1,retained,0
USR0301,52,Nagpur,0,6,6.91,4,36,7.62,7,1,100000,1,4,1,0,1.13,0,kyc_dropout,1
USR0302,56,Mumbai,1,2,6.13,3,6,8.87,33,1,500000,1,5,1,1,3.51,1,kyc_dropout,1
USR0303,54,Patna,1,8,12.77,1,3,6.62,48,0,10000,1,1,0,0,12.58,0,overwhelmed_firsttimer,1
USR0304,42,Patna,0,15,1.46,5,12,7.8,57,0,200000,1,1,1,0,7.44,1,comparison_paralysis,1
USR0305,53,Coimbatore,1,15,11.93,5,3,7.65,46,1,10000,1,3,0,0,3.85,1,kyc_dropout,1
USR0306,44,Jaipur,1,11,9.23,6,36,8.44,24,1,50000,0,3,0,0,5.85,1,kyc_dropout,1
USR0307,54,Bengaluru,1,1,13.12,4,36,9.4,2,1,50000,1,5,1,0,4.63,1,kyc_dropout,1
USR0308,24,Jaipur,1,12,15.75,4,12,8.03,44,0,100000,0,3,0,0,8.57,1,retained,0
USR0309,39,Bhopal,1,12,14.32,1,36,9.46,51,1,100000,1,5,1,0,1.25,1,kyc_dropout,1
USR0310,46,Jaipur,0,11,21.68,3,24,7.41,33,1,25000,1,5,1,0,3.76,1,kyc_dropout,1
USR0311,52,Bhopal,0,8,3.9,5,12,6.59,7,0,25000,0,4,0,1,5.65,1,retained,0
USR0312,24,Patna,1,7,10.02,6,24,7.0,26,1,100000,0,1,0,0,13.96,1,retained,0
USR0313,61,Coimbatore,1,2,9.92,4,36,7.69,62,0,500000,1,0,0,1,9.54,1,retained,0
USR0314,45,Nagpur,1,11,9.76,5,12,7.45,24,1,50000,1,2,1,0,7.81,1,kyc_dropout,1
USR0315,53,Patna,1,10,14.94,6,24,6.79,57,1,10000,1,1,0,1,3.27,0,comparison_paralysis,1
USR0316,43,Nagpur,1,3,11.29,2,36,7.8,47,0,100000,1,3,0,0,8.59,0,retained,0
USR0317,44,Nagpur,1,10,11.87,5,6,7.51,0,0,500000,1,5,1,0,13.97,1,retained,0
USR0318,23,Gorakhpur,0,14,10.08,3,6,6.87,7,0,10000,0,3,1,1,8.71,1,retained,0
USR0319,48,Chennai,0,8,21.83,6,3,7.39,20,1,25000,1,4,0,1,2.89,0,kyc_dropout,1
USR0320,23,Chennai,1,10,20.48,3,6,9.16,28,1,10000,1,3,1,1,14.96,1,kyc_dropout,1
USR0321,47,Surat,1,13,7.46,5,24,7.41,29,0,100000,0,4,0,0,7.73,1,comparison_paralysis,1
USR0322,38,Bengaluru,1,8,3.34,2,6,8.64,2,1,50000,1,0,1,0,5.13,1,retained,0
USR0323,61,Coimbatore,1,4,18.64,3,12,8.34,6,0,100000,1,5,0,0,7.8,1,retained,0
USR0324,54,Surat,1,4,21.94,4,12,7.78,10,0,200000,1,3,1,0,4.32,1,retained,0
USR0325,30,Surat,1,5,7.14,6,12,7.22,31,0,500000,1,4,0,0,0.94,0,retained,0
USR0326,60,Gorakhpur,1,1,8.51,5,6,7.61,58,1,500000,1,3,0,0,13.4,1,kyc_dropout,1
USR0327,50,Lucknow,1,17,20.77,2,6,8.28,11,0,500000,0,4,0,1,6.72,1,retained,0
USR0328,47,Pune,0,2,15.93,4,3,7.55,37,1,200000,1,5,1,1,11.42,1,kyc_dropout,1
USR0329,56,Lucknow,0,8,7.21,5,36,7.14,23,0,200000,0,5,0,1,14.58,1,retained,0
USR0330,46,Surat,1,7,13.2,2,3,6.85,64,1,50000,1,1,0,0,9.67,0,retained,0
USR0331,45,Coimbatore,0,15,20.83,4,24,9.14,17,0,500000,0,4,1,0,10.53,1,retained,0
USR0332,34,Surat,1,5,18.05,3,12,7.82,45,1,100000,1,2,0,0,14.18,0,kyc_dropout,1
USR0333,28,Jaipur,1,2,16.58,5,6,8.38,55,0,200000,0,0,1,0,7.99,1,retained,0
USR0334,57,Gorakhpur,1,7,16.48,5,36,7.97,62,1,100000,0,1,1,0,5.14,0,retained,0
USR0335,41,Chennai,1,8,4.74,3,36,9.12,6,1,25000,1,0,0,0,13.86,0,overwhelmed_firsttimer,1
USR0336,22,Coimbatore,1,7,18.32,1,6,8.14,39,1,500000,0,1,1,1,1.5,1,retained,0
USR0337,29,Coimbatore,0,7,6.8,4,3,7.94,53,1,200000,0,3,0,1,3.61,1,kyc_dropout,1
USR0338,37,Pune,1,14,20.54,3,36,9.27,30,1,200000,1,4,1,1,5.45,1,kyc_dropout,1
USR0339,35,Bengaluru,0,6,8.66,5,3,8.66,51,0,50000,0,3,1,0,11.84,1,retained,0
USR0340,33,Nagpur,1,4,19.01,4,6,6.83,30,1,100000,0,0,1,0,13.61,1,retained,0
USR0341,44,Bengaluru,1,10,6.59,4,3,7.03,33,1,50000,0,5,0,1,7.05,1,kyc_dropout,1
USR0342,36,Lucknow,1,12,11.81,1,12,8.86,6,0,50000,0,0,0,0,4.65,1,retained,0
USR0343,49,Delhi,1,16,3.24,5,6,9.01,15,1,100000,1,1,1,1,5.62,1,retained,0
USR0344,55,Nagpur,1,7,14.86,2,6,8.14,21,1,25000,1,0,1,1,10.02,1,retained,0
USR0345,23,Nagpur,1,6,18.56,1,36,8.16,52,1,100000,1,4,0,0,2.79,0,kyc_dropout,1
USR0346,53,Pune,1,5,16.09,1,36,8.4,16,1,25000,0,0,0,1,8.44,1,retained,0
USR0347,44,Lucknow,0,3,11.99,2,36,7.82,3,0,50000,1,3,1,0,9.03,1,retained,0
USR0348,43,Lucknow,1,12,1.95,2,12,8.54,60,0,25000,1,5,1,0,10.76,0,inactive_browser,1
USR0349,46,Lucknow,1,15,20.6,1,12,6.83,51,0,500000,1,4,1,0,9.26,1,retained,0
USR0350,43,Mumbai,1,10,15.82,4,24,9.38,34,0,25000,0,0,1,0,1.91,1,retained,0
USR0351,43,Patna,1,16,16.66,3,6,8.75,43,1,25000,0,2,0,0,10.49,1,kyc_dropout,1
USR0352,27,Delhi,1,11,17.69,3,36,8.39,14,0,200000,0,2,1,0,0.82,0,retained,0
USR0353,36,Patna,1,8,16.7,1,6,7.45,60,0,200000,0,5,1,0,6.16,1,retained,0
USR0354,58,Chennai,1,3,10.26,4,3,6.98,43,1,50000,0,3,0,1,6.55,1,kyc_dropout,1
USR0355,54,Nagpur,0,7,16.41,2,12,7.73,20,1,100000,1,1,1,0,2.19,0,retained,0
USR0356,29,Patna,1,7,14.13,6,24,8.48,46,0,25000,1,1,1,0,0.64,1,retained,0
USR0357,26,Jaipur,1,14,18.93,1,3,8.4,48,0,500000,1,5,1,0,1.53,0,retained,0
USR0358,60,Lucknow,1,2,17.85,5,6,7.65,52,0,200000,1,0,0,1,6.97,1,retained,0
USR0359,25,Lucknow,0,10,1.87,4,12,8.34,26,0,100000,1,4,1,0,3.99,1,retained,0
USR0360,27,Gorakhpur,1,9,8.96,5,36,8.94,30,1,500000,1,5,0,1,1.5,1,kyc_dropout,1
USR0361,53,Coimbatore,0,16,1.73,5,3,6.58,43,1,25000,0,1,1,0,4.22,0,comparison_paralysis,1
USR0362,51,Coimbatore,1,9,3.14,1,12,7.85,31,0,100000,1,2,0,0,8.17,1,overwhelmed_firsttimer,1
USR0363,56,Patna,1,16,13.63,4,6,8.78,29,1,500000,1,1,1,0,11.26,1,retained,0
USR0364,61,Nagpur,1,13,19.35,5,6,8.14,17,0,10000,1,2,0,0,6.47,1,overwhelmed_firsttimer,1
USR0365,37,Gorakhpur,0,10,3.52,4,3,8.45,62,1,500000,1,1,1,0,9.39,0,inactive_browser,1
USR0366,34,Lucknow,1,14,10.47,3,3,8.05,15,0,500000,0,3,1,0,9.15,1,retained,0
USR0367,51,Bengaluru,0,12,20.13,6,3,9.48,34,1,25000,0,5,1,0,13.5,1,kyc_dropout,1
USR0368,40,Patna,0,7,18.1,5,24,6.66,61,0,100000,1,4,0,0,3.1,0,retained,0
USR0369,38,Mumbai,1,15,11.91,5,36,7.97,8,0,25000,1,5,0,0,7.41,1,overwhelmed_firsttimer,1
USR0370,40,Chennai,1,16,17.2,4,12,6.77,61,0,25000,0,0,1,1,9.66,1,retained,0
USR0371,49,Surat,0,8,11.98,6,6,6.98,38,0,10000,1,2,1,1,8.04,1,retained,0
USR0372,47,Jaipur,1,10,4.32,3,6,7.65,50,1,500000,0,1,0,0,7.03,0,retained,0
USR0373,58,Surat,0,4,3.62,5,36,6.97,9,0,100000,1,0,1,0,14.62,1,retained,0
USR0374,47,Mumbai,1,15,4.96,1,3,9.39,51,1,50000,0,2,0,0,14.16,0,kyc_dropout,1
USR0375,44,Mumbai,1,14,8.37,4,3,9.34,11,1,200000,1,5,1,1,9.37,0,kyc_dropout,1
USR0376,30,Bhopal,0,1,20.54,4,6,7.51,61,1,25000,1,2,0,0,6.87,1,kyc_dropout,1
USR0377,33,Bhopal,1,16,17.79,5,36,8.42,2,1,25000,1,3,0,0,11.45,0,kyc_dropout,1
USR0378,22,Pune,0,10,10.09,3,6,8.1,10,0,25000,1,1,1,0,7.94,0,retained,0
USR0379,22,Bhopal,0,3,11.35,5,3,8.95,7,0,25000,1,5,1,0,14.94,1,retained,0
USR0380,55,Lucknow,1,5,6.58,2,12,8.38,22,1,200000,1,0,1,0,10.45,1,retained,0
USR0381,53,Surat,1,9,15.79,5,3,6.5,9,0,50000,1,1,0,0,1.49,1,overwhelmed_firsttimer,1
USR0382,46,Pune,0,11,17.86,6,12,8.79,17,0,10000,0,5,0,0,6.33,1,retained,0
USR0383,61,Surat,1,16,6.02,6,24,8.74,38,1,50000,0,1,1,0,11.09,1,comparison_paralysis,1
USR0384,22,Lucknow,1,2,1.88,2,36,8.03,25,0,200000,0,4,0,1,12.71,1,retained,0
USR0385,37,Chennai,0,12,14.1,6,24,9.21,10,1,100000,1,2,0,0,12.29,0,kyc_dropout,1
USR0386,60,Bhopal,0,6,12.81,6,3,9.23,9,1,10000,1,2,0,0,14.67,1,kyc_dropout,1
USR0387,26,Bengaluru,0,11,9.44,1,36,8.07,2,0,10000,0,4,0,0,7.59,0,retained,0
USR0388,43,Bhopal,1,8,14.52,4,3,8.32,61,1,100000,1,4,0,0,2.53,1,kyc_dropout,1
USR0389,50,Patna,1,12,12.56,6,36,9.49,60,0,500000,1,1,1,0,9.96,1,comparison_paralysis,1
USR0390,24,Mumbai,1,2,6.26,4,36,7.4,3,0,25000,1,2,1,0,1.53,1,retained,0
USR0391,33,Gorakhpur,0,9,9.35,3,3,7.47,60,1,200000,1,0,1,0,14.62,1,retained,0
USR0392,47,Delhi,1,15,9.99,5,3,7.05,7,1,100000,0,3,0,0,11.5,1,kyc_dropout,1
USR0393,37,Bhopal,1,2,19.49,1,36,9.19,12,1,50000,0,5,1,0,14.74,1,kyc_dropout,1
USR0394,58,Jaipur,0,1,21.18,2,36,8.73,11,1,50000,1,4,0,0,5.97,1,kyc_dropout,1
USR0395,43,Patna,1,10,19.75,3,3,6.82,34,0,500000,0,0,0,0,0.73,1,retained,0
USR0396,50,Nagpur,0,2,16.1,1,3,9.45,53,1,100000,1,0,0,0,8.06,1,retained,0
USR0397,35,Lucknow,1,12,13.28,1,6,8.69,50,0,200000,1,1,1,0,2.26,1,retained,0
USR0398,49,Jaipur,1,8,15.47,2,6,9.05,42,0,500000,1,4,1,0,10.35,1,retained,0
USR0399,26,Patna,0,5,20.72,2,6,6.64,14,0,500000,1,0,0,0,7.71,1,retained,0
USR0400,51,Bhopal,0,1,6.25,4,24,8.01,48,1,500000,1,3,1,0,11.42,0,kyc_dropout,1
USR0401,26,Patna,1,15,12.24,5,36,8.6,33,0,10000,0,0,1,0,4.72,1,comparison_paralysis,1
USR0402,33,Nagpur,0,6,15.48,3,12,8.13,38,1,10000,1,3,0,1,12.52,0,kyc_dropout,1
USR0403,37,Chennai,0,12,15.26,5,24,8.5,25,1,25000,1,3,0,0,9.94,1,kyc_dropout,1
USR0404,47,Nagpur,0,8,6.3,3,36,8.95,47,0,200000,0,3,1,0,14.82,1,retained,0
USR0405,47,Nagpur,1,13,13.32,1,12,7.62,50,0,50000,1,4,0,0,3.09,1,overwhelmed_firsttimer,1
USR0406,42,Jaipur,0,1,17.71,6,6,9.05,3,0,50000,1,3,1,1,1.24,1,retained,0
USR0407,60,Jaipur,0,11,10.98,6,12,6.99,26,0,25000,0,4,1,0,12.84,1,comparison_paralysis,1
USR0408,57,Bhopal,0,1,17.66,2,3,7.31,41,1,50000,1,0,1,0,5.41,1,retained,0
USR0409,54,Bengaluru,1,8,8.56,2,3,6.63,55,0,500000,1,3,1,1,6.75,1,retained,0
USR0410,51,Jaipur,1,5,20.71,1,36,7.59,17,1,25000,1,2,1,1,13.92,1,kyc_dropout,1
USR0411,58,Patna,1,17,12.21,1,24,7.64,60,1,25000,1,0,1,1,6.89,1,retained,0
USR0412,44,Gorakhpur,1,8,13.51,3,6,8.92,3,0,100000,1,5,1,0,4.82,1,retained,0
USR0413,31,Surat,1,10,1.66,1,36,8.46,0,1,10000,1,2,0,0,1.36,1,kyc_dropout,1
USR0414,26,Mumbai,1,2,4.58,3,6,7.81,49,0,200000,1,2,1,0,6.92,1,retained,0
USR0415,57,Patna,1,9,14.29,5,3,8.46,19,0,200000,1,1,1,0,10.0,0,retained,0
USR0416,55,Pune,1,3,9.82,2,24,6.66,19,0,10000,0,4,1,0,4.4,0,retained,0
USR0417,52,Nagpur,0,7,11.67,2,24,7.04,45,0,500000,0,1,1,1,10.91,1,retained,0
USR0418,31,Patna,0,15,2.32,6,3,8.38,26,0,200000,1,4,1,1,7.43,1,comparison_paralysis,1
USR0419,40,Coimbatore,1,3,18.52,6,12,8.42,25,1,50000,1,1,1,0,12.94,0,retained,0
USR0420,53,Pune,1,14,17.47,2,24,8.82,31,0,50000,0,0,0,0,2.85,0,retained,0
USR0421,22,Jaipur,1,2,4.89,5,12,7.71,9,1,200000,1,2,1,0,11.48,1,kyc_dropout,1
USR0422,26,Surat,0,14,14.32,5,6,8.67,11,0,100000,1,0,1,0,14.02,0,retained,0
USR0423,25,Bhopal,1,11,18.18,4,24,8.55,23,0,200000,0,4,0,1,11.25,0,retained,0
USR0424,37,Bhopal,1,16,14.46,3,3,9.39,50,0,25000,1,2,1,0,6.39,0,retained,0
USR0425,45,Delhi,1,8,7.52,6,12,7.15,37,1,500000,0,2,1,0,3.84,1,kyc_dropout,1
USR0426,37,Jaipur,0,7,14.78,3,6,8.16,45,0,25000,1,4,1,0,1.93,0,retained,0
USR0427,23,Lucknow,1,11,5.42,6,6,8.31,7,0,10000,1,0,1,1,9.81,1,retained,0
USR0428,49,Patna,1,3,7.68,4,24,9.5,54,0,500000,1,2,0,0,2.57,1,retained,0
USR0429,53,Jaipur,1,17,6.04,2,24,7.1,30,1,500000,1,5,1,0,12.66,1,kyc_dropout,1
USR0430,48,Coimbatore,1,14,12.7,3,36,8.07,15,0,50000,1,0,0,0,14.43,0,overwhelmed_firsttimer,1
USR0431,41,Gorakhpur,1,6,3.27,6,36,7.54,19,1,500000,1,0,0,1,2.47,1,retained,0
USR0432,45,Nagpur,0,8,20.6,3,24,8.08,37,0,100000,0,0,1,0,5.95,0,retained,0
USR0433,33,Surat,1,5,8.0,2,36,7.2,14,1,200000,0,2,1,0,14.09,1,kyc_dropout,1
USR0434,56,Patna,1,8,5.6,1,3,6.64,33,0,25000,1,3,0,0,7.33,1,overwhelmed_firsttimer,1
USR0435,54,Bhopal,1,2,11.43,6,3,8.22,18,0,50000,0,1,0,0,8.26,0,retained,0
USR0436,54,Nagpur,1,15,6.82,1,36,7.51,62,0,50000,1,4,1,0,11.34,1,retained,0
USR0437,58,Gorakhpur,0,12,12.23,4,24,7.05,31,1,100000,1,0,1,0,3.55,0,retained,0
USR0438,33,Lucknow,1,17,8.32,5,3,7.47,36,0,100000,1,2,1,1,14.7,1,comparison_paralysis,1
USR0439,24,Pune,0,1,3.77,3,6,6.65,6,1,100000,1,4,0,1,11.82,1,kyc_dropout,1
USR0440,22,Bhopal,1,15,6.58,6,24,9.35,47,0,100000,1,3,1,0,2.84,1,comparison_paralysis,1
USR0441,54,Surat,1,14,10.21,3,12,8.24,10,0,25000,1,5,0,0,2.11,1,overwhelmed_firsttimer,1
USR0442,61,Patna,1,16,1.64,4,12,8.94,30,0,100000,1,3,0,1,14.06,0,overwhelmed_firsttimer,1
USR0443,31,Delhi,0,9,17.18,4,24,7.77,43,0,50000,1,2,1,0,10.43,1,retained,0
USR0444,50,Patna,1,1,14.06,3,36,9.21,44,1,50000,1,0,1,0,1.06,1,retained,0
USR0445,34,Bengaluru,0,17,13.63,6,3,7.95,55,1,500000,1,3,1,0,2.56,0,kyc_dropout,1
USR0446,33,Lucknow,1,13,12.47,2,3,8.22,31,1,200000,1,3,1,1,1.19,1,kyc_dropout,1
USR0447,52,Jaipur,1,5,13.4,2,24,7.98,20,0,50000,1,3,1,0,14.62,1,retained,0
USR0448,23,Bengaluru,1,10,20.63,5,6,8.7,30,0,50000,1,5,1,0,7.72,1,comparison_paralysis,1
USR0449,56,Surat,1,6,1.18,3,36,8.2,0,1,25000,0,2,1,0,7.2,1,kyc_dropout,1
USR0450,44,Nagpur,1,13,2.0,3,6,7.31,10,0,500000,0,4,1,0,14.36,1,retained,0
USR0451,38,Delhi,1,1,5.02,6,24,6.94,35,1,50000,1,1,0,0,7.82,1,retained,0
USR0452,47,Gorakhpur,1,15,4.51,3,24,8.32,58,0,10000,1,2,1,1,8.01,0,retained,0
USR0453,29,Pune,0,14,4.81,6,6,7.97,55,1,50000,1,0,1,1,14.77,1,comparison_paralysis,1
USR0454,50,Pune,1,8,15.11,3,12,6.79,50,1,200000,0,2,0,0,2.12,1,kyc_dropout,1
USR0455,47,Coimbatore,1,10,10.65,4,24,7.69,28,1,200000,1,2,1,0,14.79,0,kyc_dropout,1
USR0456,31,Mumbai,1,9,21.83,1,36,8.04,1,0,500000,1,5,0,0,2.9,1,overwhelmed_firsttimer,1
USR0457,47,Coimbatore,1,17,5.76,3,6,8.98,5,0,500000,1,1,0,0,7.36,1,overwhelmed_firsttimer,1
USR0458,55,Coimbatore,1,9,7.53,1,12,6.73,30,0,100000,0,1,1,0,5.4,1,retained,0
USR0459,28,Patna,0,3,21.67,2,6,7.55,53,1,25000,0,1,0,1,14.35,1,retained,0
USR0460,25,Surat,1,11,18.47,5,12,8.97,39,1,200000,1,4,0,0,7.54,0,kyc_dropout,1
USR0461,32,Jaipur,1,12,10.87,2,12,8.45,16,0,10000,1,2,1,0,0.83,0,retained,0
USR0462,50,Nagpur,1,10,12.65,3,36,7.37,4,0,10000,1,5,1,0,3.71,1,retained,0
USR0463,57,Jaipur,0,17,18.71,6,24,9.04,1,0,100000,1,0,1,0,6.75,1,retained,0
USR0464,46,Jaipur,1,17,11.1,2,12,7.98,57,1,25000,1,1,1,0,10.31,0,retained,0
USR0465,42,Lucknow,0,11,5.33,4,24,8.0,11,0,25000,1,1,1,0,8.65,1,retained,0
USR0466,57,Pune,0,4,18.4,1,36,9.43,4,1,500000,1,2,1,0,12.82,1,kyc_dropout,1
USR0467,31,Gorakhpur,1,7,12.29,6,24,9.34,59,0,50000,1,0,1,0,12.51,0,retained,0
USR0468,58,Bengaluru,1,14,4.21,6,3,7.58,40,0,10000,0,5,1,1,9.06,1,comparison_paralysis,1
USR0469,30,Delhi,1,7,11.62,3,12,6.92,19,1,10000,1,1,0,0,8.78,1,retained,0
USR0470,45,Surat,1,8,9.68,4,36,7.48,0,0,10000,1,2,0,0,4.53,1,overwhelmed_firsttimer,1
USR0471,56,Lucknow,1,1,19.41,1,6,6.59,55,0,10000,1,3,1,1,14.39,1,retained,0
USR0472,56,Bengaluru,1,4,3.65,4,36,6.56,55,0,200000,1,5,0,0,1.61,1,inactive_browser,1
USR0473,57,Surat,0,12,19.38,2,12,7.69,53,0,25000,1,4,0,0,6.26,1,overwhelmed_firsttimer,1
USR0474,39,Mumbai,0,3,11.76,3,36,9.32,10,0,50000,1,5,1,0,10.08,0,retained,0
USR0475,60,Surat,1,13,9.49,6,6,9.11,2,0,200000,1,2,1,0,14.21,1,retained,0
USR0476,53,Surat,1,6,4.4,6,3,8.03,27,1,25000,0,1,0,0,7.77,1,retained,0
USR0477,45,Jaipur,1,11,15.72,2,12,8.2,4,0,100000,1,5,1,1,13.49,0,retained,0
USR0478,44,Surat,1,4,20.46,6,12,6.52,15,1,10000,0,0,0,0,2.02,1,retained,0
USR0479,53,Gorakhpur,1,16,8.88,5,36,7.15,30,1,50000,1,3,1,0,8.21,0,kyc_dropout,1
USR0480,58,Coimbatore,1,7,6.07,3,24,6.57,27,1,25000,0,0,1,0,5.08,1,retained,0
USR0481,33,Coimbatore,0,11,12.65,2,24,8.76,6,1,100000,1,0,0,0,12.04,1,overwhelmed_firsttimer,1
USR0482,34,Mumbai,0,1,17.72,3,6,6.94,8,0,10000,1,0,1,0,6.95,1,retained,0
USR0483,44,Surat,1,7,1.08,1,3,9.11,38,0,100000,0,2,1,0,7.39,1,inactive_browser,1
USR0484,46,Jaipur,1,12,14.26,3,3,8.43,42,1,100000,1,2,0,0,1.44,0,kyc_dropout,1
USR0485,56,Bhopal,1,7,13.53,3,36,7.19,26,0,200000,1,5,0,0,6.85,1,retained,0
USR0486,51,Bhopal,1,7,7.68,1,36,6.97,32,0,100000,0,4,0,0,1.67,1,retained,0
USR0487,38,Bengaluru,0,10,10.48,2,24,8.38,55,0,200000,0,3,1,0,4.84,0,retained,0
USR0488,41,Patna,1,16,6.19,3,3,9.2,1,0,500000,1,5,0,0,2.34,1,overwhelmed_firsttimer,1
USR0489,46,Coimbatore,0,8,17.59,4,3,8.66,13,0,200000,0,0,0,0,5.35,1,retained,0
USR0490,43,Coimbatore,1,9,14.33,3,3,7.55,12,0,100000,1,5,1,0,3.8,1,retained,0
USR0491,34,Chennai,1,9,12.19,2,6,8.26,23,0,25000,1,1,0,0,4.64,1,overwhelmed_firsttimer,1
USR0492,40,Jaipur,1,2,9.24,6,6,7.43,33,1,100000,1,5,0,0,2.65,1,kyc_dropout,1
USR0493,57,Surat,0,13,7.12,1,36,9.5,18,0,100000,0,5,1,0,6.87,1,retained,0
USR0494,33,Nagpur,1,13,18.28,6,24,8.75,29,1,25000,0,0,0,1,7.71,1,comparison_paralysis,1
USR0495,40,Jaipur,1,4,10.48,2,12,8.34,48,0,10000,0,5,1,1,12.63,1,retained,0
USR0496,33,Chennai,1,12,11.53,5,24,7.77,42,1,50000,1,3,1,0,8.31,1,kyc_dropout,1
USR0497,30,Coimbatore,1,17,11.94,6,6,8.35,15,0,500000,1,0,1,0,3.82,0,retained,0
USR0498,28,Bengaluru,1,2,10.42,3,6,7.52,51,0,10000,0,2,1,1,11.17,1,retained,0
USR0499,49,Jaipur,1,13,6.38,3,36,6.59,48,0,100000,1,2,1,0,4.81,1,retained,0
USR0500,35,Coimbatore,0,15,3.53,1,12,7.69,10,0,10000,1,5,1,0,11.47,1,retained,0
USR0501,52,Gorakhpur,1,8,3.07,3,3,9.29,46,1,50000,0,5,0,1,6.11,1,kyc_dropout,1
USR0502,40,Delhi,1,15,16.91,4,12,8.38,34,1,10000,0,3,0,0,7.95,0,kyc_dropout,1
USR0503,37,Coimbatore,1,1,5.69,4,12,6.75,28,0,50000,0,4,1,0,7.8,1,retained,0
USR0504,26,Patna,1,10,2.17,6,12,9.15,53,0,10000,0,0,0,0,14.36,1,comparison_paralysis,1
USR0505,56,Surat,1,12,17.75,2,36,7.31,22,0,200000,1,3,1,0,2.73,0,retained,0
USR0506,33,Pune,0,5,4.24,1,6,7.23,23,0,100000,1,5,1,1,14.11,1,retained,0
USR0507,46,Chennai,1,9,14.13,5,3,7.39,9,0,50000,1,5,0,0,8.65,1,overwhelmed_firsttimer,1
USR0508,42,Bhopal,1,8,8.11,6,12,8.23,60,1,500000,1,5,1,0,14.91,1,kyc_dropout,1
USR0509,57,Patna,1,16,3.66,2,3,8.13,7,0,100000,0,5,1,0,8.81,1,retained,0
USR0510,44,Bengaluru,1,14,9.7,1,12,7.97,47,1,200000,0,1,0,0,10.02,1,retained,0
USR0511,37,Nagpur,1,13,1.31,1,6,8.65,28,1,10000,1,5,1,0,11.37,1,kyc_dropout,1
USR0512,60,Coimbatore,1,13,18.66,6,3,7.45,25,1,100000,1,5,0,0,12.42,0,kyc_dropout,1
USR0513,60,Patna,1,5,11.78,2,24,8.85,36,0,10000,0,1,1,0,7.42,1,retained,0
USR0514,35,Delhi,1,16,3.92,2,6,7.03,51,1,10000,0,4,1,1,10.34,0,kyc_dropout,1
USR0515,52,Coimbatore,0,11,5.98,3,3,8.85,37,1,100000,1,2,1,0,9.42,1,kyc_dropout,1
USR0516,26,Surat,1,5,10.41,5,12,8.49,5,0,50000,1,5,0,0,6.4,0,retained,0
USR0517,56,Gorakhpur,1,13,4.97,4,12,8.55,7,0,50000,1,5,0,0,12.4,1,overwhelmed_firsttimer,1
USR0518,44,Jaipur,1,11,6.64,3,6,7.94,16,1,100000,0,3,1,0,3.29,0,kyc_dropout,1
USR0519,50,Bhopal,1,3,12.22,1,6,8.5,61,1,50000,0,0,1,0,2.92,0,retained,0
USR0520,32,Patna,1,15,18.48,5,12,6.74,33,0,25000,1,3,1,0,11.18,1,comparison_paralysis,1
USR0521,39,Surat,1,7,9.44,5,3,9.05,18,0,10000,0,5,1,0,9.74,0,retained,0
USR0522,33,Lucknow,1,7,16.06,2,24,6.67,36,0,100000,1,4,1,0,5.11,1,retained,0
USR0523,30,Coimbatore,1,6,19.41,5,36,6.95,37,0,500000,1,3,0,0,9.71,1,retained,0
USR0524,31,Mumbai,1,3,5.54,6,6,8.23,14,0,200000,0,4,1,0,11.67,1,retained,0
USR0525,38,Surat,1,13,17.95,5,12,8.72,39,0,100000,1,4,1,0,3.65,1,comparison_paralysis,1
USR0526,59,Nagpur,1,7,16.91,1,3,6.73,8,1,100000,0,5,0,1,8.93,1,kyc_dropout,1
USR0527,28,Surat,1,5,8.5,6,6,9.26,52,1,10000,1,4,1,1,12.46,1,kyc_dropout,1
USR0528,34,Gorakhpur,1,8,21.78,6,3,9.42,51,1,200000,1,3,1,0,6.46,1,kyc_dropout,1
USR0529,61,Nagpur,1,17,6.51,3,6,8.32,0,0,10000,0,1,0,1,8.79,1,retained,0
USR0530,30,Patna,1,1,6.35,5,12,7.94,29,1,500000,1,0,0,0,1.64,0,retained,0
USR0531,48,Gorakhpur,1,14,17.22,2,3,8.72,0,0,50000,1,4,1,1,12.54,0,retained,0
USR0532,23,Surat,0,17,10.13,3,12,7.49,38,0,100000,0,5,0,0,12.04,1,retained,0
USR0533,26,Delhi,1,10,7.95,2,3,7.98,15,1,10000,0,2,1,0,7.12,0,kyc_dropout,1
USR0534,50,Bhopal,1,12,4.75,5,6,9.25,16,0,500000,0,4,1,1,2.23,1,retained,0
USR0535,58,Coimbatore,1,16,17.07,3,36,9.37,21,0,500000,1,3,0,1,10.08,1,overwhelmed_firsttimer,1
USR0536,59,Jaipur,1,14,17.51,5,36,9.28,30,0,25000,0,4,1,0,8.81,1,comparison_paralysis,1
USR0537,40,Lucknow,1,16,12.9,1,24,7.29,39,0,100000,1,2,0,0,13.83,0,overwhelmed_firsttimer,1
USR0538,29,Nagpur,1,8,21.1,3,24,7.2,26,1,500000,1,1,0,1,4.56,1,overwhelmed_firsttimer,1
USR0539,22,Coimbatore,1,10,7.68,2,12,7.39,35,1,50000,1,3,0,0,0.97,0,kyc_dropout,1
USR0540,43,Patna,1,17,5.61,1,3,7.82,3,1,10000,0,3,1,0,4.19,1,kyc_dropout,1
USR0541,38,Lucknow,1,16,15.23,4,24,7.44,24,1,10000,0,5,0,0,6.7,1,kyc_dropout,1
USR0542,28,Jaipur,0,17,16.93,2,6,7.62,29,1,25000,0,3,0,1,2.75,0,kyc_dropout,1
USR0543,46,Mumbai,1,16,5.72,5,36,8.36,46,1,50000,0,2,1,1,14.71,1,kyc_dropout,1
USR0544,25,Delhi,1,8,2.61,2,3,8.79,11,0,500000,1,3,1,1,3.72,1,retained,0
USR0545,57,Gorakhpur,1,6,18.02,4,36,8.71,26,1,25000,0,1,0,0,10.33,1,retained,0
USR0546,27,Gorakhpur,1,6,21.51,2,3,8.94,44,0,500000,1,0,0,0,7.08,1,retained,0
USR0547,52,Jaipur,1,9,14.54,1,24,6.6,62,1,500000,0,0,1,0,8.55,0,retained,0
USR0548,40,Patna,1,4,6.84,6,24,6.64,54,0,100000,0,4,1,0,14.02,1,retained,0
USR0549,60,Patna,1,12,21.93,2,12,8.87,29,1,200000,0,0,1,0,8.21,1,retained,0
USR0550,48,Nagpur,1,12,19.76,3,3,8.1,13,1,500000,0,2,0,0,4.93,0,kyc_dropout,1
USR0551,31,Delhi,1,17,11.78,4,6,8.23,55,1,10000,0,0,0,0,3.7,1,retained,0
USR0552,47,Surat,1,15,18.33,2,24,6.66,18,1,500000,1,2,1,0,13.43,1,kyc_dropout,1
USR0553,40,Delhi,0,9,18.13,4,12,7.27,25,0,25000,1,2,1,0,14.81,1,retained,0
USR0554,60,Gorakhpur,0,7,20.63,6,24,8.42,37,0,500000,0,4,1,0,4.15,0,retained,0
USR0555,24,Gorakhpur,1,10,18.66,1,36,9.08,35,0,10000,1,0,1,1,10.97,1,retained,0
USR0556,34,Bhopal,1,16,14.52,3,24,9.25,17,0,10000,0,4,1,0,7.83,1,retained,0
USR0557,49,Jaipur,1,12,13.8,5,3,8.0,56,0,25000,0,3,0,0,10.63,0,comparison_paralysis,1
USR0558,41,Surat,1,7,10.81,2,12,8.14,22,0,10000,1,1,1,0,14.48,1,retained,0
USR0559,49,Bengaluru,1,15,14.16,1,3,9.0,13,0,50000,1,0,0,0,4.5,1,overwhelmed_firsttimer,1
USR0560,29,Delhi,1,6,17.7,4,6,8.11,21,1,50000,1,3,1,0,11.23,0,kyc_dropout,1
USR0561,60,Surat,1,12,21.35,6,6,8.05,27,1,200000,0,5,1,1,6.85,1,kyc_dropout,1
USR0562,22,Nagpur,1,11,10.81,4,24,9.22,42,0,50000,1,3,1,1,9.96,0,retained,0
USR0563,24,Bhopal,0,3,13.05,6,12,8.87,17,0,25000,1,4,0,0,6.4,1,retained,0
USR0564,34,Pune,1,2,10.34,6,12,9.23,35,0,500000,1,4,1,0,10.77,1,retained,0
USR0565,49,Gorakhpur,1,6,15.04,1,12,7.15,6,0,50000,1,1,0,0,5.39,0,retained,0
USR0566,46,Mumbai,1,5,14.23,2,12,8.07,22,0,200000,1,1,0,0,7.58,1,retained,0
USR0567,54,Bengaluru,0,16,1.37,5,24,9.03,33,0,100000,1,1,1,0,10.78,1,comparison_paralysis,1
USR0568,59,Patna,1,8,12.36,2,3,6.83,20,0,100000,1,1,1,0,1.12,1,retained,0
USR0569,27,Nagpur,1,11,2.86,3,24,8.88,46,0,25000,1,4,1,1,5.26,1,inactive_browser,1
USR0570,53,Patna,1,10,1.55,2,3,7.05,52,0,200000,1,2,1,1,8.42,0,inactive_browser,1
USR0571,42,Bengaluru,1,12,17.62,6,36,8.92,40,0,50000,0,4,0,1,1.57,0,comparison_paralysis,1
USR0572,37,Jaipur,1,6,6.43,6,36,8.34,31,1,200000,1,2,0,1,10.7,0,kyc_dropout,1
USR0573,42,Coimbatore,1,5,8.15,3,3,7.08,13,1,10000,1,4,0,0,12.29,1,kyc_dropout,1
USR0574,32,Pune,1,9,2.35,4,24,7.92,16,0,200000,1,5,1,0,2.87,1,retained,0
USR0575,58,Gorakhpur,1,16,4.77,6,6,8.55,24,0,50000,1,4,1,0,11.14,1,comparison_paralysis,1
USR0576,57,Bengaluru,1,14,17.08,3,24,8.4,63,0,25000,1,1,1,0,9.87,1,retained,0
USR0577,56,Jaipur,1,8,11.36,6,6,7.78,47,0,10000,1,2,1,0,6.46,1,retained,0
USR0578,40,Patna,1,14,19.49,5,24,9.2,34,0,200000,1,3,1,1,2.89,0,comparison_paralysis,1
USR0579,41,Jaipur,1,7,9.34,6,12,8.06,36,0,100000,1,5,0,0,14.35,1,retained,0
USR0580,39,Lucknow,1,5,6.64,1,12,8.02,54,0,50000,0,3,0,0,7.23,0,retained,0
USR0581,35,Lucknow,1,2,8.3,3,36,6.69,16,0,25000,1,5,1,0,3.16,0,retained,0
USR0582,36,Surat,0,11,15.97,2,36,9.27,27,1,500000,1,3,1,0,10.91,1,kyc_dropout,1
USR0583,52,Bengaluru,1,8,12.66,3,3,7.03,0,0,50000,0,1,1,0,9.31,1,retained,0
USR0584,22,Chennai,1,1,19.99,4,6,8.09,52,0,200000,0,3,1,1,12.33,1,retained,0
USR0585,24,Nagpur,1,12,13.65,6,12,8.91,54,0,25000,0,4,1,0,14.94,0,comparison_paralysis,1
USR0586,37,Surat,1,2,11.35,3,24,7.15,60,0,100000,0,1,0,0,1.15,1,retained,0
USR0587,44,Lucknow,0,7,17.5,5,3,8.08,12,1,10000,1,3,0,1,11.22,0,kyc_dropout,1
USR0588,32,Pune,1,17,20.9,3,24,7.22,46,1,200000,1,1,1,0,14.84,1,retained,0
USR0589,33,Lucknow,0,14,8.47,5,12,8.78,63,0,25000,1,4,0,0,8.3,1,comparison_paralysis,1
USR0590,31,Gorakhpur,1,7,6.25,6,12,8.19,31,1,10000,0,1,1,0,10.88,0,retained,0
USR0591,53,Pune,1,3,13.94,2,12,9.07,27,0,25000,1,3,0,0,6.9,1,retained,0
USR0592,37,Nagpur,1,6,11.48,6,12,9.18,52,0,500000,1,1,1,1,5.67,0,retained,0
USR0593,29,Chennai,1,2,21.77,4,24,8.45,30,0,200000,1,5,0,0,10.6,1,retained,0
USR0594,59,Gorakhpur,1,17,10.71,1,3,8.68,7,1,25000,1,0,0,0,14.83,0,overwhelmed_firsttimer,1
USR0595,33,Surat,1,12,2.56,2,12,8.15,24,0,100000,0,3,1,0,1.83,1,retained,0
USR0596,45,Lucknow,1,12,21.52,2,36,7.65,32,0,25000,1,4,0,0,6.62,0,overwhelmed_firsttimer,1
USR0597,49,Mumbai,1,17,18.72,1,3,8.44,6,0,200000,1,2,0,0,14.14,1,overwhelmed_firsttimer,1
USR0598,29,Chennai,0,10,4.74,3,36,9.22,45,1,25000,1,1,1,0,2.14,1,retained,0
USR0599,49,Gorakhpur,1,3,20.0,6,24,7.75,4,1,10000,1,5,1,0,9.94,1,kyc_dropout,1
USR0600,57,Surat,1,13,8.15,3,12,7.44,16,1,10000,1,1,0,0,6.74,1,overwhelmed_firsttimer,1
USR0601,47,Coimbatore,1,12,8.92,3,3,7.67,51,1,500000,1,3,0,0,5.96,1,kyc_dropout,1
USR0602,29,Patna,1,17,20.03,6,12,7.81,11,1,50000,1,5,1,0,3.54,0,kyc_dropout,1
USR0603,49,Patna,1,4,12.13,4,12,6.72,61,1,500000,0,3,1,1,3.06,0,kyc_dropout,1
USR0604,49,Lucknow,1,10,3.89,2,3,8.0,34,1,50000,1,0,1,0,7.99,1,retained,0
USR0605,58,Surat,1,11,8.75,5,12,7.98,61,1,100000,0,4,0,0,5.97,0,kyc_dropout,1
USR0606,57,Delhi,1,6,16.16,1,12,8.27,20,0,10000,0,5,1,0,7.63,1,retained,0
USR0607,48,Lucknow,1,6,4.66,2,6,7.59,52,0,50000,0,5,0,0,3.34,1,retained,0
USR0608,38,Lucknow,1,9,13.39,3,6,8.34,20,1,25000,0,1,0,0,5.58,1,retained,0
USR0609,30,Patna,0,15,15.6,1,3,9.13,14,1,100000,0,1,0,0,14.95,0,retained,0
USR0610,54,Chennai,1,2,8.22,5,3,9.37,22,1,200000,1,2,0,0,5.84,0,kyc_dropout,1
USR0611,41,Jaipur,1,4,15.57,2,12,8.25,30,1,50000,0,5,1,0,6.48,0,kyc_dropout,1
USR0612,34,Bhopal,1,5,19.57,2,36,6.63,53,1,500000,1,1,0,0,0.79,1,retained,0
USR0613,49,Mumbai,0,17,10.91,4,3,9.41,54,0,50000,1,1,1,1,6.02,1,retained,0
USR0614,50,Bengaluru,0,8,9.04,2,12,8.62,25,0,500000,0,0,1,1,11.57,1,retained,0
USR0615,34,Jaipur,1,8,6.27,2,36,7.51,52,0,500000,1,2,0,0,7.98,0,overwhelmed_firsttimer,1
USR0616,56,Bengaluru,0,12,13.69,5,6,6.94,38,0,10000,1,1,1,0,10.03,0,comparison_paralysis,1
USR0617,27,Gorakhpur,1,8,19.48,5,3,6.93,6,0,100000,1,1,1,0,8.57,1,retained,0
USR0618,39,Pune,0,3,7.82,1,12,7.0,38,0,500000,1,4,1,0,2.03,0,retained,0
USR0619,26,Nagpur,0,15,9.32,3,6,6.64,31,0,10000,1,5,0,1,5.32,1,overwhelmed_firsttimer,1
USR0620,46,Nagpur,0,6,9.54,5,24,9.21,25,1,10000,1,1,0,0,10.57,0,retained,0
USR0621,23,Surat,1,16,12.78,1,6,8.12,28,0,500000,0,0,0,0,8.45,0,retained,0
USR0622,31,Mumbai,0,8,5.8,2,12,8.6,24,1,100000,1,1,1,0,10.29,1,retained,0
USR0623,51,Bhopal,1,16,18.27,1,36,8.98,55,1,25000,1,5,0,0,5.72,0,kyc_dropout,1
USR0624,26,Mumbai,1,16,7.21,1,24,8.87,30,0,50000,1,1,1,0,3.31,1,retained,0
USR0625,54,Patna,1,11,15.81,1,24,9.15,1,0,10000,0,3,0,0,12.53,1,retained,0
USR0626,22,Nagpur,1,7,11.78,6,24,9.4,46,1,50000,1,1,1,0,5.96,1,retained,0
USR0627,39,Surat,1,17,13.3,1,3,7.82,28,1,100000,0,2,1,0,10.0,1,kyc_dropout,1
USR0628,53,Coimbatore,1,17,4.77,5,12,9.35,48,0,25000,1,5,0,0,6.03,0,comparison_paralysis,1
USR0629,32,Gorakhpur,1,12,16.44,6,24,8.67,31,0,200000,1,5,1,1,13.95,0,comparison_paralysis,1
USR0630,42,Coimbatore,1,13,4.96,3,6,6.71,29,0,25000,1,3,1,0,14.88,0,retained,0
USR0631,47,Nagpur,1,10,3.38,1,36,8.55,14,0,100000,1,2,1,0,9.91,1,retained,0
USR0632,46,Nagpur,1,7,12.48,4,12,8.56,61,0,25000,1,2,1,0,9.23,1,retained,0
USR0633,43,Patna,1,14,15.9,2,6,9.22,16,0,200000,1,5,1,0,12.69,1,retained,0
USR0634,48,Coimbatore,1,1,2.05,2,3,7.62,21,0,10000,1,0,1,0,7.99,0,retained,0
USR0635,34,Lucknow,0,17,2.46,6,24,8.25,29,1,25000,1,1,1,0,13.11,1,comparison_paralysis,1
USR0636,54,Lucknow,1,4,17.86,2,6,6.54,15,1,500000,1,2,0,0,6.49,0,kyc_dropout,1
USR0637,55,Patna,1,5,17.99,2,12,7.5,51,1,500000,0,1,0,0,0.96,0,retained,0
USR0638,56,Lucknow,1,7,6.15,6,6,6.69,7,1,100000,1,1,0,0,13.94,1,retained,0
USR0639,22,Chennai,1,10,13.92,2,3,8.07,63,1,25000,1,0,0,0,10.96,1,overwhelmed_firsttimer,1
USR0640,42,Surat,1,17,10.31,1,36,8.95,38,0,200000,0,0,1,0,7.91,0,retained,0
USR0641,27,Surat,1,7,14.29,3,24,7.12,30,0,100000,1,2,1,0,14.2,0,retained,0
USR0642,49,Patna,1,1,19.12,6,12,8.08,11,1,25000,0,2,1,0,13.36,1,kyc_dropout,1
USR0643,38,Mumbai,1,7,2.68,4,24,7.11,32,1,100000,1,5,0,0,2.07,1,kyc_dropout,1
USR0644,26,Coimbatore,1,11,17.34,6,24,6.86,57,0,500000,0,3,1,1,9.55,1,comparison_paralysis,1
USR0645,52,Patna,1,9,11.35,5,24,8.03,11,0,200000,1,1,1,1,8.3,0,retained,0
USR0646,26,Lucknow,1,12,12.85,4,6,6.74,24,1,10000,0,5,1,0,11.76,1,kyc_dropout,1
USR0647,59,Coimbatore,1,3,14.73,5,6,8.26,37,0,200000,1,1,0,1,4.86,1,retained,0
USR0648,24,Bhopal,1,4,20.38,6,36,6.59,47,0,10000,1,0,0,0,0.62,1,retained,0
USR0649,44,Lucknow,1,4,2.19,5,3,6.82,54,1,50000,1,0,0,0,3.19,0,inactive_browser,1
USR0650,58,Chennai,1,13,1.62,4,12,8.15,2,0,500000,1,5,1,0,3.56,0,retained,0
USR0651,58,Gorakhpur,1,10,4.74,1,6,8.27,34,1,500000,1,2,0,0,4.73,1,kyc_dropout,1
USR0652,31,Jaipur,1,5,21.72,6,24,6.59,50,1,500000,1,3,1,0,5.87,1,kyc_dropout,1
USR0653,31,Coimbatore,0,7,16.02,6,3,8.22,26,0,200000,0,3,0,0,10.75,0,retained,0
USR0654,40,Chennai,0,16,13.91,2,12,9.02,36,0,10000,0,0,0,0,1.58,1,retained,0
USR0655,38,Mumbai,1,1,1.99,6,12,8.67,15,0,50000,0,0,0,1,7.55,1,retained,0
USR0656,42,Coimbatore,1,12,19.46,6,12,6.89,24,0,50000,1,3,1,0,7.73,1,comparison_paralysis,1
USR0657,35,Coimbatore,1,2,18.07,1,12,8.28,32,1,50000,1,3,1,0,9.43,1,kyc_dropout,1
USR0658,30,Lucknow,1,7,14.96,2,36,8.52,61,0,100000,1,2,1,1,5.0,1,retained,0
USR0659,22,Pune,1,11,8.12,3,12,6.61,16,0,200000,1,3,0,0,4.27,0,overwhelmed_firsttimer,1
USR0660,34,Chennai,1,13,2.48,5,3,9.07,42,0,200000,1,1,0,0,7.52,1,comparison_paralysis,1
USR0661,25,Coimbatore,1,2,13.18,4,6,9.22,29,0,500000,0,3,1,0,10.06,1,retained,0
USR0662,22,Bengaluru,1,7,16.11,3,3,9.05,40,0,200000,0,4,0,0,1.15,1,retained,0
USR0663,61,Nagpur,1,15,2.98,2,24,8.97,3,1,200000,1,3,0,0,4.76,1,kyc_dropout,1
USR0664,53,Coimbatore,1,11,14.31,1,36,8.73,59,0,100000,0,0,0,1,11.92,1,retained,0
USR0665,55,Bengaluru,1,2,7.01,4,36,8.4,8,0,200000,1,0,0,0,7.52,0,retained,0
USR0666,49,Coimbatore,1,7,17.05,5,24,8.54,30,0,10000,0,4,0,1,14.3,1,retained,0
USR0667,52,Mumbai,0,4,12.33,6,3,8.92,23,1,50000,1,1,0,0,13.08,1,retained,0
USR0668,29,Jaipur,1,11,3.71,6,3,8.49,23,0,100000,1,3,1,0,5.49,0,comparison_paralysis,1
USR0669,60,Bengaluru,0,2,12.06,3,24,7.48,44,1,100000,1,3,1,0,11.03,1,kyc_dropout,1
USR0670,47,Surat,1,16,9.31,5,12,7.63,36,0,500000,1,4,1,1,4.48,0,comparison_paralysis,1
USR0671,55,Jaipur,1,7,4.79,2,12,9.19,57,1,200000,0,2,0,0,3.04,1,kyc_dropout,1
USR0672,24,Bhopal,1,13,18.67,5,6,6.55,22,0,50000,0,2,1,1,13.27,1,comparison_paralysis,1
USR0673,33,Surat,1,5,1.23,1,3,8.6,34,1,10000,0,1,0,0,5.58,1,retained,0
USR0674,22,Patna,1,17,7.55,3,3,9.36,62,0,50000,0,3,1,0,3.45,0,retained,0
USR0675,26,Patna,1,12,1.26,3,24,8.62,5,1,25000,1,3,1,0,14.49,1,kyc_dropout,1
USR0676,51,Gorakhpur,1,7,3.02,1,24,9.48,5,0,50000,1,3,1,0,0.95,1,retained,0
USR0677,51,Mumbai,0,6,7.24,5,12,8.56,29,1,10000,0,0,1,0,5.82,1,retained,0
USR0678,38,Bengaluru,1,8,2.14,1,3,6.6,0,1,10000,1,5,0,0,1.06,0,kyc_dropout,1
USR0679,44,Lucknow,1,13,13.53,4,3,8.98,62,0,10000,1,2,1,0,7.81,1,retained,0
USR0680,36,Mumbai,1,5,2.82,1,36,7.35,7,0,100000,1,5,1,1,6.32,0,retained,0
USR0681,58,Nagpur,1,2,15.74,5,6,7.84,27,1,100000,1,4,1,1,10.95,1,kyc_dropout,1
USR0682,42,Surat,1,9,2.11,1,6,7.44,32,0,25000,1,5,1,0,14.33,1,retained,0
USR0683,35,Surat,0,11,2.25,2,12,7.31,52,1,50000,1,0,0,0,8.04,1,overwhelmed_firsttimer,1
USR0684,23,Mumbai,1,6,7.41,6,3,7.79,37,0,200000,1,0,0,0,4.64,1,retained,0
USR0685,32,Patna,0,7,19.83,1,36,7.64,51,0,500000,1,2,1,1,13.15,1,retained,0
USR0686,60,Gorakhpur,0,7,14.47,6,3,8.4,10,1,25000,0,3,0,1,9.27,1,kyc_dropout,1
USR0687,59,Pune,1,6,17.17,1,24,8.94,1,0,200000,0,1,0,0,8.53,1,retained,0
USR0688,55,Bhopal,0,11,3.97,5,12,7.39,52,1,200000,1,5,1,0,3.23,0,kyc_dropout,1
USR0689,59,Gorakhpur,1,11,18.52,4,6,7.14,6,1,25000,0,4,0,0,1.09,1,kyc_dropout,1
USR0690,55,Lucknow,0,7,1.17,4,3,8.5,8,0,50000,1,2,1,0,7.19,1,retained,0
USR0691,39,Delhi,1,2,5.47,6,12,8.51,62,1,500000,1,1,1,1,8.16,1,retained,0
USR0692,51,Mumbai,0,4,13.94,5,6,9.2,10,1,200000,1,2,0,1,2.34,0,kyc_dropout,1
USR0693,36,Jaipur,1,6,8.88,5,3,6.55,36,0,100000,0,2,1,0,1.36,0,retained,0
USR0694,48,Patna,1,17,21.67,5,36,9.06,13,1,100000,1,2,0,1,3.63,1,kyc_dropout,1
USR0695,55,Lucknow,0,5,1.64,2,12,8.06,18,0,25000,0,2,0,0,1.41,1,retained,0
USR0696,59,Bhopal,1,7,21.97,3,3,8.36,7,0,500000,0,3,0,0,1.31,1,retained,0
USR0697,54,Nagpur,1,9,14.1,1,6,6.77,6,0,500000,1,0,1,0,6.94,1,retained,0
USR0698,45,Nagpur,0,1,12.73,5,6,7.8,58,1,200000,0,5,1,0,12.25,1,kyc_dropout,1
USR0699,36,Coimbatore,1,1,2.25,5,36,7.18,62,0,25000,1,2,1,0,10.13,1,inactive_browser,1
USR0700,51,Coimbatore,0,6,6.74,5,12,7.26,6,0,500000,0,1,1,0,10.35,1,retained,0
USR0701,38,Lucknow,1,10,20.42,4,12,8.01,54,0,500000,1,5,0,0,4.31,1,overwhelmed_firsttimer,1
USR0702,26,Lucknow,0,11,8.44,5,3,8.94,2,0,100000,1,1,1,0,0.66,0,retained,0
USR0703,50,Mumbai,1,1,14.89,1,6,8.73,17,1,25000,1,1,1,1,7.03,1,retained,0
USR0704,25,Pune,1,1,21.99,5,6,8.27,44,1,200000,1,0,0,0,5.97,1,retained,0
USR0705,31,Surat,0,13,6.52,1,36,8.12,35,0,200000,1,0,1,0,14.23,1,retained,0
USR0706,38,Bhopal,1,5,13.1,2,36,7.78,15,0,100000,0,1,1,0,1.54,0,retained,0
USR0707,31,Jaipur,0,1,15.63,3,12,9.42,28,0,10000,1,3,1,0,11.76,1,retained,0
USR0708,38,Lucknow,0,3,4.46,4,6,8.18,58,0,10000,0,0,0,0,6.09,1,retained,0
USR0709,41,Patna,1,9,4.12,1,3,7.26,17,0,500000,1,0,1,0,12.53,1,retained,0
USR0710,45,Bhopal,1,14,10.58,6,24,7.19,48,0,50000,1,3,0,0,7.68,1,comparison_paralysis,1
USR0711,26,Bhopal,0,17,9.1,2,3,8.33,45,0,100000,1,2,1,0,12.4,0,retained,0
USR0712,55,Jaipur,1,14,16.0,3,36,8.07,28,0,50000,0,0,0,0,7.27,1,retained,0
USR0713,27,Gorakhpur,1,4,2.46,3,3,6.52,49,0,500000,0,5,1,0,6.33,1,inactive_browser,1
USR0714,23,Delhi,0,5,21.42,3,6,8.99,54,1,100000,1,1,0,0,14.47,0,retained,0
USR0715,34,Lucknow,0,17,1.3,1,12,8.61,26,0,200000,1,1,1,0,5.85,1,retained,0
USR0716,32,Nagpur,1,2,13.63,2,24,8.49,6,1,100000,1,3,0,0,12.18,1,kyc_dropout,1
USR0717,44,Bengaluru,1,5,12.82,5,12,6.71,40,0,25000,1,1,1,0,1.47,1,retained,0
USR0718,37,Bengaluru,0,4,3.83,6,24,7.59,10,0,50000,0,4,1,0,1.41,0,retained,0
USR0719,52,Lucknow,1,4,4.17,2,24,9.31,4,0,100000,1,1,1,0,6.85,0,retained,0
USR0720,32,Bengaluru,1,6,17.65,2,6,9.09,55,1,50000,0,3,0,0,8.99,1,kyc_dropout,1
USR0721,37,Coimbatore,0,13,19.64,2,6,7.36,11,1,500000,0,3,0,0,9.32,1,kyc_dropout,1
USR0722,29,Gorakhpur,1,5,6.94,1,36,6.97,41,1,100000,0,3,0,0,1.03,1,kyc_dropout,1
USR0723,25,Surat,1,7,10.2,6,36,7.85,9,1,10000,1,5,1,0,10.6,0,kyc_dropout,1
USR0724,61,Nagpur,1,1,8.45,1,24,7.57,27,0,50000,0,4,1,0,2.38,1,retained,0
USR0725,25,Coimbatore,0,14,2.52,6,36,8.55,6,1,200000,1,0,1,0,14.35,1,retained,0
USR0726,46,Mumbai,1,4,15.14,6,6,9.4,13,1,200000,0,2,0,0,5.34,1,kyc_dropout,1
USR0727,24,Bhopal,0,17,18.33,1,36,7.59,60,1,100000,0,1,0,0,4.29,0,retained,0
USR0728,53,Nagpur,0,14,7.4,6,24,6.69,50,1,200000,1,5,1,1,4.72,1,kyc_dropout,1
USR0729,24,Patna,1,16,21.79,2,12,9.19,41,1,200000,1,0,0,0,14.09,0,overwhelmed_firsttimer,1
USR0730,48,Surat,0,14,2.59,1,3,6.61,7,0,50000,1,3,0,0,7.5,1,overwhelmed_firsttimer,1
USR0731,50,Gorakhpur,0,16,14.9,6,36,9.36,49,1,100000,1,0,0,0,6.8,1,comparison_paralysis,1
USR0732,53,Lucknow,1,8,10.41,3,6,8.49,0,1,50000,0,0,0,0,8.71,1,retained,0
USR0733,40,Coimbatore,0,3,10.38,1,12,9.33,10,1,100000,1,4,0,0,14.0,1,kyc_dropout,1
USR0734,42,Jaipur,0,1,10.61,4,6,7.1,47,0,200000,1,3,1,0,4.97,1,retained,0
USR0735,26,Coimbatore,1,2,6.43,1,36,6.62,9,0,100000,1,5,0,0,3.12,0,retained,0
USR0736,39,Surat,1,15,16.03,1,24,7.96,14,1,500000,1,5,1,1,9.13,1,kyc_dropout,1
USR0737,49,Pune,1,10,16.15,1,3,7.85,46,1,100000,1,3,1,1,7.63,1,kyc_dropout,1
USR0738,43,Jaipur,1,14,6.93,6,3,7.49,24,1,25000,0,1,1,0,1.4,1,comparison_paralysis,1
USR0739,42,Chennai,1,17,18.54,1,12,9.37,5,0,100000,0,5,0,1,8.07,1,retained,0
USR0740,27,Surat,1,13,7.65,4,3,8.97,10,1,25000,1,5,0,0,8.66,0,kyc_dropout,1
USR0741,22,Jaipur,1,1,16.23,5,24,8.48,16,0,50000,0,1,0,0,10.57,1,retained,0
USR0742,26,Surat,1,5,3.54,1,6,6.99,14,1,25000,1,1,1,0,14.94,0,retained,0
USR0743,33,Surat,0,13,4.54,3,24,8.7,15,0,50000,1,5,1,0,6.61,1,retained,0
USR0744,47,Lucknow,1,14,7.63,4,12,8.68,55,1,100000,1,5,1,1,7.9,1,kyc_dropout,1
USR0745,55,Bhopal,1,3,13.47,5,12,7.78,35,0,50000,0,5,0,0,1.59,1,retained,0
USR0746,35,Jaipur,0,15,14.56,6,3,9.27,37,0,200000,0,1,1,0,12.56,1,comparison_paralysis,1
USR0747,47,Gorakhpur,1,17,9.32,1,24,7.0,2,0,500000,1,5,1,0,1.92,1,retained,0
USR0748,48,Lucknow,1,3,2.63,5,6,7.3,17,0,100000,1,0,0,0,14.04,1,retained,0
USR0749,30,Gorakhpur,1,16,8.85,3,24,6.69,53,1,25000,1,0,0,1,5.55,0,overwhelmed_firsttimer,1
USR0750,47,Delhi,1,14,15.46,4,6,8.89,16,1,500000,1,1,1,1,5.39,1,retained,0
USR0751,43,Nagpur,1,12,15.09,4,6,8.37,12,1,10000,1,1,0,0,5.26,0,overwhelmed_firsttimer,1
USR0752,51,Bengaluru,1,12,4.36,6,24,7.44,62,0,500000,1,1,1,0,14.28,0,comparison_paralysis,1
USR0753,38,Gorakhpur,1,11,1.16,6,36,6.99,13,1,100000,1,2,0,0,14.71,1,kyc_dropout,1
USR0754,47,Bhopal,1,17,16.81,6,24,6.62,58,0,500000,0,1,0,0,14.61,1,comparison_paralysis,1
USR0755,57,Coimbatore,1,8,3.23,5,6,7.0,35,1,500000,1,2,1,1,10.72,0,kyc_dropout,1
USR0756,22,Jaipur,1,17,2.73,1,12,7.86,17,1,200000,1,1,0,0,2.11,0,overwhelmed_firsttimer,1
USR0757,29,Bhopal,0,11,1.06,2,12,7.24,4,0,50000,0,3,1,0,6.1,0,retained,0
USR0758,56,Jaipur,1,2,10.08,4,3,7.28,13,0,500000,0,4,1,0,4.69,1,retained,0
USR0759,36,Bengaluru,0,10,11.57,2,12,9.13,24,0,25000,1,5,1,0,10.77,1,retained,0
USR0760,43,Surat,1,10,14.39,4,36,8.05,43,1,25000,0,5,1,0,7.64,1,kyc_dropout,1
USR0761,35,Bengaluru,1,11,7.22,6,6,8.69,38,0,200000,0,0,0,0,9.44,1,comparison_paralysis,1
USR0762,47,Jaipur,1,6,15.92,1,24,6.61,11,1,500000,1,3,1,0,0.63,1,kyc_dropout,1
USR0763,49,Chennai,1,4,4.56,1,24,7.6,60,0,500000,0,4,1,0,11.85,1,retained,0
USR0764,44,Surat,0,12,18.47,4,36,7.94,61,1,200000,0,5,1,0,14.3,1,kyc_dropout,1
USR0765,35,Pune,0,11,13.01,5,12,7.06,52,1,100000,1,5,0,0,10.21,1,kyc_dropout,1
USR0766,45,Coimbatore,1,13,13.26,6,6,6.86,52,0,10000,1,2,0,0,12.85,0,comparison_paralysis,1
USR0767,23,Nagpur,1,5,5.41,1,12,9.11,27,1,10000,1,0,1,0,7.43,0,retained,0
USR0768,47,Bhopal,0,6,2.56,1,3,9.32,34,1,50000,1,2,1,0,0.79,1,kyc_dropout,1
USR0769,35,Lucknow,1,1,10.76,3,12,6.74,64,1,25000,1,2,0,0,14.86,1,kyc_dropout,1
USR0770,28,Bhopal,1,6,13.93,1,3,7.55,2,0,100000,1,0,1,0,1.35,1,retained,0
USR0771,24,Mumbai,0,9,3.0,3,24,9.37,42,0,25000,0,4,0,0,3.3,0,inactive_browser,1
USR0772,44,Gorakhpur,1,15,20.96,1,6,6.75,49,0,100000,0,0,1,0,1.26,1,retained,0
USR0773,39,Patna,1,8,21.59,1,3,8.43,8,0,200000,1,1,1,0,9.56,1,retained,0
USR0774,59,Jaipur,1,16,12.45,5,12,9.42,35,0,50000,1,2,1,0,8.96,0,comparison_paralysis,1
USR0775,56,Delhi,1,6,20.95,5,12,9.43,22,0,200000,1,1,1,1,3.54,1,retained,0
USR0776,36,Patna,1,6,4.77,6,24,7.91,49,1,25000,1,0,0,1,14.37,1,retained,0
USR0777,46,Bengaluru,1,3,1.53,1,36,6.99,54,0,50000,1,0,0,1,13.75,1,inactive_browser,1
USR0778,58,Surat,1,10,1.83,6,36,7.11,11,1,500000,0,5,0,1,4.56,1,kyc_dropout,1
USR0779,49,Surat,0,1,13.34,6,12,9.17,31,0,100000,1,4,1,0,10.05,0,retained,0
USR0780,31,Jaipur,0,14,2.29,6,36,9.24,23,1,100000,1,2,0,1,12.9,0,kyc_dropout,1
USR0781,60,Coimbatore,1,4,21.13,6,6,8.32,26,1,50000,1,3,0,0,5.72,1,kyc_dropout,1
USR0782,38,Bhopal,1,12,3.98,4,36,8.8,60,0,200000,0,0,1,0,4.18,1,inactive_browser,1
USR0783,60,Bhopal,1,6,7.4,4,6,8.72,18,1,50000,1,5,1,0,4.21,1,kyc_dropout,1
USR0784,43,Patna,1,11,18.27,1,12,8.49,50,0,200000,1,3,1,0,12.4,1,retained,0
USR0785,47,Nagpur,1,12,5.59,4,12,8.98,63,1,50000,0,2,1,1,7.21,1,kyc_dropout,1
USR0786,46,Bhopal,0,10,6.1,1,12,8.56,1,0,200000,1,1,0,0,10.87,1,overwhelmed_firsttimer,1
USR0787,38,Lucknow,1,7,14.49,5,24,8.1,35,0,10000,1,2,0,0,9.93,0,retained,0
USR0788,34,Pune,1,7,6.8,2,36,7.21,10,0,50000,1,4,1,1,4.94,0,retained,0
USR0789,41,Patna,1,11,5.57,3,3,8.73,63,0,200000,0,3,0,0,3.52,1,retained,0
USR0790,46,Lucknow,1,4,6.34,4,3,7.92,0,0,500000,0,5,0,1,2.32,1,retained,0
USR0791,25,Jaipur,0,1,11.3,4,12,7.38,25,0,25000,1,3,1,1,0.85,1,retained,0
USR0792,31,Surat,1,13,21.29,5,36,8.91,10,0,25000,1,1,1,0,1.68,1,retained,0
USR0793,24,Jaipur,1,9,18.48,4,6,8.59,1,1,50000,1,5,0,0,4.22,1,kyc_dropout,1
USR0794,39,Surat,1,9,6.98,1,3,9.31,39,0,50000,1,1,0,0,10.85,0,overwhelmed_firsttimer,1
USR0795,57,Jaipur,1,9,8.63,1,12,7.0,3,0,100000,0,0,1,1,2.75,0,retained,0
USR0796,43,Bhopal,1,10,10.75,2,3,8.45,36,0,200000,1,2,0,0,8.09,1,overwhelmed_firsttimer,1
USR0797,55,Lucknow,1,2,21.56,2,3,7.23,60,1,50000,1,4,0,0,4.05,1,kyc_dropout,1
USR0798,29,Pune,1,6,4.62,2,3,9.21,4,0,25000,1,0,1,0,7.92,0,retained,0
USR0799,61,Mumbai,1,15,8.51,1,12,6.8,14,0,25000,1,2,0,0,11.38,1,overwhelmed_firsttimer,1
USR0800,40,Lucknow,1,3,16.32,6,12,8.47,25,0,25000,1,1,0,0,4.36,1,retained,0
USR0801,58,Mumbai,0,11,21.24,6,24,8.87,5,0,200000,1,4,1,1,5.54,1,retained,0
USR0802,27,Lucknow,1,6,4.27,2,24,7.56,43,0,10000,0,1,1,0,10.98,1,retained,0
USR0803,47,Jaipur,1,3,5.77,2,24,9.36,57,0,50000,0,5,1,1,8.42,1,retained,0
USR0804,55,Surat,1,11,5.74,1,3,9.05,45,0,10000,0,1,1,0,1.87,1,retained,0
USR0805,27,Surat,1,15,1.44,5,36,7.38,41,0,200000,1,3,1,0,11.49,1,comparison_paralysis,1
USR0806,58,Nagpur,1,13,13.69,4,12,6.52,47,0,500000,0,2,1,0,4.52,1,retained,0
USR0807,54,Chennai,1,10,15.08,3,24,7.39,26,0,50000,1,0,1,0,6.08,0,retained,0
USR0808,43,Mumbai,1,6,13.65,6,36,7.34,19,0,100000,1,3,1,0,4.06,1,retained,0
USR0809,42,Patna,1,15,2.5,6,24,9.17,34,1,50000,1,5,0,0,8.38,1,kyc_dropout,1
USR0810,27,Patna,0,7,2.45,1,24,9.4,47,0,50000,0,2,1,0,10.76,0,inactive_browser,1
USR0811,27,Chennai,0,15,5.42,1,36,6.71,51,1,50000,1,5,1,0,12.15,0,kyc_dropout,1
USR0812,25,Mumbai,1,9,7.1,3,24,7.91,3,0,50000,1,2,1,0,13.87,0,retained,0
USR0813,51,Patna,0,2,17.52,3,3,8.14,38,0,500000,1,2,0,0,5.71,0,retained,0
USR0814,32,Coimbatore,1,8,4.35,2,3,6.78,20,1,50000,1,4,1,0,14.02,1,kyc_dropout,1
USR0815,51,Lucknow,1,2,1.93,3,3,7.63,15,0,200000,1,3,1,0,9.45,1,retained,0
USR0816,52,Jaipur,1,11,9.27,4,6,7.45,6,0,50000,1,0,0,0,6.15,1,overwhelmed_firsttimer,1
USR0817,45,Patna,0,7,9.74,4,24,8.11,8,0,500000,1,3,1,0,13.37,1,retained,0
USR0818,30,Jaipur,1,6,10.47,6,6,8.48,16,0,200000,1,5,1,0,8.9,1,retained,0
USR0819,24,Pune,1,10,18.36,4,12,8.61,11,1,50000,1,1,1,1,7.09,0,retained,0
USR0820,52,Chennai,1,5,3.06,4,36,6.91,56,0,50000,1,5,1,0,0.67,1,inactive_browser,1
USR0821,61,Mumbai,0,11,15.78,4,12,8.94,44,0,200000,1,2,1,0,10.9,1,retained,0
USR0822,58,Bhopal,1,1,8.1,2,6,8.54,10,1,50000,1,1,1,0,1.62,1,retained,0
USR0823,57,Jaipur,1,2,7.51,6,3,9.17,12,1,500000,1,3,1,0,4.7,1,kyc_dropout,1
USR0824,45,Bhopal,1,1,20.58,1,24,7.85,30,1,25000,0,0,1,0,14.44,1,retained,0
USR0825,52,Delhi,1,2,6.22,6,24,9.18,25,0,50000,1,1,0,0,2.75,1,retained,0
USR0826,27,Lucknow,1,4,14.49,6,3,9.1,62,1,100000,1,1,0,0,5.02,1,retained,0
USR0827,23,Bhopal,1,12,6.78,6,24,7.82,30,1,200000,1,4,0,1,14.02,1,kyc_dropout,1
USR0828,41,Bhopal,0,1,11.65,3,36,7.64,21,1,500000,0,3,1,1,5.4,1,kyc_dropout,1
USR0829,49,Jaipur,1,1,17.51,1,36,9.3,5,1,50000,1,1,1,0,5.27,1,retained,0
USR0830,32,Delhi,1,14,19.52,3,36,8.65,19,1,50000,1,3,1,1,9.9,1,kyc_dropout,1
USR0831,25,Nagpur,1,4,18.61,2,12,9.28,9,0,200000,1,0,1,0,2.4,1,retained,0
USR0832,36,Nagpur,1,5,13.23,2,3,8.89,34,0,10000,1,1,1,0,14.6,1,retained,0
USR0833,27,Delhi,0,11,6.23,5,36,8.33,25,1,500000,1,0,1,0,4.49,1,comparison_paralysis,1
USR0834,51,Lucknow,0,13,14.89,5,6,6.85,36,0,500000,1,5,0,1,11.89,0,comparison_paralysis,1
USR0835,59,Gorakhpur,1,16,15.91,2,36,7.37,7,0,25000,1,1,1,1,4.67,1,retained,0
USR0836,23,Chennai,0,13,1.22,2,12,9.41,4,0,25000,0,2,1,0,4.49,1,retained,0
USR0837,36,Jaipur,1,2,10.22,3,6,7.46,43,1,50000,1,4,1,0,1.33,1,kyc_dropout,1
USR0838,32,Pune,1,16,18.71,2,3,6.78,48,0,200000,1,4,1,1,2.23,0,retained,0
USR0839,29,Pune,1,6,11.28,1,3,8.62,35,1,100000,0,4,1,0,8.07,1,kyc_dropout,1
USR0840,47,Nagpur,1,14,7.54,3,36,8.7,25,0,50000,1,0,0,0,8.86,1,overwhelmed_firsttimer,1
USR0841,26,Lucknow,1,1,19.31,2,6,7.36,44,0,25000,0,3,0,0,12.33,1,retained,0
USR0842,27,Surat,1,17,4.27,3,6,7.39,60,0,50000,1,4,1,0,1.37,1,retained,0
USR0843,47,Chennai,1,11,5.34,3,36,7.91,43,0,200000,1,5,0,0,5.66,1,overwhelmed_firsttimer,1
USR0844,25,Lucknow,0,3,15.43,4,36,6.57,3,1,500000,1,1,0,0,3.4,1,retained,0
USR0845,40,Surat,1,11,8.4,5,24,8.87,57,1,500000,1,1,0,0,5.69,1,comparison_paralysis,1
USR0846,41,Jaipur,1,5,15.97,3,24,7.45,25,1,500000,1,2,0,1,5.64,1,kyc_dropout,1
USR0847,54,Jaipur,1,17,4.31,6,36,9.06,28,0,500000,1,0,1,0,5.64,0,comparison_paralysis,1
USR0848,41,Bengaluru,1,7,6.3,3,12,8.91,8,0,100000,1,1,1,0,4.99,1,retained,0
USR0849,33,Patna,1,10,4.29,6,24,8.48,35,0,10000,1,1,1,1,11.58,0,comparison_paralysis,1
USR0850,22,Gorakhpur,0,11,21.01,4,36,7.47,3,0,100000,0,2,1,1,10.5,0,retained,0
USR0851,47,Bhopal,0,3,9.51,2,6,8.05,58,0,50000,1,2,0,0,5.45,1,retained,0
USR0852,35,Gorakhpur,1,10,8.08,3,24,7.83,36,1,25000,0,3,0,0,2.62,0,kyc_dropout,1
USR0853,59,Nagpur,0,10,1.3,4,12,7.52,12,0,200000,1,3,1,0,8.02,1,retained,0
USR0854,58,Coimbatore,1,14,4.22,1,3,9.04,19,0,50000,0,3,1,0,13.82,1,retained,0
USR0855,32,Surat,0,12,9.84,4,6,7.95,16,1,10000,0,1,0,1,2.29,1,retained,0
USR0856,57,Coimbatore,1,15,2.44,5,12,9.0,50,0,200000,0,2,1,0,11.42,0,comparison_paralysis,1
USR0857,34,Bhopal,0,10,11.73,5,12,6.82,54,1,200000,0,5,0,0,9.19,0,kyc_dropout,1
USR0858,24,Pune,1,10,10.56,2,12,6.92,32,1,200000,1,0,0,0,9.03,1,overwhelmed_firsttimer,1
USR0859,54,Chennai,0,1,17.11,6,6,9.43,20,0,50000,1,3,0,1,14.05,1,retained,0
USR0860,27,Bhopal,1,10,14.86,2,12,8.26,21,0,10000,1,5,1,0,14.36,0,retained,0
USR0861,31,Jaipur,1,2,10.36,6,3,8.03,24,1,50000,1,4,1,0,4.04,1,kyc_dropout,1
USR0862,26,Mumbai,1,17,5.72,6,24,8.07,11,0,200000,0,1,0,0,12.22,0,retained,0
USR0863,44,Bengaluru,0,7,16.26,6,6,7.15,14,0,200000,1,0,1,0,9.5,1,retained,0
USR0864,31,Nagpur,1,7,15.87,6,12,8.66,1,1,25000,0,1,1,1,6.43,1,retained,0
USR0865,23,Gorakhpur,0,9,4.22,5,36,6.75,3,0,100000,1,5,1,0,10.15,0,retained,0
USR0866,34,Bhopal,1,2,20.21,5,24,8.22,44,0,50000,1,3,0,0,14.36,1,retained,0
USR0867,61,Gorakhpur,1,14,2.35,3,6,8.21,12,1,10000,1,5,0,1,7.99,1,kyc_dropout,1
USR0868,23,Surat,1,17,2.16,5,36,9.24,54,1,200000,0,5,0,0,14.13,1,kyc_dropout,1
USR0869,41,Lucknow,0,1,4.93,2,36,8.08,31,0,50000,0,1,1,0,9.82,0,retained,0
USR0870,22,Jaipur,1,9,20.1,5,12,6.91,21,0,100000,1,3,1,1,7.5,0,retained,0
USR0871,58,Gorakhpur,1,4,11.92,2,6,8.22,54,0,50000,1,1,0,0,9.84,1,retained,0
USR0872,30,Gorakhpur,1,8,17.55,1,12,6.77,16,0,100000,1,3,1,0,9.24,1,retained,0
USR0873,38,Lucknow,0,13,5.78,5,3,7.11,50,1,50000,1,2,1,0,6.61,1,kyc_dropout,1
USR0874,30,Pune,1,4,11.29,2,36,6.59,7,1,25000,1,2,1,0,8.66,0,kyc_dropout,1
USR0875,32,Bengaluru,1,9,8.52,6,3,8.04,60,1,50000,1,2,1,0,10.7,1,kyc_dropout,1
USR0876,36,Lucknow,1,9,18.38,4,12,6.75,9,0,500000,0,2,1,0,12.66,1,retained,0
USR0877,45,Patna,1,12,1.47,6,24,7.91,18,0,25000,1,2,1,0,4.91,0,retained,0
USR0878,59,Nagpur,1,10,6.12,3,36,9.3,13,0,100000,0,4,0,0,0.71,0,retained,0
USR0879,56,Jaipur,1,11,4.2,2,24,8.66,54,0,200000,1,1,0,0,8.49,1,overwhelmed_firsttimer,1
USR0880,51,Surat,1,7,19.04,6,6,6.73,60,0,200000,1,5,1,0,7.59,1,retained,0
USR0881,52,Nagpur,1,9,10.82,5,36,7.17,55,0,50000,1,2,1,1,1.29,0,retained,0
USR0882,26,Jaipur,1,6,9.49,5,3,8.52,62,0,10000,0,4,1,0,9.67,1,retained,0
USR0883,35,Chennai,1,16,10.44,1,24,9.18,10,1,50000,1,4,1,0,14.15,1,kyc_dropout,1
USR0884,32,Nagpur,0,15,21.41,4,6,6.6,46,1,25000,1,1,1,1,6.33,1,retained,0
USR0885,30,Jaipur,1,7,18.86,2,36,8.94,5,0,25000,1,1,1,0,13.47,0,retained,0
USR0886,55,Patna,1,16,15.83,6,6,8.19,33,0,100000,1,3,1,0,12.29,1,comparison_paralysis,1
USR0887,33,Coimbatore,0,5,7.1,4,3,8.14,64,1,50000,0,3,0,1,2.84,0,kyc_dropout,1
USR0888,56,Mumbai,1,16,4.47,1,36,9.37,63,1,100000,1,2,1,0,11.92,0,kyc_dropout,1
USR0889,56,Jaipur,1,1,20.35,3,6,8.74,30,0,10000,1,0,1,1,7.99,0,retained,0
USR0890,22,Chennai,1,5,9.88,4,12,9.05,61,1,200000,1,3,1,1,13.82,0,kyc_dropout,1
USR0891,61,Gorakhpur,1,7,6.85,1,36,7.56,53,1,200000,0,0,1,0,3.25,0,retained,0
USR0892,43,Delhi,0,5,10.89,2,36,8.16,7,0,50000,1,5,1,0,2.31,1,retained,0
USR0893,50,Nagpur,1,17,20.27,3,36,8.35,41,0,100000,1,3,0,1,4.0,1,overwhelmed_firsttimer,1
USR0894,29,Coimbatore,1,8,9.13,5,36,7.46,40,0,100000,0,5,0,0,1.36,0,retained,0
USR0895,32,Jaipur,1,1,12.82,1,12,8.21,58,0,10000,1,4,1,0,5.14,1,retained,0
USR0896,58,Surat,1,2,17.86,5,3,7.21,39,0,100000,1,4,1,1,4.6,1,retained,0
USR0897,35,Bengaluru,1,15,9.97,3,12,6.93,21,1,500000,1,5,1,0,6.54,0,kyc_dropout,1
USR0898,51,Bhopal,1,11,5.9,1,12,7.62,23,1,500000,1,4,1,0,7.21,0,kyc_dropout,1
USR0899,56,Coimbatore,1,10,21.89,1,6,8.72,37,0,25000,1,5,0,1,2.6,1,overwhelmed_firsttimer,1
USR0900,42,Nagpur,1,4,21.09,3,24,9.25,1,0,500000,0,0,0,0,9.48,1,retained,0
USR0901,58,Pune,1,5,18.71,2,24,7.87,40,1,500000,1,2,1,1,3.74,1,kyc_dropout,1
USR0902,26,Surat,1,4,15.46,1,6,8.43,18,0,25000,1,5,1,0,2.27,1,retained,0
USR0903,40,Delhi,0,13,7.19,3,12,6.81,1,0,500000,1,3,1,0,10.78,0,retained,0
USR0904,35,Coimbatore,1,13,20.18,4,6,9.21,61,1,500000,0,3,1,0,0.83,1,kyc_dropout,1
USR0905,47,Bhopal,0,2,6.79,5,36,8.21,15,0,25000,1,0,1,0,5.84,0,retained,0
USR0906,25,Surat,0,16,17.82,1,6,8.84,21,0,50000,1,5,1,0,2.59,1,retained,0
USR0907,46,Nagpur,0,1,20.28,4,6,8.88,13,0,25000,0,4,0,0,13.3,1,retained,0
USR0908,46,Patna,1,9,13.66,1,36,7.27,55,0,25000,0,2,0,0,12.45,1,retained,0
USR0909,39,Chennai,0,3,17.86,2,24,8.09,64,0,500000,0,3,0,0,1.38,1,retained,0
USR0910,61,Bengaluru,1,7,17.63,3,36,9.38,44,0,200000,1,2,0,1,8.48,0,retained,0
USR0911,29,Nagpur,1,10,5.06,1,3,6.77,53,0,500000,1,2,0,0,4.78,1,overwhelmed_firsttimer,1
USR0912,60,Lucknow,1,1,15.03,3,6,8.55,45,0,50000,0,1,1,1,3.29,1,retained,0
USR0913,61,Coimbatore,0,10,2.96,6,6,9.39,32,0,25000,0,2,0,0,5.02,1,comparison_paralysis,1
USR0914,35,Jaipur,0,9,11.66,1,24,7.4,49,0,10000,1,5,0,0,12.33,1,overwhelmed_firsttimer,1
USR0915,53,Patna,0,15,4.41,2,12,9.08,21,0,25000,0,1,1,0,1.34,0,retained,0
USR0916,59,Gorakhpur,1,15,9.74,2,36,9.3,39,1,50000,1,0,0,1,9.9,1,overwhelmed_firsttimer,1
USR0917,54,Bhopal,0,3,18.49,4,12,8.74,38,0,100000,1,4,0,0,13.74,1,retained,0
USR0918,44,Bhopal,1,5,21.73,2,3,7.19,40,1,500000,1,1,1,0,7.0,0,retained,0
USR0919,36,Pune,1,9,7.68,3,36,7.5,6,0,200000,1,2,0,0,13.57,1,overwhelmed_firsttimer,1
USR0920,54,Gorakhpur,1,9,12.17,6,3,6.61,3,0,200000,0,4,0,0,13.65,0,retained,0
USR0921,46,Nagpur,1,7,11.74,2,3,8.99,58,1,500000,0,2,0,1,9.34,1,kyc_dropout,1
USR0922,38,Coimbatore,1,12,21.04,1,3,9.05,25,0,500000,1,2,1,0,7.11,1,retained,0
USR0923,54,Surat,1,9,11.05,2,36,8.4,30,1,50000,1,1,1,0,11.2,1,retained,0
USR0924,23,Nagpur,1,6,15.68,6,36,7.56,51,0,25000,1,0,0,1,13.79,1,retained,0
USR0925,35,Gorakhpur,1,2,20.36,3,24,6.73,20,0,10000,0,2,1,1,10.36,1,retained,0
USR0926,61,Coimbatore,1,9,8.84,1,6,8.76,15,1,25000,1,5,0,0,3.54,1,kyc_dropout,1
USR0927,61,Jaipur,0,17,19.94,4,12,8.68,50,0,25000,1,1,1,0,12.39,1,retained,0
USR0928,60,Coimbatore,0,1,20.27,4,12,9.24,15,0,10000,1,5,1,0,14.3,1,retained,0
USR0929,27,Jaipur,1,6,20.54,4,3,8.69,17,1,200000,1,5,0,0,6.45,0,kyc_dropout,1
USR0930,27,Bengaluru,0,5,6.68,1,36,8.99,46,1,25000,0,2,1,0,10.62,1,kyc_dropout,1
USR0931,24,Patna,1,2,9.41,4,36,8.74,55,0,100000,1,5,1,0,8.01,1,retained,0
USR0932,28,Gorakhpur,0,9,19.28,2,3,8.39,27,0,100000,1,4,1,1,2.12,1,retained,0
USR0933,29,Nagpur,1,14,8.54,1,6,7.78,55,0,50000,1,0,1,0,5.57,1,retained,0
USR0934,36,Nagpur,1,4,13.61,1,12,9.21,36,0,50000,1,2,1,0,2.88,0,retained,0
USR0935,50,Lucknow,1,4,3.48,1,24,8.45,15,0,10000,1,5,1,1,10.27,1,retained,0
USR0936,54,Chennai,1,15,2.18,5,6,7.7,64,1,10000,1,0,1,0,8.94,1,comparison_paralysis,1
USR0937,51,Gorakhpur,0,8,9.65,3,36,6.75,59,0,50000,1,0,1,0,0.99,0,retained,0
USR0938,60,Lucknow,1,4,13.16,5,3,7.37,60,1,500000,0,4,1,0,1.39,0,kyc_dropout,1
USR0939,48,Pune,1,16,9.25,5,12,8.13,10,0,25000,1,4,1,1,4.28,0,retained,0
USR0940,57,Patna,1,4,13.13,5,3,7.33,31,0,500000,1,3,1,1,11.3,1,retained,0
USR0941,50,Mumbai,1,16,11.82,3,36,7.16,18,1,200000,0,0,1,0,2.34,1,retained,0
USR0942,59,Gorakhpur,1,12,15.4,5,3,8.08,55,0,100000,1,2,0,0,3.47,1,comparison_paralysis,1
USR0943,54,Chennai,0,16,14.64,4,12,7.01,4,0,10000,0,4,0,0,13.66,0,retained,0
USR0944,58,Coimbatore,0,8,9.91,1,3,8.9,2,0,50000,0,2,1,0,8.42,1,retained,0
USR0945,48,Patna,1,6,9.92,1,12,7.95,27,1,100000,1,0,1,0,9.5,1,retained,0
USR0946,54,Pune,1,10,3.96,2,3,8.22,28,0,500000,1,4,1,0,7.11,1,retained,0
USR0947,25,Gorakhpur,0,5,11.78,6,3,6.94,58,0,10000,1,3,1,0,4.85,1,retained,0
USR0948,43,Surat,1,10,13.33,4,12,7.47,24,1,10000,0,0,1,0,4.11,1,retained,0
USR0949,23,Nagpur,1,10,11.01,3,3,7.73,21,0,25000,0,2,0,0,9.04,0,retained,0
USR0950,31,Patna,0,7,7.84,6,6,8.92,22,1,10000,1,3,0,0,7.33,1,kyc_dropout,1
USR0951,26,Jaipur,1,1,16.15,1,24,8.81,39,0,200000,1,0,1,0,6.34,0,retained,0
USR0952,31,Jaipur,1,7,2.57,5,6,7.17,13,0,10000,0,4,1,0,10.57,1,retained,0
USR0953,54,Coimbatore,1,1,20.2,2,24,8.35,28,1,200000,1,5,1,0,6.36,0,kyc_dropout,1
USR0954,59,Patna,1,15,1.43,2,6,7.23,15,1,500000,1,0,1,0,1.03,1,retained,0
USR0955,34,Mumbai,1,4,21.21,1,24,9.46,9,1,25000,1,1,1,0,12.68,1,retained,0
USR0956,52,Patna,1,10,10.71,4,3,9.36,46,1,200000,1,2,1,1,5.12,0,kyc_dropout,1
USR0957,57,Bhopal,1,9,9.67,6,12,8.19,3,0,500000,0,4,1,0,14.22,0,retained,0
USR0958,45,Surat,1,2,6.39,2,12,8.6,11,0,100000,1,4,0,0,13.25,0,retained,0
USR0959,36,Patna,1,14,1.21,1,36,8.9,41,0,10000,1,1,0,1,3.89,1,overwhelmed_firsttimer,1
USR0960,50,Patna,1,16,6.77,4,24,8.66,3,1,50000,0,5,1,0,14.5,1,kyc_dropout,1
USR0961,29,Gorakhpur,1,1,3.3,1,36,8.6,5,1,50000,1,3,0,0,12.88,1,kyc_dropout,1
USR0962,26,Delhi,1,2,14.86,1,36,9.38,13,1,200000,1,4,1,1,14.78,0,kyc_dropout,1
USR0963,50,Gorakhpur,1,7,7.7,4,24,8.29,34,0,25000,1,3,0,0,10.33,0,retained,0
USR0964,25,Chennai,1,10,17.11,4,12,8.41,46,0,200000,0,3,1,0,14.0,0,retained,0
USR0965,33,Gorakhpur,1,1,5.35,4,24,9.05,57,0,500000,1,3,1,0,10.51,0,retained,0
USR0966,23,Nagpur,1,13,19.9,1,3,8.51,64,1,500000,1,5,0,0,12.9,1,kyc_dropout,1
USR0967,48,Mumbai,0,1,11.98,2,36,8.7,18,0,200000,0,0,1,0,9.35,1,retained,0
USR0968,52,Mumbai,0,5,3.4,3,36,7.2,56,1,200000,1,1,1,0,13.97,0,inactive_browser,1
USR0969,57,Nagpur,1,16,9.42,3,24,7.61,64,0,100000,1,2,1,0,8.01,1,retained,0
USR0970,57,Nagpur,1,15,5.34,1,36,6.94,12,0,500000,1,1,0,0,11.18,1,overwhelmed_firsttimer,1
USR0971,47,Nagpur,1,17,5.19,1,12,8.02,7,0,100000,1,4,1,0,13.8,1,retained,0
USR0972,48,Patna,1,16,11.63,2,36,7.87,17,0,200000,0,1,1,0,6.62,1,retained,0
USR0973,26,Lucknow,0,13,15.11,4,24,9.49,34,0,25000,0,2,1,1,0.88,1,retained,0
USR0974,41,Patna,1,11,20.14,1,12,8.33,25,0,10000,0,0,1,0,2.14,1,retained,0
USR0975,32,Jaipur,1,17,11.55,5,12,8.86,37,0,500000,1,4,1,1,14.59,1,comparison_paralysis,1
USR0976,31,Pune,1,17,21.28,4,36,7.5,25,0,50000,0,0,0,0,13.16,0,retained,0
USR0977,61,Bengaluru,0,2,20.77,1,24,8.99,56,1,100000,1,4,0,0,7.51,1,kyc_dropout,1
USR0978,59,Mumbai,0,13,19.17,5,36,8.35,24,1,500000,0,2,1,0,14.43,1,kyc_dropout,1
USR0979,27,Mumbai,1,14,11.5,6,3,8.59,29,0,10000,1,0,1,0,3.19,1,comparison_paralysis,1
USR0980,29,Surat,1,11,3.96,2,3,7.38,6,0,100000,0,2,0,0,2.11,1,retained,0
USR0981,44,Surat,1,10,5.58,5,12,8.15,26,0,500000,1,2,1,1,9.22,0,comparison_paralysis,1
USR0982,47,Jaipur,1,3,14.6,1,36,8.4,10,1,100000,0,5,1,1,6.04,0,kyc_dropout,1
USR0983,33,Bengaluru,1,17,9.86,3,3,8.27,7,0,100000,1,1,0,0,5.43,0,overwhelmed_firsttimer,1
USR0984,47,Patna,1,15,4.08,1,6,9.25,10,0,200000,1,4,0,1,11.15,1,overwhelmed_firsttimer,1
USR0985,34,Patna,0,9,11.06,3,3,9.19,29,1,200000,0,3,1,0,2.68,1,kyc_dropout,1
USR0986,61,Delhi,0,10,1.37,2,36,9.41,14,0,100000,1,3,0,0,11.79,1,overwhelmed_firsttimer,1
USR0987,39,Gorakhpur,1,8,16.41,2,36,8.5,55,1,100000,1,0,0,0,5.71,1,overwhelmed_firsttimer,1
USR0988,46,Nagpur,0,13,2.55,4,3,9.42,34,0,50000,1,2,0,0,14.81,1,overwhelmed_firsttimer,1
USR0989,54,Jaipur,0,5,14.21,4,36,9.0,38,0,10000,1,1,1,1,12.23,0,retained,0
USR0990,61,Nagpur,1,6,17.65,3,36,7.31,23,0,10000,0,4,1,0,9.87,0,retained,0
USR0991,33,Mumbai,1,17,3.79,3,6,7.78,7,1,25000,0,0,0,0,3.83,1,retained,0
USR0992,57,Patna,1,11,11.89,2,12,7.22,42,1,25000,1,2,0,0,14.37,0,kyc_dropout,1
USR0993,25,Bengaluru,1,16,17.36,5,36,6.51,41,0,25000,1,5,1,0,0.98,1,comparison_paralysis,1
USR0994,26,Lucknow,1,9,6.47,3,24,7.06,40,0,200000,1,3,0,1,3.74,1,overwhelmed_firsttimer,1
USR0995,58,Chennai,1,2,4.42,3,12,6.51,46,0,200000,1,3,1,1,1.03,1,retained,0
USR0996,29,Surat,1,5,8.07,5,12,8.66,25,1,50000,0,4,1,1,14.51,1,kyc_dropout,1
USR0997,49,Gorakhpur,1,1,12.65,4,24,7.78,51,0,200000,0,4,1,0,13.14,0,retained,0
USR0998,52,Gorakhpur,1,4,13.08,4,3,7.44,21,1,25000,1,4,0,0,14.31,1,kyc_dropout,1
USR0999,30,Pune,1,4,3.75,3,6,8.79,4,0,500000,1,0,1,1,10.87,1,retained,0
USR1000,50,Lucknow,1,3,10.61,4,36,9.0,14,0,100000,1,4,0,1,0.9,1,retained,0
USR1001,35,Patna,1,9,6.63,4,3,9.43,35,0,25000,0,0,1,0,14.01,1,retained,0
USR1002,61,Bhopal,0,12,18.68,6,24,8.43,62,1,50000,1,1,1,1,6.6,0,comparison_paralysis,1
USR1003,43,Bhopal,0,10,7.59,4,6,7.88,48,1,100000,0,2,0,0,5.84,1,kyc_dropout,1
USR1004,32,Surat,1,2,18.61,2,6,7.42,54,0,200000,1,3,0,1,4.62,1,retained,0
USR1005,44,Bhopal,0,11,10.0,1,6,7.17,59,0,100000,0,0,1,0,4.66,0,retained,0
USR1006,22,Gorakhpur,1,10,16.26,3,24,7.14,56,0,500000,1,2,0,1,12.11,1,overwhelmed_firsttimer,1
USR1007,58,Pune,0,6,11.71,3,3,7.73,28,0,50000,1,5,1,0,4.22,1,retained,0
USR1008,42,Patna,0,2,14.06,2,36,9.48,18,1,200000,1,4,1,0,3.72,1,kyc_dropout,1
USR1009,47,Pune,1,2,9.3,1,6,6.5,9,0,10000,1,3,0,0,10.62,1,retained,0
USR1010,57,Lucknow,1,10,17.13,1,6,7.09,9,1,25000,1,5,1,0,4.67,1,kyc_dropout,1
USR1011,44,Nagpur,1,16,9.93,2,3,7.07,56,1,500000,1,0,1,0,0.69,1,retained,0
USR1012,22,Pune,1,12,10.61,5,6,8.65,53,1,500000,1,4,1,0,14.01,1,kyc_dropout,1
USR1013,61,Gorakhpur,1,1,11.87,5,6,7.56,55,1,25000,1,2,0,0,5.05,1,kyc_dropout,1
USR1014,36,Jaipur,1,8,18.47,1,24,7.87,54,0,50000,0,1,1,0,11.58,1,retained,0
USR1015,42,Bhopal,1,16,14.85,5,12,6.95,0,1,50000,1,2,0,0,7.3,0,kyc_dropout,1
USR1016,30,Mumbai,1,13,8.33,5,3,7.71,11,0,500000,1,0,1,0,2.44,1,retained,0
USR1017,30,Patna,1,15,15.08,5,3,6.81,34,0,25000,0,1,0,0,10.1,1,comparison_paralysis,1
USR1018,31,Patna,1,12,14.49,1,3,8.1,32,1,100000,0,1,1,0,3.86,0,retained,0
USR1019,47,Gorakhpur,0,8,20.55,5,24,6.79,24,0,10000,0,4,0,1,4.67,1,retained,0
USR1020,56,Bhopal,1,10,18.67,3,24,8.87,15,1,10000,1,2,1,1,0.97,1,kyc_dropout,1
USR1021,46,Jaipur,1,14,14.6,6,36,8.2,7,1,50000,0,0,1,0,0.74,1,retained,0
USR1022,47,Mumbai,1,5,8.17,1,24,8.67,34,1,50000,0,5,1,0,7.95,1,kyc_dropout,1
USR1023,32,Chennai,1,15,17.37,2,3,7.76,45,0,100000,0,5,1,0,1.34,1,retained,0
USR1024,59,Bhopal,1,6,13.08,5,36,7.64,10,1,50000,0,1,1,1,3.54,0,retained,0
USR1025,23,Gorakhpur,1,11,21.69,4,12,6.79,60,0,10000,1,4,1,0,13.9,0,retained,0
USR1026,28,Mumbai,1,11,6.2,1,6,8.07,43,1,25000,1,5,1,1,1.7,0,kyc_dropout,1
USR1027,39,Gorakhpur,0,10,2.67,2,6,8.04,10,0,500000,0,1,1,0,4.72,1,retained,0
USR1028,48,Bengaluru,1,2,2.47,6,36,7.9,10,0,10000,0,2,0,0,11.03,0,retained,0
USR1029,55,Gorakhpur,1,9,14.44,3,12,8.72,21,0,100000,1,5,1,0,13.32,1,retained,0
USR1030,48,Bhopal,0,14,20.72,2,6,9.0,61,0,25000,1,3,1,1,1.17,0,retained,0
USR1031,38,Bhopal,1,10,1.04,5,36,8.75,47,0,25000,0,0,1,0,3.19,1,comparison_paralysis,1
USR1032,45,Delhi,1,4,16.24,4,24,6.93,62,0,500000,0,3,1,0,6.12,1,retained,0
USR1033,46,Gorakhpur,1,6,14.8,5,3,8.37,50,0,10000,1,2,1,1,5.73,1,retained,0
USR1034,28,Bhopal,1,14,16.38,2,12,6.74,44,1,25000,1,3,1,0,4.68,1,kyc_dropout,1
USR1035,27,Chennai,1,4,8.46,1,6,8.58,32,0,25000,1,2,0,0,4.01,0,retained,0
USR1036,45,Patna,1,15,18.23,4,3,7.65,59,0,50000,0,2,0,0,4.4,0,retained,0
USR1037,54,Surat,0,16,1.94,4,36,6.9,1,0,25000,1,4,0,0,2.43,0,overwhelmed_firsttimer,1
USR1038,50,Nagpur,1,7,16.86,2,6,9.09,12,1,100000,1,3,1,1,2.87,1,kyc_dropout,1
USR1039,43,Pune,1,17,6.61,6,3,8.34,56,0,25000,1,1,0,1,9.3,1,comparison_paralysis,1
USR1040,47,Surat,1,17,11.01,6,24,7.56,42,0,50000,1,2,1,0,4.74,1,comparison_paralysis,1
USR1041,49,Nagpur,1,6,18.28,5,12,6.59,44,0,200000,0,3,0,0,6.3,0,retained,0
USR1042,42,Delhi,1,11,6.7,2,36,8.11,30,0,200000,1,1,0,0,6.47,1,overwhelmed_firsttimer,1
USR1043,28,Coimbatore,1,16,4.89,4,6,9.27,9,0,100000,0,0,1,0,2.09,1,retained,0
USR1044,38,Bhopal,0,8,15.31,2,24,8.29,22,0,500000,1,1,1,0,12.38,1,retained,0
USR1045,41,Jaipur,0,11,12.2,4,12,9.41,28,1,500000,1,3,0,0,14.37,1,kyc_dropout,1
USR1046,41,Bengaluru,0,7,11.8,5,12,6.91,30,0,100000,1,3,1,0,4.32,1,retained,0
USR1047,43,Delhi,1,10,6.39,1,24,8.2,17,0,25000,0,1,0,0,4.77,1,retained,0
USR1048,49,Pune,1,9,1.73,1,6,8.89,10,0,25000,0,1,1,1,10.55,0,retained,0
USR1049,61,Nagpur,0,4,9.62,2,12,8.08,46,0,200000,0,5,0,1,1.67,1,retained,0
USR1050,28,Bengaluru,1,15,3.24,4,36,6.77,2,1,200000,0,2,1,0,13.66,1,kyc_dropout,1
USR1051,22,Lucknow,0,13,20.03,1,3,8.25,1,0,10000,1,3,0,0,2.25,1,overwhelmed_firsttimer,1
USR1052,53,Gorakhpur,1,2,1.87,4,36,8.34,53,1,200000,1,2,1,0,11.11,1,kyc_dropout,1
USR1053,34,Nagpur,0,2,10.06,5,12,8.69,30,1,200000,1,2,0,1,4.73,0,kyc_dropout,1
USR1054,51,Bhopal,0,16,2.1,2,3,8.78,7,0,100000,1,0,1,1,5.19,0,retained,0
USR1055,44,Bhopal,1,9,3.01,4,24,8.81,42,1,10000,1,3,0,1,2.54,1,kyc_dropout,1
USR1056,40,Lucknow,1,13,14.84,2,3,8.49,47,0,500000,1,2,1,0,9.87,1,retained,0
USR1057,53,Surat,1,3,14.59,4,3,7.15,1,1,10000,1,0,1,0,12.03,0,retained,0
USR1058,51,Gorakhpur,1,9,1.69,6,3,7.71,21,0,25000,0,5,1,1,14.28,0,retained,0
USR1059,50,Bengaluru,1,13,1.02,6,12,8.83,4,0,25000,0,2,1,1,5.31,1,retained,0
USR1060,50,Patna,1,2,2.66,4,6,9.36,6,0,10000,1,2,1,1,9.51,1,retained,0
USR1061,51,Patna,1,8,17.02,5,12,6.74,19,0,10000,1,5,1,0,6.52,0,retained,0
USR1062,37,Delhi,1,9,13.28,2,6,8.11,1,0,25000,1,3,1,0,8.59,1,retained,0
USR1063,61,Jaipur,0,16,1.8,3,24,7.44,31,0,100000,1,1,1,0,2.86,0,retained,0
USR1064,40,Mumbai,0,2,11.25,4,24,7.18,2,0,100000,1,5,1,1,8.94,1,retained,0
USR1065,39,Chennai,1,6,15.95,4,24,8.02,40,0,100000,1,1,0,1,12.81,0,retained,0
USR1066,22,Bhopal,0,8,19.25,6,24,8.32,41,0,100000,1,3,0,0,13.02,1,overwhelmed_firsttimer,1
USR1067,35,Delhi,1,5,20.61,1,24,6.53,44,0,25000,1,1,1,0,7.51,1,retained,0
USR1068,23,Patna,1,9,7.88,6,36,8.84,16,0,50000,0,4,1,0,3.92,1,retained,0
USR1069,49,Mumbai,1,1,3.85,2,12,8.96,46,0,200000,0,1,1,0,12.63,1,inactive_browser,1
USR1070,51,Patna,0,9,5.98,6,6,9.4,23,0,200000,1,5,0,0,14.99,1,overwhelmed_firsttimer,1
USR1071,59,Chennai,1,10,17.3,3,24,7.04,33,0,200000,1,2,1,0,5.97,0,retained,0
USR1072,25,Surat,1,4,21.4,5,36,8.28,49,0,200000,1,2,1,0,13.9,1,retained,0
USR1073,22,Pune,1,3,10.79,3,36,7.78,41,1,25000,0,0,0,0,14.76,1,retained,0
USR1074,29,Chennai,1,10,7.41,5,36,7.5,32,0,50000,1,5,1,1,6.24,1,comparison_paralysis,1
USR1075,50,Coimbatore,0,15,10.01,3,12,8.2,26,0,25000,0,3,1,0,10.89,1,retained,0
USR1076,60,Patna,0,11,7.4,6,24,8.85,58,0,50000,1,0,0,1,8.93,0,comparison_paralysis,1
USR1077,24,Lucknow,1,14,6.39,3,36,6.57,18,0,25000,1,2,1,0,10.97,1,retained,0
USR1078,53,Gorakhpur,1,6,13.47,6,36,9.41,2,0,10000,0,2,1,1,2.74,1,retained,0
USR1079,31,Patna,1,12,1.33,6,24,8.93,24,0,50000,0,0,0,1,5.82,0,comparison_paralysis,1
USR1080,31,Bhopal,1,13,6.45,2,12,8.75,14,0,200000,0,5,0,0,1.41,1,retained,0
USR1081,40,Coimbatore,1,17,14.89,6,36,8.78,59,0,50000,0,4,0,0,9.39,1,comparison_paralysis,1
USR1082,55,Chennai,0,16,1.67,1,6,7.67,22,1,500000,1,1,0,0,13.94,0,overwhelmed_firsttimer,1
USR1083,54,Delhi,1,3,2.75,3,3,8.75,10,0,100000,0,4,1,0,8.62,1,retained,0
USR1084,44,Coimbatore,1,2,7.16,4,3,7.66,58,0,50000,1,4,0,0,1.52,0,retained,0
USR1085,49,Nagpur,1,11,19.43,4,3,9.2,33,1,500000,0,4,1,0,13.99,1,kyc_dropout,1
USR1086,53,Nagpur,1,9,17.06,4,12,7.03,6,0,100000,0,5,0,1,2.43,1,retained,0
USR1087,28,Pune,1,3,1.47,1,36,7.38,43,1,500000,1,4,1,0,13.3,1,kyc_dropout,1
USR1088,50,Patna,1,15,11.54,6,3,8.15,63,1,100000,1,1,0,0,10.86,1,comparison_paralysis,1
USR1089,29,Bengaluru,1,14,6.77,3,3,7.46,22,0,10000,1,3,1,0,9.73,0,retained,0
USR1090,22,Surat,0,2,14.62,5,24,7.77,57,0,50000,0,0,0,0,9.01,1,retained,0
USR1091,24,Coimbatore,1,17,16.15,5,36,7.98,19,1,500000,0,4,0,0,2.4,1,kyc_dropout,1
USR1092,45,Delhi,1,8,19.12,2,36,9.07,26,1,10000,1,4,0,0,7.76,1,kyc_dropout,1
USR1093,44,Chennai,1,10,10.98,1,24,8.07,59,1,200000,1,0,0,1,3.35,1,overwhelmed_firsttimer,1
USR1094,29,Nagpur,1,8,21.88,3,36,7.59,7,0,50000,0,0,0,0,8.79,1,retained,0
USR1095,58,Pune,1,8,21.58,6,6,7.24,1,0,25000,1,3,1,0,6.99,1,retained,0
USR1096,24,Nagpur,1,3,19.53,4,12,7.73,21,1,25000,1,2,0,0,10.36,1,kyc_dropout,1
USR1097,54,Bhopal,0,3,13.07,1,24,8.05,35,0,25000,0,3,1,0,14.75,1,retained,0
USR1098,49,Coimbatore,1,12,9.36,1,3,8.74,23,1,500000,1,2,1,1,5.73,1,kyc_dropout,1
USR1099,29,Jaipur,1,17,8.65,3,36,6.86,11,0,500000,0,5,1,1,9.44,1,retained,0
USR1100,55,Surat,1,4,1.25,6,6,7.16,21,1,100000,1,1,1,0,13.03,1,retained,0
USR1101,56,Jaipur,1,17,6.23,2,6,7.64,22,0,25000,1,3,1,1,1.85,1,retained,0
USR1102,53,Gorakhpur,1,14,16.09,6,12,7.58,62,0,200000,0,1,1,0,12.1,1,comparison_paralysis,1
USR1103,45,Lucknow,1,9,13.68,2,6,7.68,29,1,500000,1,0,0,0,3.97,0,overwhelmed_firsttimer,1
USR1104,35,Chennai,1,12,20.24,2,36,8.88,18,0,50000,1,3,1,0,8.33,1,retained,0
USR1105,53,Patna,0,5,2.05,4,36,7.47,25,0,500000,0,5,1,1,14.88,1,retained,0
USR1106,37,Bengaluru,1,11,4.26,4,6,8.01,10,0,50000,1,0,0,0,14.77,1,overwhelmed_firsttimer,1
USR1107,25,Lucknow,1,3,17.57,3,36,8.37,19,1,500000,1,5,1,0,5.08,1,kyc_dropout,1
USR1108,58,Jaipur,0,15,8.53,6,36,7.2,55,1,100000,1,5,0,0,2.41,1,kyc_dropout,1
USR1109,42,Chennai,1,14,3.49,2,3,8.66,44,0,100000,0,4,0,1,14.1,1,inactive_browser,1
USR1110,35,Patna,1,11,21.93,3,24,8.14,46,0,100000,1,0,1,0,13.46,1,retained,0
USR1111,52,Delhi,0,8,17.53,2,36,7.84,57,0,200000,0,5,0,0,9.43,1,retained,0
USR1112,39,Mumbai,1,4,9.58,1,36,8.93,9,1,500000,1,4,0,1,0.97,1,kyc_dropout,1
USR1113,28,Chennai,1,12,18.29,5,12,7.23,21,0,50000,1,2,0,1,11.39,1,comparison_paralysis,1
USR1114,31,Surat,1,8,15.29,5,24,9.15,23,0,500000,0,4,0,1,2.83,1,retained,0
USR1115,28,Patna,1,6,17.59,2,24,8.18,60,0,10000,1,2,0,1,14.17,0,retained,0
USR1116,54,Chennai,1,15,18.12,3,24,8.33,6,0,100000,1,4,0,1,6.81,1,overwhelmed_firsttimer,1
USR1117,44,Lucknow,1,12,2.78,4,6,9.13,37,1,25000,1,4,0,0,9.42,1,kyc_dropout,1
USR1118,42,Lucknow,0,16,14.08,6,3,8.95,20,0,10000,1,1,0,0,4.58,1,overwhelmed_firsttimer,1
USR1119,40,Surat,1,16,1.14,2,3,8.3,7,0,10000,0,1,0,0,7.39,0,retained,0
USR1120,40,Patna,1,4,1.91,2,12,8.76,27,0,100000,1,0,1,1,11.44,1,retained,0
USR1121,57,Patna,1,11,19.98,6,24,7.8,53,1,25000,0,5,0,1,7.63,1,kyc_dropout,1
USR1122,50,Bhopal,0,13,12.08,4,24,8.14,30,0,100000,1,1,1,0,12.78,0,retained,0
USR1123,39,Patna,1,9,16.45,2,36,6.69,40,0,100000,1,2,1,0,10.84,1,retained,0
USR1124,23,Delhi,0,4,18.61,1,6,6.77,36,0,25000,1,1,1,1,1.62,1,retained,0
USR1125,22,Delhi,1,12,20.94,4,6,8.99,37,1,10000,0,0,1,0,9.3,1,retained,0
USR1126,26,Bengaluru,0,9,19.26,1,12,6.68,50,0,10000,1,3,0,0,9.38,1,overwhelmed_firsttimer,1
USR1127,41,Chennai,1,13,11.15,5,3,7.01,36,0,500000,1,2,1,0,6.02,1,comparison_paralysis,1
USR1128,32,Lucknow,1,16,8.06,6,24,8.89,30,0,25000,0,3,0,0,5.18,1,comparison_paralysis,1
USR1129,23,Patna,1,6,4.24,4,12,6.5,61,0,10000,1,2,0,1,1.41,1,retained,0
USR1130,24,Bhopal,1,10,9.41,4,6,7.35,17,1,200000,1,5,0,1,6.97,1,kyc_dropout,1
USR1131,44,Gorakhpur,1,13,8.7,3,6,8.25,5,0,100000,1,5,1,1,5.38,1,retained,0
USR1132,33,Delhi,1,7,12.75,3,6,8.29,8,1,200000,0,5,1,0,14.29,1,kyc_dropout,1
USR1133,41,Gorakhpur,1,17,14.98,6,24,8.83,10,0,200000,0,0,1,1,10.28,1,retained,0
USR1134,26,Chennai,1,13,21.54,4,24,8.02,1,0,500000,1,1,1,0,7.17,1,retained,0
USR1135,58,Coimbatore,1,13,16.3,5,24,8.03,28,0,500000,1,3,1,0,11.44,0,comparison_paralysis,1
USR1136,59,Coimbatore,1,2,14.52,2,36,8.68,50,1,500000,1,3,0,0,11.79,1,kyc_dropout,1
USR1137,51,Lucknow,0,10,8.04,6,3,8.0,22,0,200000,1,1,1,1,7.47,1,comparison_paralysis,1
USR1138,30,Bhopal,1,13,1.72,6,6,8.33,6,1,50000,0,0,1,0,1.6,0,retained,0
USR1139,55,Nagpur,0,9,7.05,3,6,9.19,55,0,50000,1,1,1,0,11.82,1,retained,0
USR1140,56,Nagpur,1,1,17.14,5,36,7.7,61,0,200000,0,4,0,1,1.81,1,retained,0
USR1141,43,Bhopal,1,14,5.31,6,6,7.66,14,1,100000,1,4,1,0,12.79,1,kyc_dropout,1
USR1142,45,Jaipur,1,16,15.96,5,6,6.51,52,1,200000,1,5,0,1,5.35,0,kyc_dropout,1
USR1143,38,Nagpur,0,15,13.18,6,24,8.34,42,0,200000,1,4,0,1,9.75,1,comparison_paralysis,1
USR1144,31,Coimbatore,1,1,4.61,3,24,6.59,34,0,500000,1,3,1,0,11.24,0,retained,0
USR1145,51,Surat,1,17,6.49,2,3,8.01,13,0,500000,1,5,0,0,1.01,1,overwhelmed_firsttimer,1
USR1146,44,Bhopal,0,13,11.42,3,6,8.91,48,0,500000,1,3,0,0,6.08,1,overwhelmed_firsttimer,1
USR1147,53,Patna,1,15,9.79,6,12,8.15,17,0,50000,1,0,1,1,9.26,0,retained,0
USR1148,38,Coimbatore,0,16,17.35,5,6,7.31,50,0,200000,1,2,1,0,12.8,0,comparison_paralysis,1
USR1149,38,Surat,1,16,16.42,1,6,8.86,0,0,100000,1,1,0,0,10.91,1,overwhelmed_firsttimer,1
USR1150,35,Surat,1,2,13.07,3,3,7.31,26,0,100000,1,2,0,0,13.49,1,retained,0
USR1151,30,Bhopal,1,17,18.27,5,12,8.7,63,1,500000,1,3,1,0,1.7,1,kyc_dropout,1
USR1152,61,Surat,0,11,12.82,3,6,8.33,59,1,500000,1,1,0,0,1.54,1,overwhelmed_firsttimer,1
USR1153,23,Bhopal,0,8,21.25,6,12,7.01,40,0,200000,1,3,1,1,10.85,1,retained,0
USR1154,46,Nagpur,0,3,5.56,5,24,9.22,20,1,100000,1,0,1,0,6.28,1,retained,0
USR1155,60,Delhi,1,12,16.0,2,24,7.1,13,0,200000,1,5,1,0,7.48,1,retained,0
USR1156,30,Coimbatore,0,16,8.77,5,12,9.47,19,0,50000,1,1,0,0,9.26,1,overwhelmed_firsttimer,1
USR1157,43,Jaipur,1,14,6.86,4,6,6.52,10,0,200000,0,3,0,1,14.8,1,retained,0
USR1158,25,Lucknow,1,16,4.79,1,12,7.29,23,0,500000,1,4,1,0,1.47,1,retained,0
USR1159,47,Coimbatore,0,17,12.6,6,12,7.1,36,1,10000,0,4,1,0,2.08,1,kyc_dropout,1
USR1160,50,Bengaluru,0,11,5.52,5,24,6.54,23,0,50000,1,3,1,0,12.53,0,comparison_paralysis,1
USR1161,55,Mumbai,1,17,5.21,6,12,8.7,14,0,100000,1,2,0,0,0.8,1,overwhelmed_firsttimer,1
USR1162,44,Chennai,1,1,21.8,3,36,8.58,11,0,100000,1,5,0,0,7.03,0,retained,0
USR1163,58,Bhopal,1,12,17.84,3,36,8.88,63,1,500000,0,0,0,1,11.72,0,retained,0
USR1164,32,Chennai,0,15,16.71,5,24,7.27,30,1,500000,0,0,1,0,3.33,1,comparison_paralysis,1
USR1165,27,Pune,0,14,17.68,4,6,7.83,52,1,50000,1,3,1,0,3.21,1,kyc_dropout,1
USR1166,39,Patna,1,1,21.35,5,6,8.48,43,0,500000,0,0,0,0,5.0,0,retained,0
USR1167,42,Gorakhpur,1,13,13.04,2,24,7.82,29,0,10000,0,1,1,0,2.68,0,retained,0
USR1168,57,Gorakhpur,1,15,5.63,4,6,8.59,34,0,50000,1,0,1,0,10.34,1,retained,0
USR1169,59,Mumbai,1,7,19.11,6,3,8.4,20,0,500000,1,4,1,0,3.4,0,retained,0
USR1170,55,Patna,0,15,16.6,5,36,6.84,62,0,25000,1,3,1,0,3.79,1,comparison_paralysis,1
USR1171,38,Surat,1,10,9.7,6,3,8.84,16,1,10000,1,1,1,1,8.84,1,retained,0
USR1172,58,Delhi,1,14,10.94,1,3,8.66,11,0,50000,1,0,1,0,14.53,1,retained,0
USR1173,46,Jaipur,1,6,9.64,4,3,8.47,17,0,25000,1,4,1,0,13.75,1,retained,0
USR1174,59,Pune,0,14,20.53,5,24,6.97,59,1,200000,1,5,1,0,13.04,1,kyc_dropout,1
USR1175,33,Mumbai,1,12,8.21,1,3,7.3,14,1,10000,0,2,1,1,8.2,1,kyc_dropout,1
USR1176,44,Bhopal,1,11,21.23,5,12,7.68,15,0,200000,1,0,0,1,4.82,1,overwhelmed_firsttimer,1
USR1177,43,Lucknow,0,2,20.12,2,6,7.34,21,0,25000,1,4,1,0,10.73,1,retained,0
USR1178,42,Patna,1,1,14.24,3,24,7.18,62,0,100000,1,5,0,0,6.15,1,retained,0
USR1179,48,Chennai,1,8,13.18,6,12,8.92,30,1,100000,0,5,1,0,11.78,1,kyc_dropout,1
USR1180,52,Jaipur,1,14,8.77,5,12,8.41,0,1,500000,1,4,0,0,0.73,1,kyc_dropout,1
USR1181,27,Chennai,1,9,1.39,4,36,8.2,5,0,100000,1,4,0,0,8.18,1,overwhelmed_firsttimer,1
USR1182,48,Coimbatore,1,2,3.68,5,36,7.18,8,1,200000,1,4,0,1,5.39,1,kyc_dropout,1
USR1183,61,Bhopal,0,5,16.84,5,12,9.25,51,1,10000,1,2,0,1,4.11,0,kyc_dropout,1
USR1184,55,Gorakhpur,0,8,10.9,5,36,7.07,61,0,200000,1,3,0,0,10.1,1,overwhelmed_firsttimer,1
USR1185,33,Jaipur,0,16,4.15,5,6,8.88,57,1,200000,1,4,0,0,10.05,0,kyc_dropout,1
USR1186,28,Coimbatore,1,16,6.54,4,6,9.4,18,0,100000,1,3,0,0,1.04,1,overwhelmed_firsttimer,1
USR1187,31,Surat,1,13,20.9,4,36,8.68,12,0,200000,0,5,0,0,14.24,1,retained,0
USR1188,38,Lucknow,1,15,8.71,5,3,9.48,31,0,25000,1,2,1,0,5.75,1,comparison_paralysis,1
USR1189,47,Coimbatore,1,1,20.06,3,12,8.45,8,0,50000,1,5,0,0,13.8,1,retained,0
USR1190,42,Patna,0,3,7.4,5,6,7.15,48,1,50000,1,2,1,0,8.96,1,kyc_dropout,1
USR1191,49,Jaipur,1,6,12.41,6,36,7.11,36,1,50000,1,5,1,0,9.96,1,kyc_dropout,1
USR1192,23,Surat,1,14,1.43,6,36,7.47,30,1,500000,0,1,0,1,14.43,0,comparison_paralysis,1
USR1193,22,Mumbai,1,4,11.96,4,6,6.52,30,0,100000,1,1,0,1,12.42,0,retained,0
USR1194,57,Patna,1,15,14.38,6,6,8.55,58,0,100000,0,4,0,1,2.53,0,comparison_paralysis,1
USR1195,47,Jaipur,0,9,5.92,6,3,7.31,54,0,50000,0,3,1,0,0.58,1,retained,0
USR1196,50,Pune,0,3,13.16,2,36,8.95,18,0,10000,1,5,1,0,4.97,1,retained,0
USR1197,42,Delhi,1,10,14.59,5,36,7.58,62,0,500000,1,2,0,0,7.58,1,comparison_paralysis,1
USR1198,32,Patna,1,17,15.42,5,24,7.94,1,0,50000,1,0,0,0,11.12,1,overwhelmed_firsttimer,1
USR1199,61,Pune,1,7,17.3,5,3,9.4,44,0,200000,1,1,1,0,10.09,1,retained,0
USR1200,32,Surat,1,15,7.54,5,6,7.23,42,0,50000,0,1,0,0,5.04,1,comparison_paralysis,1
USR1201,57,Bhopal,1,1,12.92,1,6,8.66,0,0,50000,0,5,1,0,8.36,1,retained,0
USR1202,60,Mumbai,1,11,21.61,5,12,8.77,60,0,10000,1,0,0,1,9.94,0,comparison_paralysis,1
USR1203,61,Chennai,1,17,19.86,4,6,7.16,2,1,100000,1,3,0,0,7.95,1,kyc_dropout,1
USR1204,56,Surat,0,5,21.01,4,36,8.0,43,0,100000,0,3,0,0,10.49,0,retained,0
USR1205,55,Pune,1,7,9.11,1,6,7.55,6,0,200000,1,3,1,0,7.54,0,retained,0
USR1206,45,Jaipur,1,15,17.53,5,36,8.82,32,1,50000,1,4,0,0,8.18,1,kyc_dropout,1
USR1207,43,Coimbatore,1,3,14.02,3,36,8.37,8,1,25000,1,4,0,0,14.14,1,kyc_dropout,1
USR1208,26,Lucknow,0,15,2.74,5,3,7.93,29,1,200000,0,5,0,0,6.14,1,kyc_dropout,1
USR1209,54,Gorakhpur,0,5,18.3,4,6,8.84,17,0,100000,1,0,0,0,11.46,1,retained,0
USR1210,57,Gorakhpur,1,12,15.22,2,3,7.21,55,0,10000,1,5,1,1,5.35,0,retained,0
USR1211,41,Mumbai,1,5,5.18,6,36,8.76,30,1,100000,0,2,0,0,5.31,1,kyc_dropout,1
USR1212,40,Gorakhpur,1,3,2.67,2,6,9.1,62,1,100000,0,0,1,0,13.94,1,inactive_browser,1
USR1213,56,Coimbatore,1,9,18.58,3,6,9.14,49,0,10000,0,2,0,0,10.63,1,retained,0
USR1214,38,Patna,1,9,2.66,5,3,8.85,0,0,50000,1,0,1,0,13.97,1,retained,0
USR1215,55,Chennai,1,7,2.92,1,3,7.72,18,0,50000,1,4,1,0,14.92,1,retained,0
USR1216,30,Lucknow,1,2,9.98,5,36,9.45,63,0,100000,0,3,1,0,0.5,1,retained,0
USR1217,47,Bhopal,0,16,3.83,3,36,7.64,52,0,200000,1,1,1,0,14.76,1,inactive_browser,1
USR1218,23,Coimbatore,0,9,20.19,3,6,8.42,5,0,25000,1,0,0,1,1.96,0,overwhelmed_firsttimer,1
USR1219,30,Lucknow,1,13,10.88,6,6,6.98,16,1,200000,1,0,1,0,1.52,1,retained,0
USR1220,30,Bhopal,1,17,12.95,3,24,9.44,45,0,500000,1,1,1,0,11.63,0,retained,0
USR1221,61,Surat,1,6,20.49,2,24,8.61,54,1,200000,1,0,0,0,5.58,0,retained,0
USR1222,38,Jaipur,1,4,12.14,6,12,8.76,5,0,100000,0,3,0,0,13.81,1,retained,0
USR1223,22,Patna,0,1,8.43,5,36,6.7,39,0,100000,1,5,0,0,8.4,1,retained,0
USR1224,46,Surat,1,9,17.74,5,12,8.79,8,0,25000,0,1,1,0,6.1,1,retained,0
USR1225,61,Nagpur,0,13,10.3,1,12,8.82,10,1,25000,1,1,0,0,1.56,1,overwhelmed_firsttimer,1
USR1226,46,Chennai,0,8,7.69,3,3,8.52,19,0,25000,1,3,1,0,7.24,1,retained,0
USR1227,60,Pune,1,13,16.19,3,3,7.38,42,0,100000,0,3,0,0,4.53,1,retained,0
USR1228,56,Jaipur,1,15,17.83,4,24,7.97,57,1,100000,0,1,1,0,1.61,1,retained,0
USR1229,24,Pune,0,11,17.63,6,12,6.83,25,0,200000,1,3,1,0,10.22,1,comparison_paralysis,1
USR1230,58,Bhopal,1,12,21.53,4,24,7.91,37,1,100000,0,5,1,0,14.67,0,kyc_dropout,1
USR1231,51,Lucknow,0,14,17.52,6,36,7.23,35,1,500000,0,3,0,0,5.99,1,kyc_dropout,1
USR1232,59,Bhopal,0,4,17.17,2,6,7.55,54,1,50000,1,5,1,0,4.81,0,kyc_dropout,1
USR1233,55,Surat,1,1,19.01,6,3,6.99,5,0,50000,1,3,1,1,1.8,1,retained,0
USR1234,33,Patna,1,4,1.0,5,36,7.19,2,0,25000,0,1,1,1,3.74,1,retained,0
USR1235,40,Bhopal,1,9,8.61,1,36,6.73,64,1,100000,1,0,1,1,4.63,1,retained,0
USR1236,58,Patna,1,10,16.49,6,3,9.26,63,0,500000,1,2,1,0,5.49,1,comparison_paralysis,1
USR1237,38,Lucknow,1,4,13.59,6,3,8.09,57,0,50000,1,1,1,0,9.69,0,retained,0
USR1238,31,Lucknow,1,9,4.73,6,12,7.69,57,1,200000,1,2,1,0,2.17,1,kyc_dropout,1
USR1239,33,Surat,1,13,7.38,1,24,8.11,17,0,10000,0,3,1,0,1.35,0,retained,0
USR1240,37,Jaipur,0,12,8.07,3,36,8.38,22,1,200000,0,3,1,0,13.99,1,kyc_dropout,1
USR1241,45,Gorakhpur,1,11,12.92,1,12,9.27,28,1,10000,0,0,1,0,12.09,1,retained,0
USR1242,40,Nagpur,1,12,18.46,3,12,7.04,22,1,500000,0,3,1,0,4.53,0,kyc_dropout,1
USR1243,29,Patna,1,12,20.58,5,36,7.39,35,0,200000,1,2,0,0,9.76,1,comparison_paralysis,1
USR1244,52,Jaipur,1,16,16.75,1,36,9.43,5,0,50000,1,1,1,0,9.09,1,retained,0
USR1245,42,Nagpur,0,5,18.7,3,6,7.61,33,0,100000,1,1,0,0,11.27,1,retained,0
USR1246,38,Nagpur,1,12,10.87,5,24,6.57,43,0,10000,1,5,0,0,12.96,1,comparison_paralysis,1
USR1247,44,Gorakhpur,1,11,9.19,5,36,6.94,43,0,100000,1,0,0,0,5.69,1,comparison_paralysis,1
USR1248,58,Surat,1,9,9.25,3,3,6.58,26,0,500000,1,2,0,0,10.08,1,overwhelmed_firsttimer,1
USR1249,37,Nagpur,0,3,13.94,3,6,9.47,51,0,100000,1,3,1,0,12.13,1,retained,0
USR1250,27,Patna,1,17,3.61,2,24,7.34,41,0,50000,1,4,0,0,10.64,1,overwhelmed_firsttimer,1
USR1251,29,Coimbatore,1,14,13.17,5,3,9.27,24,1,500000,0,0,1,1,13.87,1,comparison_paralysis,1
USR1252,46,Chennai,1,1,14.97,3,3,9.49,38,0,25000,0,0,0,0,7.67,1,retained,0
USR1253,39,Bhopal,1,17,10.22,5,24,8.3,38,0,25000,0,4,1,0,12.14,0,comparison_paralysis,1
USR1254,46,Gorakhpur,1,8,21.02,1,6,6.6,11,1,10000,0,1,1,0,13.69,0,retained,0
USR1255,33,Lucknow,0,5,13.77,4,3,6.74,10,1,50000,1,5,0,0,8.58,1,kyc_dropout,1
USR1256,36,Gorakhpur,1,5,5.62,4,12,7.94,2,0,100000,1,1,0,0,0.75,0,retained,0
USR1257,47,Mumbai,1,9,11.06,6,24,7.72,21,0,200000,1,1,1,0,12.36,0,retained,0
USR1258,47,Lucknow,0,3,15.18,3,24,8.32,3,0,200000,1,4,1,1,12.77,0,retained,0
USR1259,53,Bengaluru,0,9,7.8,3,36,7.82,7,0,500000,1,3,0,1,6.3,1,overwhelmed_firsttimer,1
USR1260,31,Patna,0,16,2.67,5,6,9.3,13,1,10000,0,3,1,0,3.82,0,kyc_dropout,1
USR1261,37,Mumbai,1,1,13.25,6,12,8.1,13,1,10000,1,5,1,0,14.68,0,kyc_dropout,1
USR1262,28,Gorakhpur,1,2,20.91,3,12,8.58,15,0,10000,0,5,0,0,8.5,1,retained,0
USR1263,38,Lucknow,1,14,11.19,5,36,9.19,31,1,50000,1,2,1,0,7.98,1,kyc_dropout,1
USR1264,44,Coimbatore,1,14,20.03,3,3,6.94,63,1,200000,0,2,0,0,14.22,1,kyc_dropout,1
USR1265,47,Gorakhpur,1,1,18.54,5,3,7.19,15,1,500000,1,1,1,0,6.42,1,retained,0
USR1266,42,Nagpur,0,16,4.1,3,12,6.82,51,0,50000,1,4,1,0,12.8,1,retained,0
USR1267,43,Chennai,0,15,15.87,2,6,6.92,18,0,500000,1,5,0,0,10.66,1,overwhelmed_firsttimer,1
USR1268,28,Lucknow,1,15,10.14,5,3,8.04,11,0,50000,0,0,0,1,14.53,1,retained,0
USR1269,35,Coimbatore,1,12,6.26,2,24,7.46,4,0,100000,1,3,0,0,6.72,1,overwhelmed_firsttimer,1
USR1270,36,Bhopal,1,16,15.43,2,36,7.77,41,0,50000,1,4,1,0,13.66,1,retained,0
USR1271,28,Surat,1,14,16.6,2,6,9.45,16,1,50000,0,5,1,1,8.75,0,kyc_dropout,1
USR1272,30,Bengaluru,1,15,4.78,2,3,6.97,9,1,100000,1,2,1,0,7.4,1,kyc_dropout,1
USR1273,29,Coimbatore,1,15,20.2,1,12,8.12,15,1,25000,1,5,1,0,4.93,1,kyc_dropout,1
USR1274,44,Bengaluru,1,8,16.77,6,36,6.8,15,0,100000,1,3,1,0,8.51,1,retained,0
USR1275,50,Chennai,1,2,20.6,4,3,7.46,41,0,10000,0,5,0,1,8.8,1,retained,0
USR1276,39,Coimbatore,1,2,7.66,1,12,8.08,2,0,25000,1,3,1,0,13.53,1,retained,0
USR1277,52,Mumbai,1,10,20.73,3,3,9.34,22,0,200000,0,4,1,0,10.71,1,retained,0
USR1278,51,Nagpur,1,3,8.74,3,36,7.67,27,1,500000,0,5,0,1,12.48,1,kyc_dropout,1
USR1279,60,Bhopal,1,17,2.13,6,24,6.69,44,0,50000,0,5,0,0,11.65,1,comparison_paralysis,1
USR1280,56,Coimbatore,1,8,17.02,4,24,7.66,23,1,25000,0,2,1,0,4.51,1,kyc_dropout,1
USR1281,39,Bengaluru,1,4,15.77,4,12,6.94,18,0,200000,1,4,0,0,3.48,0,retained,0
USR1282,60,Bhopal,1,14,13.56,4,24,7.19,39,0,100000,0,0,1,0,4.25,1,retained,0
USR1283,38,Coimbatore,0,10,11.29,2,36,8.35,45,1,100000,1,3,0,0,2.63,0,kyc_dropout,1
USR1284,35,Lucknow,1,1,1.68,1,12,6.7,39,0,10000,1,4,1,0,6.1,1,inactive_browser,1
USR1285,52,Patna,1,4,14.12,3,3,7.89,61,0,10000,1,4,0,0,9.98,1,retained,0
USR1286,45,Pune,0,1,9.75,1,6,8.33,17,0,25000,1,0,1,0,8.29,0,retained,0
USR1287,56,Mumbai,0,17,12.76,1,3,7.77,11,1,500000,1,4,1,0,10.35,0,kyc_dropout,1
USR1288,55,Bhopal,1,17,10.02,1,36,6.56,13,1,50000,1,3,0,0,5.66,1,kyc_dropout,1
USR1289,24,Patna,1,7,21.29,4,12,9.46,60,1,100000,0,1,0,1,3.48,1,retained,0
USR1290,58,Nagpur,1,15,13.69,6,3,7.6,11,1,25000,1,1,0,0,3.44,0,overwhelmed_firsttimer,1
USR1291,61,Patna,1,13,16.73,6,12,8.84,26,1,25000,0,2,1,0,9.21,1,kyc_dropout,1
USR1292,47,Surat,1,2,20.66,4,24,7.48,5,1,500000,0,0,1,1,2.88,1,retained,0
USR1293,44,Patna,1,13,13.42,3,6,7.93,32,0,25000,1,2,1,1,6.26,1,retained,0
USR1294,60,Coimbatore,1,11,1.25,3,36,7.67,49,0,10000,0,1,0,0,3.59,1,inactive_browser,1
USR1295,36,Jaipur,0,15,1.72,3,3,7.53,11,0,500000,1,0,1,0,10.11,1,retained,0
USR1296,25,Pune,1,10,15.75,6,6,6.57,56,1,100000,0,4,1,0,9.42,1,kyc_dropout,1
USR1297,50,Lucknow,1,9,6.86,6,36,7.58,52,0,10000,1,4,1,0,6.03,0,retained,0
USR1298,43,Jaipur,1,9,13.17,1,36,9.17,12,0,10000,0,3,0,1,2.37,1,retained,0
USR1299,46,Delhi,1,1,5.25,4,24,8.57,2,1,500000,0,5,1,0,3.57,1,kyc_dropout,1
USR1300,34,Bhopal,1,17,6.68,2,12,6.94,63,0,500000,1,1,1,1,7.35,1,retained,0
USR1301,39,Coimbatore,1,12,11.6,1,12,8.27,57,1,25000,1,4,1,1,14.6,1,kyc_dropout,1
USR1302,54,Gorakhpur,0,10,21.49,5,6,9.18,3,1,200000,1,0,0,0,4.43,1,overwhelmed_firsttimer,1
USR1303,37,Surat,1,5,13.94,6,24,8.6,44,0,200000,1,5,0,1,3.27,1,retained,0
USR1304,23,Lucknow,1,15,20.66,1,36,6.95,35,1,200000,0,5,1,0,3.7,1,kyc_dropout,1
USR1305,56,Bhopal,1,6,21.15,4,24,9.1,22,1,25000,1,4,0,0,10.77,0,kyc_dropout,1
USR1306,55,Jaipur,1,7,5.37,5,24,7.4,18,0,50000,1,2,0,1,13.76,0,retained,0
USR1307,51,Chennai,1,17,7.54,1,6,7.86,39,1,100000,1,2,1,0,1.59,0,kyc_dropout,1
USR1308,34,Surat,1,6,17.17,4,12,8.08,15,1,25000,0,2,1,0,11.36,1,kyc_dropout,1
USR1309,34,Lucknow,1,8,19.2,4,24,9.05,57,0,25000,1,5,1,1,7.67,0,retained,0
USR1310,39,Lucknow,1,12,11.9,6,24,9.29,17,0,10000,1,2,0,0,12.47,1,overwhelmed_firsttimer,1
USR1311,53,Coimbatore,1,14,21.86,2,24,9.29,35,0,200000,1,2,1,0,6.61,0,retained,0
USR1312,53,Mumbai,1,12,1.24,1,3,6.52,23,0,500000,0,5,0,0,0.58,1,retained,0
USR1313,56,Bengaluru,0,10,7.29,4,24,9.27,0,0,25000,1,3,0,0,10.4,1,overwhelmed_firsttimer,1
USR1314,60,Pune,0,15,14.09,3,24,6.66,0,1,50000,1,2,0,1,12.22,1,kyc_dropout,1
USR1315,50,Coimbatore,1,7,10.86,4,36,7.3,63,0,100000,0,3,1,0,13.58,1,retained,0
USR1316,50,Delhi,1,9,3.45,2,3,8.04,61,1,50000,1,3,1,1,8.75,0,kyc_dropout,1
USR1317,37,Bhopal,1,10,8.72,4,24,7.94,35,0,25000,1,4,1,1,2.27,1,retained,0
USR1318,31,Coimbatore,0,10,1.53,6,24,8.31,17,0,25000,0,5,0,0,5.86,0,retained,0
USR1319,51,Gorakhpur,1,16,14.5,1,6,7.94,15,0,10000,0,0,1,0,11.87,1,retained,0
USR1320,46,Pune,1,7,19.75,6,6,9.3,16,1,50000,0,2,0,0,7.67,1,kyc_dropout,1
USR1321,60,Surat,1,5,19.58,1,3,7.22,23,0,10000,0,0,0,0,10.64,1,retained,0
USR1322,41,Chennai,1,3,15.69,5,36,7.32,1,0,500000,0,1,1,0,0.57,0,retained,0
USR1323,26,Mumbai,1,11,10.78,1,3,9.26,9,1,50000,0,3,0,1,1.56,0,kyc_dropout,1
USR1324,22,Nagpur,0,15,11.75,5,3,6.73,52,0,200000,0,1,1,0,10.38,1,comparison_paralysis,1
USR1325,51,Bengaluru,0,5,3.88,6,6,8.33,50,0,500000,1,3,1,1,4.71,1,inactive_browser,1
USR1326,24,Pune,0,12,8.16,3,6,8.55,13,0,200000,1,2,0,0,6.13,0,overwhelmed_firsttimer,1
USR1327,35,Coimbatore,1,4,4.94,2,36,8.02,52,1,50000,1,1,1,0,9.81,1,retained,0
USR1328,51,Lucknow,0,15,18.25,3,24,8.58,63,0,10000,1,5,1,0,2.12,0,retained,0
USR1329,25,Mumbai,1,9,20.21,5,36,7.02,48,0,200000,0,4,0,0,12.57,1,retained,0
USR1330,39,Coimbatore,1,7,12.28,4,24,9.06,61,0,25000,1,1,1,1,2.59,1,retained,0
USR1331,58,Coimbatore,1,10,16.28,4,12,6.92,36,1,100000,0,3,1,0,11.13,0,kyc_dropout,1
USR1332,46,Jaipur,1,13,3.55,3,6,7.7,48,0,10000,1,5,1,1,4.74,1,inactive_browser,1
USR1333,22,Gorakhpur,1,8,13.78,4,12,6.73,32,0,500000,0,3,1,1,4.27,1,retained,0
USR1334,36,Jaipur,1,12,15.76,5,12,8.14,21,0,500000,0,0,1,0,12.41,1,comparison_paralysis,1
USR1335,30,Chennai,1,1,10.51,6,6,8.51,32,0,50000,0,1,1,0,8.51,1,retained,0
USR1336,36,Patna,1,16,6.11,2,12,9.32,27,1,500000,1,4,1,0,3.48,1,kyc_dropout,1
USR1337,45,Chennai,1,17,19.42,1,3,8.72,3,0,100000,0,2,1,0,0.54,1,retained,0
USR1338,25,Surat,1,11,16.6,5,24,8.12,48,1,100000,0,0,0,0,14.61,1,comparison_paralysis,1
USR1339,33,Jaipur,1,7,19.9,5,36,9.3,10,1,25000,0,1,1,0,6.76,1,retained,0
USR1340,58,Lucknow,1,8,18.19,1,6,7.94,34,1,500000,1,0,0,1,6.26,0,overwhelmed_firsttimer,1
USR1341,58,Delhi,1,6,21.8,1,3,8.18,38,0,10000,1,1,1,0,1.23,1,retained,0
USR1342,27,Bengaluru,1,7,5.04,2,36,8.29,9,1,100000,1,2,0,0,13.47,1,kyc_dropout,1
USR1343,60,Jaipur,1,10,2.82,2,36,7.73,22,0,10000,1,2,0,0,2.54,1,overwhelmed_firsttimer,1
USR1344,45,Nagpur,1,11,8.08,2,36,9.02,33,1,25000,1,4,0,0,5.36,1,kyc_dropout,1
USR1345,32,Surat,0,13,3.71,4,12,7.06,31,0,50000,0,0,0,0,6.61,0,retained,0
USR1346,34,Bhopal,0,9,11.99,5,12,8.16,15,1,100000,1,4,0,0,12.25,1,kyc_dropout,1
USR1347,55,Bhopal,1,7,14.29,6,12,8.67,53,0,100000,1,1,0,1,5.71,1,retained,0
USR1348,46,Pune,1,9,13.14,1,12,9.21,27,1,100000,1,2,1,0,8.21,0,kyc_dropout,1
USR1349,28,Chennai,1,13,6.44,5,3,9.15,59,1,500000,1,2,1,1,6.72,0,kyc_dropout,1
USR1350,25,Mumbai,1,3,20.09,5,12,8.03,59,1,10000,1,3,1,0,5.02,1,kyc_dropout,1
USR1351,29,Pune,1,3,1.44,2,6,8.43,43,1,100000,1,3,1,0,14.22,0,kyc_dropout,1
USR1352,41,Delhi,1,1,8.31,2,36,7.68,1,0,10000,1,4,1,1,12.05,1,retained,0
USR1353,50,Bhopal,0,2,16.1,5,3,7.9,22,0,500000,1,0,1,0,3.03,0,retained,0
USR1354,31,Lucknow,1,3,17.11,2,12,9.22,45,1,200000,0,1,0,0,8.54,0,retained,0
USR1355,55,Nagpur,0,15,9.74,4,36,9.29,53,1,200000,0,4,0,0,12.05,0,kyc_dropout,1
USR1356,47,Patna,1,6,1.36,1,3,9.19,8,0,10000,1,2,0,1,8.91,0,retained,0
USR1357,24,Jaipur,1,13,13.98,5,36,6.92,43,0,500000,0,2,1,0,7.66,1,comparison_paralysis,1
USR1358,27,Surat,1,1,2.32,1,3,9.05,11,0,200000,0,2,0,0,1.54,0,retained,0
USR1359,26,Gorakhpur,1,1,3.26,4,24,9.35,31,0,25000,1,1,1,0,2.04,0,retained,0
USR1360,26,Patna,1,2,14.66,2,3,7.58,33,0,25000,1,4,0,0,4.06,1,retained,0
USR1361,44,Jaipur,0,15,7.56,3,12,8.06,32,0,200000,1,1,0,0,7.94,0,overwhelmed_firsttimer,1
USR1362,30,Nagpur,1,14,8.31,4,36,8.84,63,0,50000,1,5,1,0,14.82,0,retained,0
USR1363,56,Coimbatore,1,11,11.22,3,36,8.19,47,0,10000,0,2,0,0,12.13,1,retained,0
USR1364,41,Gorakhpur,1,15,21.55,1,36,9.48,15,0,200000,1,3,1,0,2.1,1,retained,0
USR1365,56,Nagpur,1,6,21.27,5,6,7.87,49,0,10000,1,4,1,0,10.9,1,retained,0
USR1366,39,Gorakhpur,0,9,9.74,2,6,8.64,22,0,500000,1,3,0,0,12.25,1,overwhelmed_firsttimer,1
USR1367,38,Chennai,1,5,6.58,4,12,8.88,25,1,200000,1,4,1,1,6.51,1,kyc_dropout,1
USR1368,45,Surat,1,2,7.35,2,24,7.98,53,0,25000,0,2,0,0,5.29,1,retained,0
USR1369,24,Coimbatore,1,6,6.64,3,6,9.07,43,1,500000,0,3,1,0,8.98,1,kyc_dropout,1
USR1370,53,Lucknow,1,9,12.18,3,3,8.14,36,1,50000,1,3,1,0,8.03,1,kyc_dropout,1
USR1371,56,Patna,1,6,13.74,6,12,7.73,8,0,10000,1,4,0,1,4.35,0,retained,0
USR1372,59,Lucknow,1,14,11.26,5,24,6.82,12,0,50000,0,5,1,0,6.26,1,retained,0
USR1373,34,Nagpur,0,13,9.57,3,3,7.68,59,0,25000,1,5,0,0,8.39,1,overwhelmed_firsttimer,1
USR1374,46,Gorakhpur,1,11,5.44,5,36,8.7,1,0,100000,1,3,0,0,8.91,1,overwhelmed_firsttimer,1
USR1375,30,Patna,1,12,11.13,6,6,9.26,59,0,100000,1,3,1,0,8.21,0,comparison_paralysis,1
USR1376,25,Patna,0,13,8.16,4,3,7.26,56,0,10000,1,2,1,0,12.77,1,retained,0
USR1377,35,Jaipur,1,14,12.37,6,24,7.57,42,0,500000,1,4,1,0,0.96,0,comparison_paralysis,1
USR1378,58,Pune,1,12,15.18,5,12,6.96,18,0,25000,1,4,1,0,5.33,1,retained,0
USR1379,55,Mumbai,1,4,14.3,3,3,8.57,10,1,10000,1,0,1,0,11.37,1,retained,0
USR1380,32,Bhopal,0,10,10.71,1,12,9.38,46,0,500000,0,4,1,1,9.95,1,retained,0
USR1381,24,Jaipur,1,17,12.68,5,36,8.42,62,1,10000,0,2,1,0,13.81,1,kyc_dropout,1
USR1382,49,Bhopal,1,4,6.98,2,24,8.35,6,0,10000,0,3,1,0,9.03,1,retained,0
USR1383,50,Nagpur,1,12,1.51,1,24,8.16,30,0,50000,1,0,0,1,9.75,1,overwhelmed_firsttimer,1
USR1384,30,Coimbatore,0,13,14.13,5,6,6.77,54,0,200000,1,3,1,0,10.72,1,comparison_paralysis,1
USR1385,24,Patna,1,4,6.3,2,24,8.69,24,1,25000,1,4,1,1,3.2,1,kyc_dropout,1
USR1386,46,Coimbatore,1,10,15.05,6,3,8.31,29,0,50000,1,1,1,0,11.42,1,comparison_paralysis,1
USR1387,55,Chennai,1,3,16.69,1,3,8.48,35,0,500000,0,3,0,0,4.85,1,retained,0
USR1388,33,Lucknow,0,15,20.23,5,3,9.2,49,1,200000,0,5,1,0,6.66,0,kyc_dropout,1
USR1389,30,Nagpur,1,2,21.12,4,36,8.85,13,1,10000,1,4,1,1,0.7,0,kyc_dropout,1
USR1390,36,Patna,0,17,1.22,6,24,8.84,28,0,100000,0,5,1,1,12.73,1,comparison_paralysis,1
USR1391,61,Delhi,1,6,21.8,2,24,9.28,26,1,50000,0,2,1,0,14.33,1,kyc_dropout,1
USR1392,46,Nagpur,1,8,15.34,4,3,9.47,49,1,25000,1,5,1,0,1.37,1,kyc_dropout,1
USR1393,26,Gorakhpur,1,3,14.51,3,6,8.24,35,0,25000,1,4,1,0,9.71,1,retained,0
USR1394,32,Bengaluru,0,1,1.32,6,6,6.83,33,0,200000,0,0,1,0,14.43,1,retained,0
USR1395,55,Coimbatore,0,16,19.09,6,24,7.88,20,1,50000,1,5,0,0,9.3,1,kyc_dropout,1
USR1396,45,Coimbatore,1,7,4.06,5,24,8.86,37,1,10000,1,1,1,1,12.07,1,retained,0
USR1397,36,Pune,1,3,18.58,5,12,6.58,49,0,200000,0,1,0,1,2.21,0,retained,0
USR1398,59,Jaipur,1,4,1.33,2,24,6.67,36,1,500000,1,1,0,1,4.05,1,inactive_browser,1
USR1399,29,Nagpur,1,9,14.57,6,3,6.7,18,0,25000,1,5,1,0,5.51,0,retained,0
USR1400,26,Jaipur,0,5,10.13,5,36,8.69,0,0,500000,0,2,0,1,14.73,1,retained,0
USR1401,47,Nagpur,1,15,5.22,3,24,8.0,39,0,50000,1,1,1,1,11.84,1,retained,0
USR1402,39,Bengaluru,0,8,3.26,5,24,7.61,54,0,100000,1,3,1,0,13.34,1,inactive_browser,1
USR1403,27,Gorakhpur,1,6,10.24,6,3,6.82,25,1,500000,1,2,1,1,7.56,1,kyc_dropout,1
USR1404,58,Coimbatore,0,15,3.59,1,12,8.7,42,0,10000,1,4,0,0,10.89,0,overwhelmed_firsttimer,1
USR1405,34,Surat,0,7,11.22,4,24,7.46,58,0,25000,1,0,0,0,11.11,1,retained,0
USR1406,49,Nagpur,0,10,14.13,6,6,7.3,50,0,50000,0,2,0,0,8.75,1,comparison_paralysis,1
USR1407,26,Gorakhpur,1,6,18.38,3,6,8.46,14,0,100000,1,0,0,0,13.23,0,retained,0
USR1408,34,Nagpur,1,14,15.25,6,6,8.18,7,1,25000,1,2,1,0,2.79,0,kyc_dropout,1
USR1409,38,Jaipur,1,17,2.37,3,36,7.59,13,1,100000,0,4,1,1,1.33,1,kyc_dropout,1
USR1410,61,Patna,0,9,7.46,6,36,8.42,6,0,25000,1,0,1,0,4.91,1,retained,0
USR1411,53,Nagpur,1,5,7.05,4,24,7.31,17,1,200000,0,2,1,0,1.78,1,kyc_dropout,1
USR1412,50,Gorakhpur,1,7,20.22,4,24,8.88,11,0,200000,1,0,1,0,1.37,0,retained,0
USR1413,24,Jaipur,1,7,19.22,3,24,7.19,1,1,200000,1,1,1,0,6.58,1,retained,0
USR1414,61,Delhi,0,2,8.77,6,36,6.98,49,1,50000,1,1,0,0,3.41,1,retained,0
USR1415,55,Jaipur,0,16,2.49,4,24,8.85,20,0,200000,1,5,1,0,11.96,0,retained,0
USR1416,61,Mumbai,1,13,19.78,2,3,8.62,6,1,50000,1,1,0,0,8.91,1,overwhelmed_firsttimer,1
USR1417,48,Surat,1,8,19.65,6,12,7.05,11,0,10000,1,3,1,0,5.73,1,retained,0
USR1418,34,Lucknow,1,6,18.95,4,6,6.85,56,0,200000,0,1,0,0,4.65,1,retained,0
USR1419,54,Coimbatore,1,6,18.75,1,6,9.02,22,0,50000,0,1,1,1,8.67,1,retained,0
USR1420,27,Coimbatore,1,9,11.09,1,3,8.83,29,1,25000,1,4,0,0,6.79,1,kyc_dropout,1
USR1421,45,Coimbatore,1,4,4.73,2,24,7.48,57,0,50000,0,0,0,0,1.31,0,retained,0
USR1422,40,Patna,1,11,11.03,4,36,8.47,51,1,500000,1,0,1,1,10.15,0,retained,0
USR1423,37,Coimbatore,1,5,11.39,1,24,6.87,55,1,50000,1,1,0,1,7.75,0,retained,0
USR1424,61,Patna,1,17,11.29,6,24,8.02,9,0,500000,0,0,0,0,4.52,0,retained,0
USR1425,49,Bhopal,0,7,12.31,5,6,6.56,18,0,25000,0,2,0,0,4.71,1,retained,0
USR1426,54,Gorakhpur,1,15,6.41,4,6,7.67,18,0,50000,1,5,0,0,7.07,1,overwhelmed_firsttimer,1
USR1427,34,Lucknow,0,15,8.69,2,36,6.72,58,0,25000,0,1,1,0,12.5,0,retained,0
USR1428,46,Bhopal,1,14,10.12,4,6,7.93,43,0,500000,1,5,1,0,6.63,1,retained,0
USR1429,57,Pune,0,13,3.75,3,24,7.77,58,1,100000,0,1,1,0,12.67,0,inactive_browser,1
USR1430,48,Chennai,0,11,10.56,3,3,7.83,3,1,200000,0,3,0,0,6.66,1,kyc_dropout,1
USR1431,59,Nagpur,1,13,18.02,1,36,6.64,64,0,500000,1,5,0,0,12.53,1,overwhelmed_firsttimer,1
USR1432,28,Bhopal,1,9,18.39,3,3,7.58,12,0,10000,1,2,1,1,14.01,1,retained,0
USR1433,26,Surat,1,10,9.64,2,24,8.77,11,0,50000,1,1,0,0,0.8,1,overwhelmed_firsttimer,1
USR1434,52,Lucknow,0,4,11.89,1,36,7.61,54,0,25000,0,1,0,0,1.4,1,retained,0
USR1435,44,Pune,1,17,1.71,2,3,8.65,60,1,200000,1,0,1,0,2.44,1,inactive_browser,1
USR1436,31,Lucknow,1,14,15.16,6,36,7.61,40,1,50000,1,1,1,1,2.27,1,comparison_paralysis,1
USR1437,53,Surat,1,11,9.5,2,24,7.77,35,0,200000,1,5,0,1,7.09,1,overwhelmed_firsttimer,1
USR1438,51,Mumbai,0,16,10.36,3,36,8.19,1,0,100000,1,5,0,0,11.58,1,overwhelmed_firsttimer,1
USR1439,60,Pune,1,1,19.35,6,24,9.35,21,1,50000,0,1,1,0,14.44,1,retained,0
USR1440,52,Nagpur,0,7,10.7,3,36,6.83,21,0,25000,1,1,0,0,6.56,1,retained,0
USR1441,39,Nagpur,1,10,1.45,2,36,6.6,40,0,100000,1,1,1,0,10.48,1,inactive_browser,1
USR1442,57,Nagpur,0,9,5.78,3,6,8.32,13,0,50000,1,3,1,0,9.71,1,retained,0
USR1443,23,Coimbatore,1,3,10.99,3,24,9.35,34,0,200000,1,2,1,0,6.2,0,retained,0
USR1444,35,Bhopal,0,14,9.91,3,12,9.47,49,0,100000,1,5,0,0,10.96,1,overwhelmed_firsttimer,1
USR1445,34,Coimbatore,1,15,19.07,4,36,7.95,8,0,25000,0,3,0,0,9.08,1,retained,0
USR1446,50,Chennai,1,2,12.38,6,3,7.9,58,0,50000,1,0,1,0,11.52,1,retained,0
USR1447,33,Surat,1,14,15.48,6,6,8.43,55,0,200000,0,4,0,0,3.31,1,comparison_paralysis,1
USR1448,60,Gorakhpur,1,16,10.86,6,6,8.17,9,0,200000,1,1,0,0,5.72,0,overwhelmed_firsttimer,1
USR1449,23,Bengaluru,1,7,10.23,2,36,8.4,24,0,500000,0,5,0,1,10.23,1,retained,0
USR1450,53,Bhopal,0,4,10.37,5,12,9.12,44,0,100000,1,0,0,0,2.31,0,retained,0
USR1451,34,Pune,0,5,9.63,2,6,8.74,10,1,50000,1,5,1,1,11.67,1,kyc_dropout,1
USR1452,48,Nagpur,1,6,12.31,6,24,7.99,8,0,500000,0,4,1,0,2.43,1,retained,0
USR1453,38,Patna,1,7,6.26,1,36,7.89,6,0,200000,1,1,1,0,5.2,1,retained,0
USR1454,61,Patna,1,15,19.71,3,36,8.42,33,1,100000,1,5,1,0,3.94,0,kyc_dropout,1
USR1455,52,Bhopal,0,1,7.99,3,12,7.87,19,0,10000,0,1,0,0,1.38,1,retained,0
USR1456,55,Bengaluru,1,4,4.1,5,24,7.87,4,1,200000,0,4,1,0,4.42,0,kyc_dropout,1
USR1457,45,Chennai,1,1,3.03,1,24,6.55,54,0,100000,1,3,0,0,13.72,1,inactive_browser,1
USR1458,56,Gorakhpur,1,11,1.28,4,12,7.02,14,0,10000,0,4,0,1,0.89,0,retained,0
USR1459,27,Nagpur,1,14,9.88,2,3,7.97,47,0,100000,1,4,0,1,0.74,1,overwhelmed_firsttimer,1
USR1460,40,Lucknow,1,11,4.94,4,24,8.97,3,0,200000,1,5,1,1,10.71,1,retained,0
USR1461,51,Mumbai,1,10,1.45,1,3,7.34,20,0,10000,1,2,0,1,5.82,1,overwhelmed_firsttimer,1
USR1462,28,Jaipur,0,17,11.92,5,3,8.07,8,0,100000,1,1,1,0,3.83,0,retained,0
USR1463,31,Lucknow,1,4,15.28,1,36,7.53,34,1,50000,1,5,1,0,7.88,1,kyc_dropout,1
USR1464,53,Lucknow,1,15,2.8,5,36,6.81,50,0,10000,1,1,0,1,4.37,0,comparison_paralysis,1
USR1465,55,Bhopal,1,16,10.68,4,6,9.37,36,0,100000,1,3,1,1,6.18,0,retained,0
USR1466,49,Bengaluru,0,13,16.62,4,36,9.06,5,0,50000,1,3,1,0,10.87,1,retained,0
USR1467,36,Coimbatore,1,9,21.7,1,24,6.74,50,1,10000,0,2,1,1,2.2,1,kyc_dropout,1
USR1468,51,Mumbai,1,11,15.01,1,24,8.66,16,1,100000,0,2,1,0,14.42,0,kyc_dropout,1
USR1469,58,Lucknow,1,11,6.14,3,3,7.54,64,1,200000,1,2,0,0,1.12,1,kyc_dropout,1
USR1470,50,Jaipur,1,6,16.05,5,24,9.48,8,0,10000,1,3,0,0,12.19,1,retained,0
USR1471,43,Gorakhpur,1,1,13.56,3,36,7.41,12,0,10000,0,4,0,0,11.01,1,retained,0
USR1472,25,Nagpur,1,6,5.45,2,36,7.22,57,0,50000,1,5,1,0,4.59,1,retained,0
USR1473,41,Bengaluru,0,13,18.87,2,36,8.2,29,1,500000,1,1,0,1,2.22,1,overwhelmed_firsttimer,1
USR1474,53,Gorakhpur,0,5,9.98,1,12,9.01,30,1,500000,1,1,1,0,12.86,1,retained,0
USR1475,57,Patna,0,15,21.2,4,24,7.08,22,1,100000,1,5,0,1,10.35,1,kyc_dropout,1
USR1476,25,Jaipur,0,14,16.18,2,6,8.63,62,0,200000,0,0,1,0,4.72,0,retained,0
USR1477,48,Jaipur,0,15,14.54,2,24,6.68,27,0,50000,1,3,0,0,0.75,1,overwhelmed_firsttimer,1
USR1478,38,Nagpur,0,5,16.3,3,24,9.26,58,0,10000,0,3,0,0,14.11,1,retained,0
USR1479,33,Gorakhpur,1,4,11.04,3,12,6.74,9,0,500000,1,2,1,1,6.36,1,retained,0
USR1480,43,Lucknow,1,2,11.61,2,24,9.24,25,0,50000,1,5,0,0,3.06,1,retained,0
USR1481,38,Patna,1,7,18.88,1,3,7.97,16,0,50000,1,0,1,0,13.72,1,retained,0
USR1482,31,Delhi,0,10,15.3,3,36,7.84,39,1,50000,1,0,1,0,5.71,1,retained,0
USR1483,22,Bengaluru,0,16,19.84,2,36,9.42,22,0,10000,1,3,1,0,7.22,0,retained,0
USR1484,43,Chennai,0,10,19.71,4,12,9.47,34,1,25000,1,2,1,0,10.63,0,kyc_dropout,1
USR1485,47,Lucknow,1,17,21.51,3,36,8.45,8,0,50000,1,1,1,0,12.38,1,retained,0
USR1486,39,Patna,0,13,15.7,2,3,6.88,44,0,25000,1,2,1,0,1.95,1,retained,0
USR1487,35,Bengaluru,1,1,11.55,5,12,8.02,36,0,500000,1,1,1,0,13.53,1,retained,0
USR1488,50,Delhi,1,1,4.49,3,6,8.09,18,0,200000,1,3,0,0,14.02,1,retained,0
USR1489,33,Patna,1,15,15.81,5,36,8.04,26,0,500000,0,2,1,1,4.26,1,comparison_paralysis,1
USR1490,57,Nagpur,0,1,7.12,3,24,8.21,12,0,200000,1,0,1,0,7.71,1,retained,0
USR1491,56,Jaipur,1,6,6.94,3,3,6.56,56,0,200000,1,5,0,0,12.94,0,retained,0
USR1492,33,Mumbai,0,13,6.0,6,3,8.63,59,1,500000,1,4,1,1,7.57,1,kyc_dropout,1
USR1493,28,Patna,1,1,19.38,6,36,8.64,11,1,100000,1,0,1,0,7.49,1,retained,0
USR1494,50,Patna,0,5,19.23,5,6,6.85,8,1,10000,0,5,1,0,9.47,0,kyc_dropout,1
USR1495,32,Bhopal,1,9,14.25,1,24,8.21,26,0,25000,0,1,0,0,11.63,1,retained,0
USR1496,54,Patna,1,17,10.93,2,6,8.21,62,0,100000,0,3,0,0,10.15,0,retained,0
USR1497,27,Bengaluru,1,16,15.11,1,6,8.55,28,0,25000,1,2,0,0,9.59,1,overwhelmed_firsttimer,1
USR1498,36,Chennai,1,8,13.75,1,36,6.76,21,1,10000,0,3,1,0,5.89,1,kyc_dropout,1
USR1499,53,Jaipur,0,17,9.73,6,24,8.38,18,0,50000,1,3,0,0,9.64,1,overwhelmed_firsttimer,1
USR1500,32,Jaipur,1,15,8.97,2,36,7.34,37,0,500000,0,1,0,0,2.0,1,retained,0
USR1501,44,Bhopal,0,1,9.04,6,36,8.02,38,0,100000,1,3,0,0,6.44,1,retained,0
USR1502,47,Gorakhpur,0,12,13.37,6,3,8.82,14,0,10000,0,2,0,0,3.23,1,retained,0
USR1503,55,Lucknow,0,5,14.6,6,36,8.62,53,1,500000,1,0,1,0,8.29,1,retained,0
USR1504,55,Gorakhpur,1,6,10.49,4,12,6.86,31,0,100000,0,3,1,0,4.3,1,retained,0
USR1505,50,Patna,1,1,21.34,1,24,8.27,45,0,200000,1,2,1,0,7.84,0,retained,0
USR1506,25,Coimbatore,1,1,2.76,1,3,9.41,60,1,100000,0,2,0,0,11.77,0,kyc_dropout,1
USR1507,38,Surat,1,10,8.29,1,24,6.97,51,0,50000,0,1,1,0,6.79,1,retained,0
USR1508,56,Pune,1,10,9.8,4,3,9.06,33,0,50000,1,3,1,1,3.67,1,retained,0
USR1509,34,Mumbai,1,3,1.36,3,12,8.61,34,0,25000,0,1,0,0,3.73,0,retained,0
USR1510,60,Jaipur,0,17,8.66,5,36,8.82,36,1,100000,1,0,1,1,13.64,1,comparison_paralysis,1
USR1511,36,Coimbatore,1,11,6.75,5,3,7.35,60,1,200000,1,0,0,0,11.82,0,comparison_paralysis,1
USR1512,50,Gorakhpur,1,2,11.63,4,3,7.36,48,0,50000,1,5,1,1,1.03,1,retained,0
USR1513,50,Patna,0,9,8.06,1,3,9.22,8,1,25000,1,2,1,0,14.17,1,kyc_dropout,1
USR1514,32,Bhopal,1,17,16.25,5,12,7.58,18,0,200000,1,3,1,0,2.13,1,retained,0
USR1515,53,Surat,1,14,11.71,4,24,6.69,27,0,200000,1,5,0,0,9.97,0,overwhelmed_firsttimer,1
USR1516,23,Bhopal,0,4,3.73,6,12,8.3,25,0,200000,1,2,1,1,8.5,1,retained,0
USR1517,35,Coimbatore,0,17,16.75,2,3,6.87,37,1,10000,0,3,1,0,1.18,0,kyc_dropout,1
USR1518,41,Patna,1,17,3.08,5,3,8.89,39,0,50000,1,1,1,0,4.78,1,comparison_paralysis,1
USR1519,43,Delhi,0,12,18.62,2,36,8.43,24,1,10000,1,0,1,1,11.75,1,retained,0
USR1520,32,Pune,1,3,20.56,1,12,9.12,22,1,10000,0,5,1,0,4.95,0,kyc_dropout,1
USR1521,48,Jaipur,0,11,7.77,5,12,8.85,64,1,50000,1,5,0,0,7.46,1,kyc_dropout,1
USR1522,24,Bhopal,1,4,20.45,4,6,6.84,21,0,100000,1,0,0,0,10.62,0,retained,0
USR1523,38,Bhopal,1,17,17.65,3,24,7.64,63,0,500000,0,1,1,0,1.54,1,retained,0
USR1524,49,Delhi,1,5,20.37,5,6,8.82,57,0,25000,0,4,1,0,12.57,0,retained,0
USR1525,50,Patna,1,14,14.99,5,6,7.75,27,0,500000,1,4,0,0,1.1,1,comparison_paralysis,1
USR1526,42,Jaipur,0,10,5.95,5,24,9.42,3,1,500000,1,4,0,0,4.3,1,kyc_dropout,1
USR1527,37,Chennai,1,15,19.78,5,36,8.71,0,0,500000,0,3,0,0,11.56,1,retained,0
USR1528,58,Bengaluru,0,1,4.87,4,36,6.55,25,1,500000,1,5,1,0,13.72,1,kyc_dropout,1
USR1529,41,Mumbai,1,16,5.47,4,24,9.14,32,1,50000,1,1,1,0,11.52,1,retained,0
USR1530,27,Jaipur,0,11,6.69,3,24,6.8,26,0,500000,1,3,1,0,3.79,1,retained,0
USR1531,40,Coimbatore,0,6,7.39,4,12,6.92,41,0,25000,0,3,0,0,14.79,1,retained,0
USR1532,26,Coimbatore,1,16,11.8,4,12,8.7,63,0,100000,1,1,1,0,6.49,1,retained,0
USR1533,24,Gorakhpur,0,2,15.98,1,12,9.09,24,0,50000,0,3,1,1,5.96,0,retained,0
USR1534,22,Lucknow,1,1,20.45,1,12,8.11,3,0,500000,0,5,0,1,13.05,1,retained,0
USR1535,59,Bhopal,0,9,2.86,2,3,7.37,11,0,200000,0,1,0,1,1.46,1,retained,0
USR1536,36,Gorakhpur,0,12,21.04,3,3,7.55,57,0,50000,1,4,1,0,8.56,0,retained,0
USR1537,55,Delhi,1,17,20.35,1,36,7.53,10,1,100000,1,4,1,0,14.5,0,kyc_dropout,1
USR1538,56,Gorakhpur,0,15,2.13,3,3,7.48,58,0,500000,0,3,0,0,1.95,1,inactive_browser,1
USR1539,46,Bengaluru,0,10,8.57,3,3,7.23,35,0,10000,1,0,1,1,8.34,0,retained,0
USR1540,45,Coimbatore,0,12,18.08,5,12,8.33,21,0,50000,0,1,0,1,2.42,1,comparison_paralysis,1
USR1541,33,Mumbai,0,14,13.84,6,12,9.2,64,1,200000,1,2,0,0,13.4,0,kyc_dropout,1
USR1542,39,Delhi,0,9,17.36,6,24,7.42,49,1,50000,1,2,1,0,9.02,1,kyc_dropout,1
USR1543,36,Nagpur,0,13,16.1,6,12,7.06,3,0,10000,1,3,1,0,3.9,0,retained,0
USR1544,37,Gorakhpur,1,3,11.43,3,24,9.02,51,1,50000,1,0,0,0,4.95,1,retained,0
USR1545,48,Surat,1,14,1.87,5,24,8.73,42,1,200000,1,1,1,1,7.99,0,comparison_paralysis,1
USR1546,29,Chennai,0,10,13.27,2,3,9.29,45,1,100000,0,4,0,0,11.02,1,kyc_dropout,1
USR1547,46,Surat,1,16,2.02,2,12,7.0,3,0,200000,1,3,1,0,7.57,1,retained,0
USR1548,38,Surat,1,7,13.68,6,3,6.93,12,1,100000,1,1,0,0,3.24,1,retained,0
USR1549,50,Patna,1,4,17.81,2,12,8.12,37,0,200000,0,1,1,0,10.77,0,retained,0
USR1550,29,Jaipur,0,11,13.28,5,3,8.34,44,1,25000,0,1,1,0,2.22,1,comparison_paralysis,1
USR1551,36,Lucknow,1,16,21.94,6,3,7.94,24,0,50000,1,0,1,0,12.24,1,comparison_paralysis,1
USR1552,48,Delhi,1,4,10.57,5,3,8.3,54,1,50000,1,1,1,0,6.24,1,retained,0
USR1553,28,Bengaluru,1,17,16.73,2,36,7.04,38,1,10000,0,0,1,0,9.96,1,retained,0
USR1554,24,Jaipur,0,13,15.01,6,3,7.94,64,0,25000,1,0,1,1,5.5,0,comparison_paralysis,1
USR1555,50,Coimbatore,0,11,21.82,5,6,8.47,1,1,10000,1,5,1,0,10.2,0,kyc_dropout,1
USR1556,45,Chennai,1,3,15.98,4,6,7.8,61,0,50000,1,1,1,0,13.39,1,retained,0
USR1557,24,Surat,1,9,4.44,4,6,8.54,45,0,10000,1,5,1,0,10.67,0,retained,0
USR1558,41,Jaipur,1,6,21.07,5,24,7.85,30,0,100000,1,4,1,0,10.24,1,retained,0
USR1559,36,Lucknow,1,11,15.02,5,3,7.5,34,1,25000,0,5,1,1,11.48,1,kyc_dropout,1
USR1560,46,Jaipur,1,16,2.25,1,6,7.41,44,0,200000,1,5,0,0,7.75,1,overwhelmed_firsttimer,1
USR1561,51,Bengaluru,1,5,14.81,1,24,7.73,53,0,100000,1,1,1,0,3.69,0,retained,0
USR1562,35,Bhopal,1,14,19.55,3,6,6.57,28,1,500000,1,4,0,0,12.33,1,kyc_dropout,1
USR1563,28,Bengaluru,1,17,13.12,6,12,8.51,7,1,200000,1,3,0,0,9.9,1,kyc_dropout,1
USR1564,38,Coimbatore,1,3,8.43,3,36,9.04,53,1,10000,1,2,1,0,5.05,1,kyc_dropout,1
USR1565,41,Pune,1,4,18.24,3,3,7.56,6,0,50000,1,3,0,0,4.5,0,retained,0
USR1566,57,Gorakhpur,1,16,17.43,2,36,6.64,22,0,100000,0,0,1,0,7.75,1,retained,0
USR1567,30,Nagpur,1,16,12.43,4,36,9.46,31,0,25000,1,3,1,0,3.51,0,retained,0
USR1568,59,Pune,1,4,4.24,2,12,7.29,61,0,200000,0,2,1,0,13.23,1,retained,0
USR1569,43,Surat,0,17,6.27,6,12,6.88,44,0,500000,1,2,0,0,11.93,1,comparison_paralysis,1
USR1570,23,Mumbai,0,13,16.51,5,12,7.61,29,0,100000,1,4,1,0,4.97,1,comparison_paralysis,1
USR1571,45,Nagpur,0,1,17.93,1,24,8.72,38,1,50000,1,3,1,0,1.22,1,kyc_dropout,1
USR1572,29,Bhopal,1,12,6.86,6,6,7.38,4,0,25000,1,0,0,0,1.25,1,overwhelmed_firsttimer,1
USR1573,32,Gorakhpur,1,4,8.73,5,3,8.22,21,0,25000,0,5,1,0,4.81,0,retained,0
USR1574,34,Bhopal,1,11,2.63,6,12,7.75,27,0,200000,0,5,0,0,2.64,1,comparison_paralysis,1
USR1575,38,Coimbatore,1,5,15.98,5,3,6.85,21,0,100000,1,0,1,0,13.16,1,retained,0
USR1576,29,Bhopal,1,2,1.08,1,3,7.49,28,0,100000,1,4,1,0,6.6,1,retained,0
USR1577,42,Delhi,1,17,1.98,5,3,8.67,42,0,25000,1,5,1,0,5.55,1,comparison_paralysis,1
USR1578,39,Patna,1,8,1.09,3,12,8.34,41,1,10000,0,4,1,0,3.66,1,kyc_dropout,1
USR1579,51,Pune,0,6,14.55,6,12,6.86,59,0,25000,1,5,1,1,12.7,1,retained,0
USR1580,39,Surat,1,9,9.77,1,6,6.99,58,0,50000,1,5,1,0,11.99,1,retained,0
USR1581,52,Nagpur,0,13,7.25,5,12,8.42,5,1,100000,0,3,1,0,6.07,1,kyc_dropout,1
USR1582,59,Lucknow,1,11,20.17,3,12,8.94,27,1,200000,0,4,1,0,2.96,0,kyc_dropout,1
USR1583,53,Chennai,1,16,5.05,3,3,7.55,30,1,100000,1,2,1,0,14.3,0,kyc_dropout,1
USR1584,32,Gorakhpur,1,16,9.18,4,6,8.29,38,1,25000,1,0,1,0,5.08,1,retained,0
USR1585,46,Patna,1,2,20.75,3,36,7.01,49,1,50000,1,5,0,0,11.68,1,kyc_dropout,1
USR1586,54,Surat,1,10,9.97,2,12,7.43,36,0,10000,1,2,0,0,7.21,1,overwhelmed_firsttimer,1
USR1587,59,Bengaluru,1,12,12.65,1,12,6.56,14,1,100000,0,1,1,0,11.83,0,retained,0
USR1588,29,Pune,0,8,2.69,1,36,8.8,50,0,25000,1,2,0,0,7.48,1,overwhelmed_firsttimer,1
USR1589,32,Jaipur,0,11,17.59,1,3,7.7,22,0,500000,0,0,1,1,13.92,1,retained,0
USR1590,43,Gorakhpur,1,10,9.88,5,6,8.95,24,0,25000,1,1,1,0,12.11,1,comparison_paralysis,1
USR1591,45,Jaipur,0,13,17.81,6,3,8.63,45,0,25000,1,3,1,1,4.27,1,comparison_paralysis,1
USR1592,38,Nagpur,1,17,6.33,5,24,8.99,22,0,50000,1,1,0,1,6.74,1,comparison_paralysis,1
USR1593,33,Gorakhpur,1,7,9.87,2,12,7.36,9,0,25000,1,4,1,0,1.96,0,retained,0
USR1594,53,Surat,1,3,17.52,6,24,7.06,31,0,25000,0,0,1,1,13.6,1,retained,0
USR1595,36,Patna,1,13,21.45,3,12,9.42,50,1,25000,0,4,1,0,1.5,0,kyc_dropout,1
USR1596,37,Bhopal,1,7,2.25,5,24,8.65,40,1,100000,1,2,0,1,0.76,1,kyc_dropout,1
USR1597,43,Jaipur,1,9,18.06,6,36,9.0,64,0,25000,1,3,1,0,7.7,1,retained,0
USR1598,49,Bhopal,1,13,7.31,3,12,6.54,64,1,50000,1,0,1,0,9.25,1,retained,0
USR1599,41,Surat,1,8,12.57,6,12,7.56,39,0,500000,1,3,1,0,3.74,0,retained,0
USR1600,54,Jaipur,0,2,7.09,3,24,8.73,17,1,100000,0,5,1,0,8.77,0,kyc_dropout,1
USR1601,31,Delhi,1,11,13.88,6,6,6.73,35,0,500000,1,0,0,0,13.49,1,comparison_paralysis,1
USR1602,61,Surat,1,1,8.43,5,24,8.2,30,0,25000,1,4,0,0,9.58,1,retained,0
USR1603,53,Pune,1,14,8.01,5,12,7.79,53,0,10000,1,2,0,1,7.11,1,comparison_paralysis,1
USR1604,54,Surat,0,16,1.8,2,12,6.55,62,0,500000,1,1,0,0,2.59,1,overwhelmed_firsttimer,1
USR1605,23,Mumbai,1,11,4.09,4,6,7.21,0,0,50000,1,3,1,1,2.95,1,retained,0
USR1606,54,Jaipur,1,1,20.26,1,3,7.35,51,0,10000,1,0,1,0,7.52,1,retained,0
USR1607,54,Patna,1,7,21.96,5,6,6.84,56,0,50000,0,0,1,0,7.22,1,retained,0
USR1608,34,Gorakhpur,1,16,17.39,5,3,8.39,8,0,10000,0,5,0,0,8.07,0,retained,0
USR1609,51,Nagpur,1,14,7.02,3,12,7.23,55,0,25000,0,3,1,0,7.86,1,retained,0
USR1610,54,Nagpur,1,15,9.45,4,36,7.33,46,1,10000,0,1,1,0,5.45,0,retained,0
USR1611,34,Bengaluru,1,14,16.53,5,36,9.19,2,0,500000,1,2,1,1,10.59,1,retained,0
USR1612,47,Jaipur,0,11,21.34,6,24,7.9,1,0,10000,1,0,0,0,3.58,1,overwhelmed_firsttimer,1
USR1613,43,Lucknow,1,16,10.56,4,6,7.68,53,1,50000,1,0,0,0,12.86,1,overwhelmed_firsttimer,1
USR1614,60,Surat,1,17,18.42,1,6,8.67,36,1,25000,1,3,1,1,3.32,1,kyc_dropout,1
USR1615,23,Lucknow,1,6,21.48,6,36,9.23,55,0,50000,1,3,1,1,6.53,0,retained,0
USR1616,59,Jaipur,1,11,19.34,3,3,6.58,30,1,25000,1,0,1,1,3.56,1,retained,0
USR1617,60,Jaipur,1,17,5.77,2,6,7.84,11,0,500000,1,0,1,1,9.47,1,retained,0
USR1618,47,Coimbatore,1,9,1.17,6,3,8.33,57,0,200000,0,5,1,0,7.43,1,inactive_browser,1
USR1619,36,Lucknow,1,17,11.33,1,3,7.46,25,0,100000,1,0,1,0,5.93,0,retained,0
USR1620,55,Delhi,0,12,12.16,6,3,8.82,11,0,500000,0,4,0,1,7.39,0,retained,0
USR1621,61,Lucknow,1,5,5.23,4,3,9.41,15,0,500000,1,0,1,0,6.61,0,retained,0
USR1622,32,Bengaluru,1,11,6.98,4,24,9.33,52,1,100000,0,2,0,0,12.9,0,kyc_dropout,1
USR1623,24,Mumbai,1,4,17.07,1,24,7.3,48,0,50000,1,2,0,0,2.3,0,retained,0
USR1624,27,Coimbatore,0,4,10.88,4,36,7.18,48,1,500000,0,5,1,1,12.0,0,kyc_dropout,1
USR1625,30,Gorakhpur,1,3,7.66,6,24,9.37,6,0,25000,1,1,0,0,10.0,1,retained,0
USR1626,27,Bengaluru,1,17,14.08,2,6,7.88,14,0,10000,1,3,0,0,5.55,1,overwhelmed_firsttimer,1
USR1627,30,Gorakhpur,1,7,14.71,6,24,7.12,35,0,500000,1,1,0,0,13.83,1,retained,0
USR1628,60,Gorakhpur,1,4,17.16,2,6,8.62,14,1,100000,1,0,1,0,3.07,0,retained,0
USR1629,52,Jaipur,1,13,4.29,4,6,7.35,61,0,500000,1,3,0,0,5.0,1,overwhelmed_firsttimer,1
USR1630,53,Delhi,1,12,16.57,6,3,7.3,17,1,50000,1,0,0,0,5.94,1,overwhelmed_firsttimer,1
USR1631,33,Coimbatore,1,1,13.59,4,36,9.14,45,1,50000,0,3,1,0,9.89,1,kyc_dropout,1
USR1632,29,Coimbatore,1,11,2.21,2,3,6.99,60,0,50000,1,5,1,1,14.22,1,inactive_browser,1
USR1633,29,Delhi,1,3,17.33,4,3,6.69,42,1,25000,1,4,0,1,9.1,0,kyc_dropout,1
USR1634,49,Chennai,1,17,9.04,5,24,7.31,43,1,500000,1,4,1,0,12.92,1,kyc_dropout,1
USR1635,41,Surat,1,12,7.94,3,24,8.32,54,0,50000,1,4,1,1,13.62,1,retained,0
USR1636,28,Mumbai,1,10,10.41,6,6,6.87,38,0,200000,0,5,0,1,7.26,1,comparison_paralysis,1
USR1637,32,Chennai,1,8,8.27,5,24,7.91,4,0,10000,1,1,0,0,7.35,1,overwhelmed_firsttimer,1
USR1638,41,Gorakhpur,0,15,8.1,4,24,8.38,56,0,50000,1,3,1,0,4.12,1,retained,0
USR1639,37,Patna,1,5,17.97,4,12,9.05,14,0,25000,0,1,1,1,9.22,1,retained,0
USR1640,25,Lucknow,1,4,3.61,3,6,7.19,15,0,10000,1,3,0,0,2.24,1,retained,0
USR1641,27,Delhi,1,4,21.38,4,6,8.95,56,1,10000,0,0,0,0,9.7,1,retained,0
USR1642,43,Lucknow,0,15,12.65,3,12,7.2,24,0,100000,1,4,0,0,13.45,1,overwhelmed_firsttimer,1
USR1643,47,Delhi,1,17,4.84,6,6,8.53,21,1,50000,1,4,1,0,11.53,1,kyc_dropout,1
USR1644,24,Bhopal,1,12,3.76,2,36,7.79,30,0,50000,0,3,1,0,9.91,1,retained,0
USR1645,35,Lucknow,1,3,13.42,3,36,6.84,33,0,500000,1,1,1,0,12.66,0,retained,0
USR1646,32,Nagpur,0,10,14.29,3,12,8.64,15,1,25000,0,1,1,0,11.08,1,retained,0
USR1647,39,Lucknow,0,15,2.11,5,24,7.15,58,0,200000,0,2,1,0,8.18,0,comparison_paralysis,1
USR1648,33,Gorakhpur,1,10,6.1,4,36,7.03,14,0,500000,1,4,1,0,8.06,0,retained,0
USR1649,44,Patna,1,1,17.7,6,12,7.57,12,0,200000,0,4,1,0,2.05,0,retained,0
USR1650,33,Coimbatore,1,3,2.04,2,36,8.46,23,0,100000,0,1,1,1,6.8,0,retained,0
USR1651,34,Nagpur,1,12,18.96,1,3,7.2,12,0,200000,0,4,0,1,8.08,0,retained,0
USR1652,46,Bengaluru,0,1,14.82,3,12,7.05,64,0,25000,1,1,0,0,7.31,0,retained,0
USR1653,40,Coimbatore,1,3,10.12,1,6,6.53,35,1,100000,1,2,1,0,11.75,1,kyc_dropout,1
USR1654,57,Bengaluru,1,3,8.28,4,36,7.91,48,0,50000,1,3,1,1,2.83,0,retained,0
USR1655,29,Coimbatore,0,5,1.4,3,6,7.79,47,0,200000,0,3,0,0,12.03,0,inactive_browser,1
USR1656,50,Mumbai,1,1,18.33,1,12,7.2,42,0,25000,0,2,1,0,11.25,1,retained,0
USR1657,53,Coimbatore,1,4,4.0,5,36,6.66,5,0,25000,1,4,1,1,13.56,1,retained,0
USR1658,39,Jaipur,1,4,7.5,1,6,7.79,13,0,50000,0,0,1,0,5.92,1,retained,0
USR1659,27,Gorakhpur,1,17,12.95,5,24,8.86,29,0,25000,1,4,1,0,3.06,1,comparison_paralysis,1
USR1660,39,Surat,1,14,6.17,2,24,8.65,7,0,100000,1,1,0,1,11.5,1,overwhelmed_firsttimer,1
USR1661,40,Jaipur,1,1,11.44,4,3,9.08,53,1,100000,1,5,0,1,9.03,0,kyc_dropout,1
USR1662,43,Coimbatore,1,16,18.0,6,12,6.53,3,0,500000,0,0,0,0,10.83,1,retained,0
USR1663,58,Bengaluru,1,3,10.88,1,6,9.4,59,1,10000,1,2,1,1,14.95,1,kyc_dropout,1
USR1664,53,Bhopal,1,9,20.93,3,3,7.52,52,0,50000,1,3,0,0,3.32,1,overwhelmed_firsttimer,1
USR1665,24,Surat,0,4,18.8,4,12,9.47,14,0,25000,1,3,0,0,6.46,0,retained,0
USR1666,49,Delhi,0,5,7.99,1,24,7.26,0,1,200000,1,4,1,1,3.29,0,kyc_dropout,1
USR1667,31,Coimbatore,1,11,9.4,3,6,7.91,21,1,500000,1,3,1,0,12.98,0,kyc_dropout,1
USR1668,56,Chennai,1,9,9.89,3,36,7.56,14,0,100000,1,4,1,0,0.75,1,retained,0
USR1669,50,Nagpur,1,3,14.15,6,24,7.57,21,1,50000,0,1,1,0,2.46,1,retained,0
USR1670,36,Jaipur,0,6,7.02,6,36,9.03,49,1,50000,1,1,0,0,4.09,1,retained,0
USR1671,54,Chennai,1,11,21.35,3,36,8.74,47,1,100000,0,2,1,0,11.68,1,kyc_dropout,1
USR1672,28,Chennai,1,9,13.78,6,6,9.48,50,0,10000,1,5,1,1,9.61,1,retained,0
USR1673,33,Pune,0,15,9.39,3,6,8.34,16,1,50000,0,1,0,0,6.13,1,retained,0
USR1674,51,Gorakhpur,1,3,14.55,1,36,7.89,50,1,25000,1,4,1,0,2.8,0,kyc_dropout,1
USR1675,42,Nagpur,1,1,9.3,2,3,6.77,36,1,200000,1,3,1,0,5.16,1,kyc_dropout,1
USR1676,52,Nagpur,1,14,18.17,6,36,9.49,48,1,200000,0,1,1,0,11.28,1,comparison_paralysis,1
USR1677,45,Mumbai,0,17,12.92,5,36,8.15,58,1,100000,1,1,0,0,6.04,1,comparison_paralysis,1
USR1678,41,Gorakhpur,1,14,1.88,5,6,8.6,9,0,50000,0,4,1,0,7.21,1,retained,0
USR1679,58,Surat,1,17,4.71,5,12,7.72,29,0,200000,0,1,1,0,9.33,0,comparison_paralysis,1
USR1680,25,Jaipur,0,14,19.16,2,24,8.14,20,0,50000,0,3,0,0,13.74,0,retained,0
USR1681,49,Surat,1,12,12.82,3,6,9.33,33,0,100000,0,5,1,1,4.13,1,retained,0
USR1682,41,Delhi,1,16,20.96,3,3,7.0,49,0,10000,0,3,1,0,7.0,1,retained,0
USR1683,45,Patna,0,1,2.52,4,24,7.38,46,0,200000,1,5,0,0,5.0,0,inactive_browser,1
USR1684,53,Surat,0,13,7.2,5,6,6.96,5,0,25000,1,3,1,0,7.26,0,retained,0
USR1685,57,Bengaluru,0,6,5.06,5,6,8.88,49,1,500000,0,3,0,0,10.6,1,kyc_dropout,1
USR1686,55,Mumbai,1,17,12.63,3,12,6.69,62,1,100000,1,0,1,0,7.49,0,retained,0
USR1687,57,Jaipur,1,12,9.04,5,3,6.74,11,0,500000,1,3,1,0,12.6,1,retained,0
USR1688,23,Coimbatore,1,6,4.3,3,3,7.4,40,1,10000,1,0,1,0,8.52,0,retained,0
USR1689,36,Mumbai,0,7,14.5,3,6,8.04,30,0,25000,1,3,0,0,6.09,1,retained,0
USR1690,55,Jaipur,1,1,12.26,6,12,7.72,1,1,500000,0,3,0,0,11.84,1,kyc_dropout,1
USR1691,57,Gorakhpur,1,1,6.77,3,6,6.63,15,1,25000,1,4,1,0,6.75,1,kyc_dropout,1
USR1692,27,Bhopal,0,5,11.08,1,36,9.37,0,0,200000,1,5,1,0,7.98,1,retained,0
USR1693,60,Chennai,0,6,16.66,1,36,9.36,3,0,50000,0,3,1,1,14.92,1,retained,0
USR1694,33,Chennai,1,16,5.31,1,12,7.34,46,0,100000,1,1,1,1,11.9,1,retained,0
USR1695,24,Coimbatore,0,16,7.15,1,6,8.69,64,1,25000,0,3,1,0,12.9,0,kyc_dropout,1
USR1696,39,Lucknow,1,14,8.27,2,12,8.24,51,1,200000,1,2,0,0,9.1,0,kyc_dropout,1
USR1697,61,Gorakhpur,1,1,16.68,4,6,7.21,46,0,10000,0,4,1,0,5.55,1,retained,0
USR1698,42,Mumbai,1,13,18.79,4,6,7.29,49,0,25000,1,4,1,0,14.87,0,retained,0
USR1699,36,Patna,0,10,8.9,3,36,7.97,44,0,10000,1,3,0,0,4.04,0,overwhelmed_firsttimer,1
USR1700,54,Coimbatore,1,10,7.23,5,24,7.76,41,0,100000,0,2,0,0,13.16,1,comparison_paralysis,1
USR1701,56,Gorakhpur,1,9,19.68,1,3,7.37,55,1,200000,0,5,1,0,13.71,1,kyc_dropout,1
USR1702,47,Jaipur,1,13,21.99,4,3,8.92,56,0,10000,1,3,1,0,12.35,1,retained,0
USR1703,29,Delhi,0,3,15.08,4,12,7.94,32,1,50000,1,1,1,0,2.15,1,retained,0
USR1704,57,Gorakhpur,1,2,21.79,1,3,8.46,27,1,500000,1,4,0,0,12.88,0,kyc_dropout,1
USR1705,51,Bengaluru,0,17,14.86,2,36,7.07,43,1,10000,1,4,1,0,10.12,0,kyc_dropout,1
USR1706,44,Coimbatore,1,13,16.4,2,24,8.1,55,0,10000,1,5,1,0,10.37,1,retained,0
USR1707,35,Lucknow,0,13,9.16,4,6,7.45,43,0,200000,0,2,1,0,11.9,1,retained,0
USR1708,35,Delhi,0,1,10.09,2,6,8.08,33,0,200000,1,0,1,0,7.61,1,retained,0
USR1709,23,Bengaluru,0,2,4.03,6,36,8.84,13,1,25000,0,5,1,0,4.37,1,kyc_dropout,1
USR1710,58,Mumbai,0,1,18.28,1,3,8.81,28,0,500000,0,2,1,0,8.84,1,retained,0
USR1711,26,Patna,1,5,20.55,4,6,7.56,16,0,10000,1,1,1,0,2.08,1,retained,0
USR1712,59,Coimbatore,0,3,14.09,1,3,8.58,8,1,10000,1,2,1,0,10.28,1,kyc_dropout,1
USR1713,35,Coimbatore,1,7,8.22,2,36,9.32,26,0,200000,0,5,0,0,7.5,0,retained,0
USR1714,60,Gorakhpur,1,13,4.23,1,6,8.38,48,0,50000,1,0,0,0,7.78,1,overwhelmed_firsttimer,1
USR1715,46,Bhopal,1,7,6.57,2,12,6.95,36,0,200000,1,1,0,1,3.19,1,retained,0
USR1716,41,Surat,1,1,6.36,2,24,8.54,27,0,50000,0,1,0,1,1.1,1,retained,0
USR1717,23,Delhi,0,5,13.88,1,3,6.81,49,0,500000,1,0,1,0,9.36,1,retained,0
USR1718,60,Bhopal,1,17,20.85,2,3,9.12,54,0,200000,1,3,1,0,10.05,1,retained,0
USR1719,27,Nagpur,0,8,2.01,6,3,8.05,3,1,500000,1,2,1,0,7.73,0,kyc_dropout,1
USR1720,38,Bhopal,1,15,1.02,3,3,7.66,18,1,100000,1,5,1,1,11.6,0,kyc_dropout,1
USR1721,46,Gorakhpur,1,4,13.6,1,36,6.67,36,0,10000,1,1,1,1,8.67,1,retained,0
USR1722,49,Chennai,1,2,6.97,3,36,7.64,3,1,500000,1,5,0,1,12.8,0,kyc_dropout,1
USR1723,23,Bengaluru,1,5,19.49,1,36,9.21,36,0,50000,1,2,0,0,4.68,0,retained,0
USR1724,56,Jaipur,0,1,7.87,2,36,6.56,50,0,100000,1,0,1,0,4.03,1,retained,0
USR1725,58,Bhopal,1,5,7.08,2,6,7.92,31,1,50000,0,4,0,0,4.29,1,kyc_dropout,1
USR1726,26,Bhopal,1,6,6.66,4,36,9.29,44,1,25000,1,0,0,1,0.94,1,retained,0
USR1727,22,Nagpur,1,2,4.04,6,6,7.68,11,0,25000,1,2,0,0,13.56,1,retained,0
USR1728,61,Chennai,0,1,13.21,4,12,7.78,40,0,10000,1,1,0,0,14.99,1,retained,0
USR1729,33,Gorakhpur,0,4,4.53,3,36,8.24,55,1,100000,0,2,0,0,12.34,0,kyc_dropout,1
USR1730,57,Bengaluru,0,7,9.92,2,12,7.89,13,0,100000,1,4,1,1,6.48,1,retained,0
USR1731,44,Patna,0,1,10.68,4,36,7.01,53,1,25000,1,1,0,0,5.63,1,retained,0
USR1732,52,Bhopal,1,1,1.43,2,12,6.56,62,0,10000,1,4,0,1,11.73,0,inactive_browser,1
USR1733,32,Surat,1,8,1.35,1,24,8.33,64,1,500000,0,3,1,0,7.89,0,kyc_dropout,1
USR1734,31,Mumbai,1,16,11.92,4,12,9.26,57,0,25000,1,5,0,0,14.12,0,overwhelmed_firsttimer,1
USR1735,24,Jaipur,1,13,15.62,3,6,6.82,20,0,100000,1,0,1,0,4.55,1,retained,0
USR1736,35,Bhopal,1,10,20.78,4,3,7.13,3,0,50000,0,3,0,1,5.2,0,retained,0
USR1737,37,Coimbatore,1,12,4.76,2,12,7.61,45,0,100000,0,2,1,1,14.98,0,retained,0
USR1738,31,Mumbai,1,1,3.17,5,3,8.93,11,1,10000,1,3,1,0,14.68,0,kyc_dropout,1
USR1739,50,Coimbatore,1,10,2.09,5,24,7.31,29,0,100000,0,0,0,0,13.34,1,comparison_paralysis,1
USR1740,31,Gorakhpur,1,9,10.16,6,24,9.15,59,1,200000,1,1,0,0,6.37,0,overwhelmed_firsttimer,1
USR1741,33,Jaipur,1,3,14.09,2,6,6.66,64,0,100000,0,5,0,0,12.65,0,retained,0
USR1742,51,Bhopal,1,9,18.65,1,6,9.32,13,0,200000,0,4,1,0,4.61,0,retained,0
USR1743,22,Coimbatore,1,10,15.34,4,12,8.18,43,0,25000,1,1,1,0,4.19,1,retained,0
USR1744,26,Coimbatore,1,16,5.38,5,36,8.48,25,0,500000,1,5,0,0,8.42,1,comparison_paralysis,1
USR1745,41,Nagpur,0,14,10.7,1,24,7.6,15,1,200000,0,3,1,0,12.97,1,kyc_dropout,1
USR1746,29,Pune,1,3,20.12,2,3,8.85,6,0,100000,1,2,0,0,1.91,1,retained,0
USR1747,33,Gorakhpur,1,2,7.86,1,36,7.0,31,1,500000,0,3,1,1,8.7,1,kyc_dropout,1
USR1748,22,Lucknow,1,1,11.47,2,24,6.65,15,1,500000,0,0,1,0,9.34,1,retained,0
USR1749,41,Patna,0,9,21.13,6,12,7.69,61,1,100000,1,0,1,0,8.91,1,retained,0
USR1750,49,Gorakhpur,1,13,16.43,4,24,9.06,29,0,100000,1,2,1,1,3.67,0,retained,0
USR1751,58,Surat,1,2,16.7,1,6,8.76,11,0,10000,1,5,1,0,1.43,1,retained,0
USR1752,58,Gorakhpur,1,7,6.3,4,3,8.05,45,0,25000,1,1,1,0,13.48,1,retained,0
USR1753,33,Nagpur,1,16,9.71,1,3,8.22,42,0,200000,1,0,1,1,8.83,1,retained,0
USR1754,58,Chennai,1,15,2.73,2,6,6.89,54,0,50000,1,0,0,1,11.63,1,overwhelmed_firsttimer,1
USR1755,49,Bhopal,1,11,13.74,2,36,9.02,44,0,200000,1,2,0,0,5.78,1,overwhelmed_firsttimer,1
USR1756,36,Bhopal,1,1,3.18,1,6,8.86,59,0,100000,1,1,0,0,1.12,0,inactive_browser,1
USR1757,27,Bengaluru,0,7,18.55,6,3,8.47,31,1,50000,1,3,1,0,4.26,0,kyc_dropout,1
USR1758,41,Gorakhpur,1,8,18.11,2,12,7.9,7,1,50000,0,4,0,0,1.56,1,kyc_dropout,1
USR1759,35,Chennai,1,10,12.21,3,36,9.39,61,1,200000,0,2,0,0,1.63,1,kyc_dropout,1
USR1760,23,Jaipur,1,5,3.96,3,24,9.14,19,0,200000,0,1,0,0,3.61,1,retained,0
USR1761,30,Chennai,1,9,1.54,4,12,8.43,17,0,200000,1,4,1,0,9.69,1,retained,0
USR1762,58,Bhopal,1,1,17.73,3,36,7.62,5,0,200000,1,2,1,0,12.36,1,retained,0
USR1763,41,Patna,0,2,13.6,3,3,8.35,28,0,25000,1,3,0,0,12.41,1,retained,0
USR1764,47,Pune,0,14,15.93,6,3,8.23,3,0,10000,0,3,1,1,14.1,0,retained,0
USR1765,50,Jaipur,0,10,7.38,6,12,7.68,42,0,10000,1,1,0,0,10.02,1,comparison_paralysis,1
USR1766,22,Bhopal,1,9,11.7,5,36,7.42,33,0,200000,0,1,0,0,0.79,0,retained,0
USR1767,56,Bhopal,1,10,16.69,5,24,7.72,32,1,10000,1,3,1,0,5.97,1,kyc_dropout,1
USR1768,27,Delhi,1,6,10.71,6,24,8.22,14,1,200000,1,3,1,0,2.12,1,kyc_dropout,1
USR1769,58,Chennai,1,17,13.63,5,6,7.78,39,0,200000,1,2,0,0,11.77,1,comparison_paralysis,1
USR1770,26,Bhopal,1,6,17.58,6,12,7.29,4,0,200000,0,5,1,1,2.24,1,retained,0
USR1771,54,Patna,0,4,5.52,5,36,8.78,49,1,500000,0,5,0,0,2.04,1,kyc_dropout,1
USR1772,35,Surat,1,3,2.38,2,12,8.09,53,0,25000,0,1,1,0,0.91,1,inactive_browser,1
USR1773,33,Gorakhpur,1,4,12.17,6,24,6.7,45,0,100000,0,4,1,0,14.35,0,retained,0
USR1774,41,Bhopal,1,8,2.3,4,36,7.6,10,0,10000,1,3,1,0,11.89,0,retained,0
USR1775,45,Nagpur,0,17,17.1,4,3,9.15,48,0,10000,0,4,1,0,5.33,1,retained,0
USR1776,55,Gorakhpur,1,5,16.1,6,3,8.77,22,0,25000,1,1,0,1,5.96,1,retained,0
USR1777,46,Mumbai,1,13,19.52,3,36,7.47,54,1,25000,1,1,1,1,1.36,1,retained,0
USR1778,50,Coimbatore,1,1,14.43,4,12,9.31,4,0,200000,1,0,0,0,2.79,0,retained,0
USR1779,60,Lucknow,1,13,2.41,3,12,6.73,63,0,200000,0,3,1,0,5.02,1,inactive_browser,1
USR1780,52,Nagpur,0,4,6.32,4,3,9.38,34,0,500000,1,5,1,1,6.12,1,retained,0
USR1781,44,Surat,0,14,17.97,1,3,7.24,53,1,500000,1,5,1,0,9.49,1,kyc_dropout,1
USR1782,59,Chennai,1,3,4.51,1,24,6.53,2,0,100000,1,1,1,1,5.58,0,retained,0
USR1783,41,Chennai,1,5,15.67,6,36,7.8,5,0,10000,0,1,0,0,14.34,0,retained,0
USR1784,44,Bhopal,0,7,17.39,4,12,7.58,55,0,25000,1,3,0,1,5.47,0,retained,0
USR1785,37,Jaipur,1,1,7.93,2,24,8.12,1,0,100000,0,0,0,0,14.15,1,retained,0
USR1786,29,Delhi,1,12,7.77,3,12,8.89,37,0,10000,1,0,1,1,11.08,0,retained,0
USR1787,42,Lucknow,0,11,12.71,4,3,9.03,55,0,100000,1,0,1,0,13.55,0,retained,0
USR1788,22,Pune,1,8,19.09,6,36,7.7,4,1,100000,0,0,1,0,10.7,1,retained,0
USR1789,29,Coimbatore,0,6,5.7,3,6,7.79,45,1,200000,0,2,0,0,8.74,1,kyc_dropout,1
USR1790,50,Patna,1,2,20.77,5,36,6.94,10,0,100000,1,3,1,0,7.88,0,retained,0
USR1791,53,Lucknow,1,14,13.58,6,6,6.64,64,0,200000,0,3,1,0,4.72,1,comparison_paralysis,1
USR1792,59,Surat,0,1,21.83,4,24,8.42,9,0,10000,1,3,1,0,4.82,0,retained,0
USR1793,26,Coimbatore,1,10,2.88,2,6,6.69,40,1,500000,1,5,1,0,3.74,1,kyc_dropout,1
USR1794,43,Patna,0,16,3.66,5,6,8.7,43,0,10000,0,0,0,0,6.09,1,comparison_paralysis,1
USR1795,55,Pune,1,4,18.36,6,24,8.12,32,1,200000,0,0,1,0,2.34,1,retained,0
USR1796,22,Mumbai,0,11,19.16,4,36,7.1,55,1,500000,0,5,1,0,6.12,1,kyc_dropout,1
USR1797,47,Gorakhpur,0,16,10.35,1,24,8.12,11,1,50000,1,5,0,0,12.59,1,kyc_dropout,1
USR1798,31,Mumbai,1,1,16.0,4,3,7.05,1,1,500000,1,1,1,0,13.12,1,retained,0
USR1799,51,Lucknow,1,16,19.22,1,3,7.82,0,1,100000,1,2,1,0,9.82,1,kyc_dropout,1
USR1800,39,Bhopal,1,9,1.91,1,6,8.9,64,0,10000,1,5,1,1,4.22,1,inactive_browser,1
USR1801,38,Nagpur,1,9,13.05,6,24,7.89,32,0,100000,1,3,1,1,3.99,1,retained,0
USR1802,47,Coimbatore,0,9,18.92,4,24,6.95,35,0,500000,0,2,1,1,4.53,1,retained,0
USR1803,29,Lucknow,0,17,9.36,4,24,8.67,20,0,50000,1,5,0,0,7.75,0,overwhelmed_firsttimer,1
USR1804,61,Nagpur,1,12,7.35,1,36,7.06,35,0,100000,0,3,1,0,14.66,1,retained,0
USR1805,33,Mumbai,0,13,17.71,3,12,8.72,25,0,50000,0,0,0,0,2.08,1,retained,0
USR1806,48,Jaipur,1,8,8.05,5,12,7.94,46,1,25000,1,0,1,0,7.76,1,retained,0
USR1807,29,Surat,1,16,1.07,2,12,7.86,0,0,50000,1,3,0,1,10.39,1,overwhelmed_firsttimer,1
USR1808,46,Chennai,1,1,21.15,4,36,9.05,37,0,10000,1,4,0,1,4.06,1,retained,0
USR1809,25,Nagpur,1,1,13.43,5,24,8.63,13,0,500000,1,0,1,0,14.55,1,retained,0
USR1810,54,Patna,1,12,18.21,5,12,6.6,45,0,200000,1,1,0,0,5.56,1,comparison_paralysis,1
USR1811,22,Patna,1,6,18.33,3,24,7.39,41,0,200000,1,5,0,0,14.02,1,retained,0
USR1812,40,Patna,1,9,2.39,5,6,9.11,6,1,100000,0,0,1,0,9.16,1,retained,0
USR1813,52,Coimbatore,0,5,4.59,4,12,6.55,54,0,500000,0,1,0,0,0.56,1,retained,0
USR1814,37,Chennai,1,16,7.53,6,6,8.14,55,0,25000,1,2,0,0,5.01,1,comparison_paralysis,1
USR1815,35,Coimbatore,1,17,7.73,6,36,8.68,62,0,100000,1,0,0,0,0.81,0,comparison_paralysis,1
USR1816,26,Bhopal,1,1,14.83,5,3,8.37,23,1,50000,1,5,1,0,6.03,1,kyc_dropout,1
USR1817,47,Mumbai,0,8,14.09,4,36,8.78,3,0,200000,1,0,0,0,14.02,0,overwhelmed_firsttimer,1
USR1818,49,Delhi,0,3,11.39,4,36,8.68,41,1,50000,1,5,1,0,11.8,1,kyc_dropout,1
USR1819,23,Pune,1,5,5.44,1,36,8.58,27,0,200000,1,2,0,1,9.49,1,retained,0
USR1820,27,Mumbai,1,8,9.02,3,12,8.96,39,0,200000,1,5,0,0,8.31,1,overwhelmed_firsttimer,1
USR1821,30,Chennai,1,1,12.42,2,6,8.44,50,1,200000,1,1,0,0,5.9,1,retained,0
USR1822,54,Gorakhpur,1,15,10.83,1,12,7.71,28,0,500000,1,4,1,0,3.57,0,retained,0
USR1823,46,Delhi,1,7,3.67,2,3,7.92,41,1,10000,0,5,1,0,1.41,0,kyc_dropout,1
USR1824,34,Coimbatore,1,16,14.64,4,36,8.65,4,0,500000,1,5,0,1,3.26,1,overwhelmed_firsttimer,1
USR1825,30,Coimbatore,1,16,2.53,6,24,9.13,40,1,50000,1,1,0,0,5.6,1,comparison_paralysis,1
USR1826,34,Lucknow,0,15,8.94,1,3,7.32,60,0,500000,0,3,1,0,8.04,1,retained,0
USR1827,52,Nagpur,0,6,15.91,5,6,7.53,54,1,100000,1,3,1,0,3.46,1,kyc_dropout,1
USR1828,32,Patna,1,9,1.42,5,3,9.29,27,0,25000,0,3,0,1,14.63,1,retained,0
USR1829,25,Jaipur,1,7,12.97,2,12,8.24,40,0,100000,0,5,0,0,1.61,1,retained,0
USR1830,55,Coimbatore,1,14,8.02,4,24,7.04,8,1,500000,1,2,1,0,1.87,0,kyc_dropout,1
USR1831,59,Pune,1,11,1.19,6,12,8.49,28,1,50000,0,1,1,0,10.4,1,comparison_paralysis,1
USR1832,25,Lucknow,0,16,5.0,2,36,9.47,37,0,25000,1,5,0,0,11.45,1,overwhelmed_firsttimer,1
USR1833,59,Surat,1,6,20.76,6,36,8.97,61,0,100000,0,0,0,0,14.6,1,retained,0
USR1834,40,Lucknow,1,16,11.94,3,3,8.74,53,0,25000,1,5,1,0,8.19,1,retained,0
USR1835,27,Gorakhpur,1,16,21.94,6,36,7.12,51,0,50000,0,3,0,0,2.91,0,comparison_paralysis,1
USR1836,55,Patna,0,12,12.02,5,36,9.13,33,0,200000,1,1,0,0,14.1,1,comparison_paralysis,1
USR1837,39,Nagpur,1,17,12.42,1,6,8.08,36,0,50000,1,0,1,0,14.71,0,retained,0
USR1838,34,Bhopal,0,5,9.23,1,6,9.17,48,0,10000,1,1,1,0,13.89,1,retained,0
USR1839,44,Chennai,1,13,7.51,1,12,7.49,41,0,25000,1,2,1,0,13.14,1,retained,0
USR1840,40,Delhi,1,8,6.28,6,12,6.69,13,0,50000,1,3,1,0,1.62,0,retained,0
USR1841,32,Gorakhpur,0,5,8.21,5,6,7.93,32,1,200000,0,4,1,0,12.9,0,kyc_dropout,1
USR1842,22,Coimbatore,1,12,10.66,6,3,7.31,16,0,200000,1,5,0,0,14.32,1,overwhelmed_firsttimer,1
USR1843,45,Surat,1,9,5.03,4,6,8.65,31,1,50000,0,3,0,0,8.51,1,kyc_dropout,1
USR1844,28,Coimbatore,1,3,5.72,5,12,9.37,38,0,100000,1,3,0,1,11.7,1,retained,0
USR1845,46,Coimbatore,1,3,6.7,5,24,8.57,9,0,50000,1,2,1,0,10.08,1,retained,0
USR1846,42,Bengaluru,1,1,10.43,6,36,9.16,23,0,200000,1,0,1,0,4.68,1,retained,0
USR1847,36,Surat,1,12,14.71,6,24,7.86,57,0,50000,1,3,0,0,9.02,0,comparison_paralysis,1
USR1848,22,Lucknow,1,9,18.98,1,24,8.81,63,1,10000,0,0,0,0,13.4,0,retained,0
USR1849,33,Coimbatore,1,9,7.03,5,36,9.03,18,0,100000,1,0,1,0,7.7,1,retained,0
USR1850,28,Bengaluru,1,7,4.86,1,6,8.63,7,0,50000,1,2,0,1,9.06,1,retained,0
USR1851,36,Bengaluru,1,4,8.96,4,3,8.02,39,1,200000,1,3,1,0,8.21,1,kyc_dropout,1
USR1852,42,Delhi,1,13,19.78,3,24,8.38,12,1,50000,0,5,1,1,4.59,0,kyc_dropout,1
USR1853,40,Jaipur,1,17,1.21,1,3,8.6,26,0,50000,1,2,0,0,9.83,1,overwhelmed_firsttimer,1
USR1854,50,Patna,1,2,15.24,6,12,7.26,1,0,25000,1,2,0,0,7.89,1,retained,0
USR1855,46,Coimbatore,1,14,11.02,2,24,8.93,15,0,50000,0,4,0,1,3.87,1,retained,0
USR1856,54,Delhi,1,3,4.38,3,12,9.35,13,0,10000,1,5,0,1,13.48,1,retained,0
USR1857,53,Surat,1,5,7.74,4,6,7.9,16,0,200000,0,2,1,0,14.28,1,retained,0
USR1858,56,Coimbatore,1,14,5.72,6,24,8.6,59,0,500000,1,4,0,0,1.3,0,comparison_paralysis,1
USR1859,59,Lucknow,0,3,19.43,3,12,8.71,16,1,25000,1,0,1,0,9.52,1,retained,0
USR1860,47,Mumbai,1,7,11.12,6,12,8.49,44,0,500000,0,5,1,0,6.52,0,retained,0
USR1861,32,Bengaluru,0,13,12.82,1,6,8.14,37,0,50000,0,5,1,0,8.13,1,retained,0
USR1862,56,Surat,0,10,13.47,6,3,9.14,63,1,100000,1,0,1,1,5.92,1,comparison_paralysis,1
USR1863,29,Gorakhpur,0,13,14.43,4,3,7.85,5,0,10000,1,1,0,0,7.38,1,overwhelmed_firsttimer,1
USR1864,35,Bhopal,1,16,11.41,2,24,6.68,59,0,10000,1,5,0,0,5.19,1,overwhelmed_firsttimer,1
USR1865,31,Coimbatore,0,9,1.38,1,6,9.03,48,1,10000,1,1,1,0,2.21,1,inactive_browser,1
USR1866,23,Surat,1,2,8.03,1,24,8.52,20,0,25000,1,0,0,0,4.88,1,retained,0
USR1867,30,Bengaluru,1,5,4.86,4,3,9.05,22,0,50000,1,3,0,1,10.22,1,retained,0
USR1868,24,Jaipur,1,17,15.28,4,6,6.92,56,0,10000,1,1,1,0,1.23,0,retained,0
USR1869,42,Gorakhpur,1,4,2.19,3,36,6.59,63,0,50000,0,2,0,0,6.05,0,inactive_browser,1
USR1870,47,Lucknow,1,17,12.84,2,6,9.3,28,1,100000,0,5,0,0,1.11,1,kyc_dropout,1
USR1871,29,Coimbatore,1,9,5.42,6,6,6.94,26,0,50000,1,1,1,0,5.67,0,retained,0
USR1872,23,Patna,1,2,20.93,3,36,8.93,5,0,500000,1,5,0,0,1.77,0,retained,0
USR1873,27,Surat,1,11,8.05,6,12,8.97,20,0,50000,0,0,0,1,5.42,1,retained,0
USR1874,49,Surat,1,13,7.83,6,12,8.63,40,1,50000,1,3,0,0,12.65,1,kyc_dropout,1
USR1875,50,Nagpur,1,8,20.39,6,12,6.89,4,0,200000,1,0,1,1,9.39,1,retained,0
USR1876,47,Gorakhpur,1,1,9.76,3,3,8.5,14,0,500000,0,3,1,0,10.39,1,retained,0
USR1877,46,Coimbatore,1,17,21.22,1,6,9.17,20,1,25000,1,5,1,1,7.81,0,kyc_dropout,1
USR1878,33,Bhopal,1,12,1.51,4,36,7.78,57,1,50000,0,1,0,0,13.87,1,inactive_browser,1
USR1879,26,Delhi,1,4,7.43,1,3,7.74,3,0,10000,1,2,0,0,8.35,1,retained,0
USR1880,55,Gorakhpur,1,13,14.99,2,36,7.83,6,0,200000,1,2,1,0,2.01,0,retained,0
USR1881,58,Jaipur,1,9,19.71,3,3,6.75,34,0,50000,1,0,1,0,14.03,1,retained,0
USR1882,36,Nagpur,1,7,6.38,2,3,9.18,35,0,200000,1,5,1,0,2.43,1,retained,0
USR1883,57,Gorakhpur,1,5,20.54,4,3,9.11,14,1,25000,1,3,1,1,14.99,1,kyc_dropout,1
USR1884,36,Bhopal,1,5,13.48,4,36,9.49,1,0,200000,0,1,1,0,6.81,1,retained,0
USR1885,44,Jaipur,0,17,17.82,5,24,8.26,56,0,10000,1,3,0,0,1.57,1,comparison_paralysis,1
USR1886,27,Nagpur,0,9,9.34,2,3,8.75,4,0,50000,1,3,0,0,13.03,1,overwhelmed_firsttimer,1
USR1887,42,Gorakhpur,1,6,5.46,1,12,7.11,31,1,10000,1,3,1,0,1.85,0,kyc_dropout,1
USR1888,44,Pune,0,16,20.14,2,6,8.5,40,0,100000,1,5,0,1,3.03,1,overwhelmed_firsttimer,1
USR1889,37,Bhopal,1,2,20.6,3,24,8.45,41,0,200000,1,1,0,0,6.55,0,retained,0
USR1890,36,Bhopal,1,10,11.45,4,24,9.2,64,1,200000,1,5,1,0,10.3,1,kyc_dropout,1
USR1891,46,Surat,1,16,1.14,4,36,8.99,39,0,200000,1,3,0,0,2.26,1,overwhelmed_firsttimer,1
USR1892,57,Jaipur,1,5,3.31,2,24,9.32,37,0,500000,1,5,0,0,9.53,1,inactive_browser,1
USR1893,32,Lucknow,1,15,13.03,2,36,9.11,41,0,25000,1,2,1,0,11.82,1,retained,0
USR1894,36,Patna,0,13,1.5,6,36,9.11,36,0,500000,0,0,0,0,2.29,0,comparison_paralysis,1
USR1895,25,Nagpur,1,13,9.34,2,12,6.69,55,0,10000,1,4,1,1,9.89,1,retained,0
USR1896,42,Nagpur,1,13,7.37,6,3,9.04,54,0,100000,1,3,0,1,14.4,1,comparison_paralysis,1
USR1897,34,Nagpur,1,15,16.0,3,24,8.32,53,0,25000,0,2,1,1,14.53,0,retained,0
USR1898,43,Bengaluru,1,14,2.17,3,3,7.64,21,0,25000,1,5,0,1,2.84,1,overwhelmed_firsttimer,1
USR1899,40,Chennai,1,8,11.26,1,3,6.67,26,0,50000,0,2,1,0,11.52,1,retained,0
USR1900,55,Nagpur,1,11,13.16,2,3,8.53,46,0,100000,1,0,0,0,12.78,1,overwhelmed_firsttimer,1
USR1901,35,Jaipur,1,4,13.96,1,36,7.48,37,0,200000,1,0,1,0,13.39,0,retained,0
USR1902,25,Coimbatore,0,10,9.51,5,3,7.9,38,0,500000,0,4,1,0,5.19,1,comparison_paralysis,1
USR1903,48,Coimbatore,1,1,7.39,3,24,8.55,14,1,200000,0,4,0,0,4.42,1,kyc_dropout,1
USR1904,50,Surat,1,5,15.33,4,36,9.24,60,0,50000,1,4,0,0,1.19,0,retained,0
USR1905,49,Nagpur,0,13,18.8,6,24,8.98,59,0,500000,1,1,1,0,6.29,1,comparison_paralysis,1
USR1906,56,Jaipur,1,1,15.57,5,36,7.85,7,1,200000,1,1,0,0,2.3,0,retained,0
USR1907,29,Nagpur,1,8,20.57,4,6,7.66,43,0,10000,0,2,1,0,11.9,0,retained,0
USR1908,37,Delhi,1,3,16.06,5,6,7.22,42,1,200000,0,5,0,0,2.57,1,kyc_dropout,1
USR1909,57,Patna,1,3,17.06,1,6,7.62,5,1,500000,0,0,1,1,12.37,0,retained,0
USR1910,51,Patna,1,7,4.53,1,6,6.83,26,1,10000,0,3,1,1,2.06,0,kyc_dropout,1
USR1911,39,Lucknow,1,4,9.81,6,36,9.41,44,1,50000,1,0,0,0,7.47,1,retained,0
USR1912,23,Coimbatore,1,3,11.19,3,3,8.22,22,0,50000,1,1,0,0,6.08,1,retained,0
USR1913,34,Jaipur,0,15,6.38,6,12,6.88,12,1,10000,1,2,0,0,9.22,1,kyc_dropout,1
USR1914,25,Bhopal,1,8,12.1,4,12,7.56,63,0,500000,1,3,1,0,8.02,0,retained,0
USR1915,47,Coimbatore,1,3,7.11,5,6,8.14,24,0,500000,1,4,1,0,9.18,1,retained,0
USR1916,46,Mumbai,1,7,15.44,6,3,8.1,51,1,200000,0,4,1,0,0.51,1,kyc_dropout,1
USR1917,51,Lucknow,1,11,10.88,2,24,6.61,47,0,50000,0,1,0,0,2.35,0,retained,0
USR1918,32,Lucknow,1,11,10.63,2,3,9.35,60,1,50000,1,2,0,0,8.0,1,kyc_dropout,1
USR1919,28,Delhi,0,17,21.66,3,24,7.33,16,0,10000,1,5,1,1,3.83,1,retained,0
USR1920,52,Surat,1,6,9.24,6,12,6.55,39,0,50000,1,0,1,1,1.61,1,retained,0
USR1921,31,Lucknow,1,8,8.61,4,3,6.73,25,0,200000,1,1,0,0,3.66,1,overwhelmed_firsttimer,1
USR1922,60,Surat,1,1,7.69,2,3,8.24,55,0,50000,1,5,1,0,11.81,1,retained,0
USR1923,34,Lucknow,0,10,19.79,3,12,6.91,39,0,10000,0,5,0,0,8.35,1,retained,0
USR1924,52,Coimbatore,1,3,11.43,6,3,6.63,7,0,200000,1,0,1,1,3.26,0,retained,0
USR1925,28,Gorakhpur,1,4,13.6,3,24,7.64,44,0,100000,1,3,0,0,0.73,1,retained,0
USR1926,57,Chennai,1,11,4.8,4,3,8.37,16,1,10000,0,0,1,0,5.69,1,retained,0
USR1927,41,Gorakhpur,1,15,12.36,2,24,6.84,40,0,100000,1,3,1,1,5.68,1,retained,0
USR1928,25,Surat,0,1,6.77,2,6,7.44,8,1,50000,1,5,1,0,11.16,1,kyc_dropout,1
USR1929,28,Chennai,1,9,16.34,2,3,7.75,23,0,200000,1,2,1,0,13.83,0,retained,0
USR1930,22,Jaipur,1,11,18.48,1,24,6.98,10,0,50000,1,1,0,1,5.89,1,overwhelmed_firsttimer,1
USR1931,34,Surat,1,13,16.01,2,12,8.02,34,0,200000,1,0,1,0,10.48,0,retained,0
USR1932,43,Bengaluru,1,16,16.34,5,6,6.76,28,1,25000,1,2,1,0,9.71,1,kyc_dropout,1
USR1933,42,Jaipur,1,4,11.76,1,3,6.64,7,0,50000,1,2,0,0,6.62,1,retained,0
USR1934,43,Gorakhpur,1,1,15.95,6,24,8.06,16,0,50000,0,0,1,0,1.46,1,retained,0
USR1935,49,Bengaluru,1,13,9.88,1,3,7.24,11,1,50000,0,4,1,1,7.37,1,kyc_dropout,1
USR1936,30,Gorakhpur,0,1,14.68,1,24,6.79,49,0,500000,0,5,0,0,5.64,0,retained,0
USR1937,47,Surat,1,5,6.44,1,3,7.77,23,1,10000,0,4,1,1,8.48,1,kyc_dropout,1
USR1938,30,Nagpur,1,5,2.46,3,6,9.25,36,0,500000,1,3,1,0,2.32,1,inactive_browser,1
USR1939,36,Gorakhpur,0,14,9.68,5,6,8.67,10,0,200000,1,2,0,0,11.0,0,overwhelmed_firsttimer,1
USR1940,31,Mumbai,1,14,10.7,4,3,8.95,58,0,200000,1,1,1,0,11.92,1,retained,0
USR1941,45,Coimbatore,0,8,6.38,2,3,9.12,54,0,200000,1,1,0,1,6.13,1,overwhelmed_firsttimer,1
USR1942,29,Bengaluru,0,4,16.28,1,36,9.42,26,1,10000,1,2,0,0,3.04,0,kyc_dropout,1
USR1943,45,Jaipur,1,7,2.54,4,3,8.79,59,1,200000,0,4,1,0,9.54,1,kyc_dropout,1
USR1944,37,Coimbatore,0,15,5.68,3,3,8.33,1,0,500000,1,5,1,0,14.36,1,retained,0
USR1945,47,Chennai,1,4,16.72,4,6,7.6,17,1,500000,0,2,1,1,10.66,0,kyc_dropout,1
USR1946,48,Nagpur,1,9,10.18,1,3,7.04,19,0,50000,1,3,1,1,2.29,0,retained,0
USR1947,58,Surat,1,13,15.81,6,12,8.56,62,0,100000,1,2,1,0,6.26,1,comparison_paralysis,1
USR1948,25,Patna,0,14,12.92,5,3,9.48,1,0,25000,0,0,1,0,13.77,1,retained,0
USR1949,45,Surat,1,14,20.96,4,36,7.9,41,0,200000,0,4,1,0,9.7,1,retained,0
USR1950,40,Bengaluru,0,10,13.55,1,24,8.67,27,0,10000,1,0,1,0,2.63,0,retained,0
USR1951,57,Gorakhpur,0,16,1.31,1,6,7.99,28,0,10000,0,0,1,0,11.01,1,retained,0
USR1952,60,Surat,0,5,8.41,2,12,7.8,27,0,200000,1,2,1,0,5.63,1,retained,0
USR1953,31,Jaipur,1,6,4.0,6,24,7.73,59,1,100000,1,5,0,1,7.6,0,kyc_dropout,1
USR1954,46,Lucknow,1,2,20.42,2,12,8.01,4,1,500000,1,2,1,0,6.52,1,kyc_dropout,1
USR1955,39,Coimbatore,1,13,3.18,6,6,7.6,14,0,200000,1,5,1,0,11.02,1,retained,0
USR1956,40,Pune,1,13,9.14,5,36,8.75,31,0,10000,1,1,0,1,3.66,0,comparison_paralysis,1
USR1957,57,Nagpur,0,1,5.75,2,6,9.12,51,0,25000,0,5,1,1,6.13,0,retained,0
USR1958,31,Lucknow,0,8,18.78,5,12,9.15,36,1,100000,1,0,1,0,11.3,1,retained,0
USR1959,54,Coimbatore,1,16,7.48,3,12,7.18,14,0,200000,1,2,0,0,10.72,0,overwhelmed_firsttimer,1
USR1960,26,Gorakhpur,1,2,21.83,3,6,9.19,40,0,25000,0,1,1,0,3.43,1,retained,0
USR1961,56,Nagpur,1,8,1.81,6,3,7.52,3,1,200000,1,0,0,0,5.58,1,overwhelmed_firsttimer,1
USR1962,55,Coimbatore,0,6,3.69,6,6,7.43,52,0,100000,0,1,1,0,0.71,1,inactive_browser,1
USR1963,54,Delhi,1,16,5.72,2,36,8.68,26,0,10000,1,4,0,1,8.19,0,overwhelmed_firsttimer,1
USR1964,42,Nagpur,1,11,18.03,3,6,7.41,20,0,500000,0,3,0,0,4.57,1,retained,0
USR1965,38,Nagpur,1,17,19.45,4,24,6.66,59,0,500000,1,0,0,1,0.67,1,overwhelmed_firsttimer,1
USR1966,43,Mumbai,1,11,2.5,4,3,7.62,63,1,100000,1,2,1,0,6.66,0,kyc_dropout,1
USR1967,58,Surat,0,8,1.68,4,24,8.66,46,0,50000,1,5,0,0,13.94,1,overwhelmed_firsttimer,1
USR1968,36,Coimbatore,1,4,16.64,3,6,7.48,53,0,500000,1,4,1,0,13.89,1,retained,0
USR1969,56,Gorakhpur,0,11,3.8,4,3,8.39,30,0,200000,0,1,0,1,5.9,0,retained,0
USR1970,49,Chennai,1,8,3.79,5,24,8.48,16,0,25000,0,3,1,0,7.01,0,retained,0
USR1971,28,Coimbatore,1,9,1.47,1,24,8.7,49,0,25000,0,5,1,0,4.02,0,inactive_browser,1
USR1972,53,Chennai,1,2,2.05,6,3,9.19,6,0,500000,1,0,1,0,1.49,1,retained,0
USR1973,32,Gorakhpur,1,16,6.54,2,3,7.8,27,0,100000,1,3,0,0,10.56,1,overwhelmed_firsttimer,1
USR1974,31,Coimbatore,1,6,2.37,5,12,7.0,9,0,100000,0,4,0,0,12.1,1,retained,0
USR1975,30,Gorakhpur,1,8,8.75,4,3,7.46,26,0,100000,1,3,1,0,13.26,1,retained,0
USR1976,35,Bhopal,1,14,18.49,1,6,7.8,12,0,25000,0,0,1,0,14.06,0,retained,0
USR1977,34,Surat,1,16,7.85,2,36,8.64,59,1,10000,1,4,0,0,13.78,1,kyc_dropout,1
USR1978,46,Gorakhpur,1,12,16.28,5,12,6.54,42,0,25000,0,1,0,0,0.9,0,comparison_paralysis,1
USR1979,23,Nagpur,0,5,2.97,2,3,7.45,62,1,10000,1,0,1,1,14.68,1,inactive_browser,1
USR1980,56,Patna,0,9,14.85,6,36,8.84,64,0,100000,1,3,0,0,6.0,1,overwhelmed_firsttimer,1
USR1981,28,Mumbai,1,2,7.65,3,12,8.51,53,1,50000,1,0,0,1,13.35,1,retained,0
USR1982,42,Nagpur,1,12,16.74,4,6,8.7,35,0,25000,0,4,1,0,6.89,1,retained,0
USR1983,39,Nagpur,1,2,3.86,5,36,8.94,14,0,100000,0,3,1,0,6.62,1,retained,0
USR1984,24,Nagpur,1,10,19.86,5,3,8.85,17,0,25000,1,1,1,0,0.66,1,retained,0
USR1985,60,Lucknow,1,1,6.09,1,3,8.55,3,0,100000,1,5,0,0,1.26,1,retained,0
USR1986,32,Nagpur,1,4,8.42,1,6,7.82,10,1,25000,0,2,1,0,10.23,0,kyc_dropout,1
USR1987,60,Lucknow,0,12,20.95,1,12,9.45,5,0,200000,1,1,0,0,14.1,1,overwhelmed_firsttimer,1
USR1988,45,Jaipur,1,9,13.15,2,36,8.21,50,0,25000,1,0,0,0,3.75,0,overwhelmed_firsttimer,1
USR1989,40,Lucknow,0,4,8.68,4,6,7.11,57,1,200000,0,2,1,0,1.86,1,kyc_dropout,1
USR1990,25,Pune,0,9,20.94,2,12,7.38,59,0,10000,1,5,1,0,3.6,1,retained,0
USR1991,47,Coimbatore,0,6,7.91,4,24,8.58,17,0,25000,1,5,1,0,3.58,1,retained,0
USR1992,59,Bengaluru,1,1,2.99,5,24,9.27,16,0,10000,0,4,1,0,4.75,1,retained,0
USR1993,53,Patna,1,10,21.93,2,12,7.04,33,0,50000,1,5,0,0,1.87,1,overwhelmed_firsttimer,1
USR1994,60,Gorakhpur,1,14,6.62,2,3,6.75,29,1,500000,1,3,0,0,3.92,1,kyc_dropout,1
USR1995,57,Lucknow,1,6,18.88,2,3,9.14,18,0,500000,1,3,1,0,13.86,1,retained,0
USR1996,61,Bhopal,1,16,4.48,3,24,9.25,8,0,200000,0,4,1,0,13.41,1,retained,0
USR1997,58,Delhi,1,15,16.36,6,3,7.33,39,0,25000,1,5,0,0,5.09,1,comparison_paralysis,1
USR1998,54,Gorakhpur,1,16,12.01,4,3,7.63,43,0,500000,0,0,1,0,14.95,1,retained,0
USR1999,57,Patna,1,8,21.6,4,12,8.48,58,0,10000,1,1,1,0,4.83,1,retained,0
USR2000,24,Chennai,1,13,12.61,2,12,7.49,24,0,500000,1,2,1,0,10.97,1,retained,0
USR2001,30,Lucknow,1,11,1.53,3,3,9.13,52,0,500000,0,4,1,1,9.84,0,inactive_browser,1
USR2002,29,Chennai,1,7,13.68,2,12,6.82,47,1,100000,1,5,1,0,1.44,1,kyc_dropout,1
USR2003,54,Chennai,1,17,4.05,4,36,6.61,52,0,500000,1,0,1,0,5.46,1,retained,0
USR2004,27,Nagpur,0,13,17.77,6,24,7.13,48,0,10000,0,0,0,0,14.3,1,comparison_paralysis,1
USR2005,60,Nagpur,1,15,18.99,6,36,7.36,42,0,500000,0,2,0,1,1.24,0,comparison_paralysis,1
USR2006,25,Bengaluru,1,1,11.12,5,36,6.84,18,1,25000,0,4,1,1,3.04,1,kyc_dropout,1
USR2007,34,Patna,1,16,17.45,3,3,6.7,33,0,500000,1,1,0,0,14.58,1,overwhelmed_firsttimer,1
USR2008,23,Gorakhpur,0,5,4.05,6,3,8.77,53,1,50000,1,1,1,0,1.08,1,retained,0
USR2009,26,Pune,1,3,11.33,3,36,6.99,0,1,500000,1,4,1,0,6.98,1,kyc_dropout,1
USR2010,48,Gorakhpur,1,10,9.27,2,36,9.24,54,1,200000,0,3,0,0,13.82,1,kyc_dropout,1
USR2011,53,Surat,1,5,13.84,5,6,7.6,14,0,100000,1,5,1,0,14.18,1,retained,0
USR2012,42,Lucknow,0,7,1.93,4,6,8.51,14,0,10000,1,1,1,0,14.7,0,retained,0
USR2013,29,Bhopal,1,14,16.79,6,24,7.18,22,0,500000,0,3,0,0,7.48,0,comparison_paralysis,1
USR2014,59,Jaipur,0,3,2.66,6,36,7.22,45,1,500000,0,4,1,0,1.75,1,kyc_dropout,1
USR2015,29,Lucknow,1,13,14.79,1,12,8.22,8,1,25000,1,5,1,1,11.7,1,kyc_dropout,1
USR2016,24,Bengaluru,1,13,1.39,4,6,8.18,17,1,25000,1,0,1,0,10.78,1,retained,0
USR2017,24,Gorakhpur,1,10,18.47,6,3,8.81,16,0,200000,1,4,0,0,8.9,0,overwhelmed_firsttimer,1
USR2018,43,Pune,1,2,4.67,6,36,8.77,33,0,100000,1,0,1,0,13.38,1,retained,0
USR2019,27,Delhi,1,6,11.83,4,12,8.51,63,0,10000,1,4,0,0,13.72,1,retained,0
USR2020,23,Surat,0,8,6.49,5,12,7.85,43,0,10000,1,3,1,0,10.41,1,retained,0
USR2021,44,Coimbatore,1,4,16.18,3,12,9.17,28,0,10000,1,5,0,1,2.13,1,retained,0
USR2022,23,Bhopal,1,12,7.75,4,3,8.37,61,0,200000,0,3,1,0,1.89,1,retained,0
USR2023,59,Delhi,1,15,16.22,3,6,9.47,15,1,200000,1,5,0,1,6.43,1,kyc_dropout,1
USR2024,38,Bhopal,1,8,6.98,5,12,8.96,51,0,500000,1,4,0,0,4.74,1,overwhelmed_firsttimer,1
USR2025,56,Gorakhpur,1,7,16.8,5,6,6.63,1,1,100000,1,0,0,1,2.43,0,retained,0
USR2026,55,Lucknow,1,14,1.64,2,24,7.46,60,1,10000,1,4,1,1,9.36,0,kyc_dropout,1
USR2027,44,Gorakhpur,1,14,6.95,1,3,8.22,3,0,10000,0,0,0,1,10.41,1,retained,0
USR2028,51,Nagpur,1,13,11.47,5,6,8.66,51,0,500000,0,3,1,1,10.62,1,comparison_paralysis,1
USR2029,29,Nagpur,1,1,1.95,5,6,8.15,40,0,100000,0,2,0,0,3.04,1,inactive_browser,1
USR2030,43,Pune,1,1,4.91,3,12,8.86,51,0,100000,1,1,1,0,4.93,1,retained,0
USR2031,57,Patna,1,4,20.63,5,12,7.35,30,0,100000,0,3,1,0,3.39,1,retained,0
USR2032,26,Gorakhpur,1,10,21.51,4,3,7.05,25,0,25000,1,4,0,0,9.22,0,overwhelmed_firsttimer,1
USR2033,34,Gorakhpur,1,3,16.53,2,6,6.66,26,1,100000,1,4,0,1,8.72,1,kyc_dropout,1
USR2034,50,Bengaluru,1,9,6.3,2,36,8.22,50,0,50000,0,0,0,0,7.8,1,retained,0
USR2035,52,Jaipur,0,3,6.47,4,12,8.57,47,1,200000,1,1,1,0,4.79,0,retained,0
USR2036,37,Patna,1,6,14.56,6,12,7.48,10,1,100000,0,5,0,0,3.94,0,kyc_dropout,1
USR2037,51,Patna,1,6,3.47,5,24,8.34,7,0,25000,1,3,1,0,13.41,1,retained,0
USR2038,37,Jaipur,0,12,20.91,1,3,6.66,11,0,50000,0,1,0,0,1.21,0,retained,0
USR2039,33,Mumbai,1,1,5.72,5,6,6.8,44,1,25000,1,1,1,0,10.02,0,retained,0
USR2040,38,Bhopal,1,16,21.99,2,6,8.61,33,0,25000,1,3,1,1,0.78,1,retained,0
USR2041,37,Bengaluru,0,5,11.41,1,6,7.6,46,0,500000,1,0,0,0,3.31,0,retained,0
USR2042,33,Lucknow,1,9,17.2,6,12,8.51,20,1,25000,1,5,1,0,4.7,1,kyc_dropout,1
USR2043,29,Pune,0,10,1.05,3,3,9.0,40,0,25000,1,0,1,0,13.35,1,inactive_browser,1
USR2044,41,Nagpur,1,13,19.66,3,6,9.06,21,1,10000,0,0,0,0,2.5,1,retained,0
USR2045,24,Coimbatore,1,15,6.67,5,36,7.02,20,0,200000,1,2,1,0,14.1,1,retained,0
USR2046,37,Pune,0,12,15.03,5,24,7.96,27,0,500000,0,1,0,1,12.32,0,comparison_paralysis,1
USR2047,51,Nagpur,1,5,17.93,1,24,8.7,13,1,500000,1,2,1,0,10.35,1,kyc_dropout,1
USR2048,44,Bengaluru,1,5,4.45,1,6,8.82,51,1,10000,0,0,0,0,6.47,1,retained,0
USR2049,49,Patna,1,12,10.29,6,12,8.85,42,0,50000,0,5,1,0,13.63,1,comparison_paralysis,1
USR2050,61,Bengaluru,1,3,11.37,5,24,7.18,18,1,10000,1,3,0,0,8.16,1,kyc_dropout,1
USR2051,26,Gorakhpur,0,7,7.55,2,24,7.08,26,1,500000,0,1,1,0,5.88,1,retained,0
USR2052,41,Coimbatore,1,17,11.12,3,24,8.27,17,0,50000,0,3,1,0,8.99,1,retained,0
USR2053,61,Coimbatore,1,1,7.67,6,24,8.72,12,0,500000,1,4,0,0,3.87,0,retained,0
USR2054,22,Surat,1,5,8.58,1,6,7.46,0,0,100000,0,1,0,0,4.46,1,retained,0
USR2055,51,Jaipur,0,2,15.06,2,3,6.81,33,0,50000,1,3,1,0,13.83,1,retained,0
USR2056,42,Coimbatore,1,1,14.28,5,3,8.65,12,0,500000,1,0,0,0,12.01,1,retained,0
USR2057,41,Bengaluru,1,7,5.88,4,12,7.4,50,0,10000,0,2,1,0,7.95,0,retained,0
USR2058,27,Surat,1,11,19.85,1,36,7.0,0,0,500000,0,3,1,1,6.54,0,retained,0
USR2059,43,Bengaluru,0,11,19.12,6,3,6.94,27,1,10000,0,5,1,0,12.21,1,kyc_dropout,1
USR2060,39,Jaipur,1,17,11.69,4,36,7.44,31,1,50000,1,4,1,0,8.77,1,kyc_dropout,1
USR2061,29,Coimbatore,1,2,10.1,2,3,8.28,54,0,10000,0,0,0,1,6.52,1,retained,0
USR2062,60,Lucknow,1,7,8.91,3,3,7.58,25,1,50000,1,4,1,0,7.97,1,kyc_dropout,1
USR2063,53,Gorakhpur,1,7,15.85,2,12,6.56,13,0,25000,1,5,0,0,3.87,0,retained,0
USR2064,54,Coimbatore,0,10,15.1,3,24,6.79,62,0,200000,1,5,0,0,3.43,1,overwhelmed_firsttimer,1
USR2065,37,Gorakhpur,1,3,5.12,2,12,7.37,13,0,50000,0,2,0,0,14.84,1,retained,0
USR2066,33,Coimbatore,1,12,15.1,1,3,8.48,26,1,25000,1,4,1,0,14.56,1,kyc_dropout,1
USR2067,59,Bengaluru,1,3,6.3,1,24,6.8,40,1,25000,1,5,0,1,6.6,0,kyc_dropout,1
USR2068,55,Nagpur,1,11,1.39,6,24,8.18,2,1,25000,1,3,1,0,7.97,1,kyc_dropout,1
USR2069,35,Bengaluru,1,12,15.68,4,24,6.86,58,1,25000,0,5,1,0,12.49,0,kyc_dropout,1
USR2070,57,Mumbai,0,4,14.54,2,36,7.13,22,0,50000,1,5,0,0,11.02,1,retained,0
USR2071,54,Pune,1,16,9.63,2,3,7.02,17,1,10000,1,3,1,1,1.94,1,kyc_dropout,1
USR2072,44,Gorakhpur,1,4,12.04,4,6,6.7,40,0,25000,0,0,0,0,5.93,1,retained,0
USR2073,23,Bhopal,0,6,20.89,5,12,8.51,7,0,100000,1,2,0,1,4.13,1,retained,0
USR2074,42,Chennai,1,15,13.5,6,36,7.89,31,1,25000,1,2,1,0,14.89,1,kyc_dropout,1
USR2075,23,Bengaluru,0,1,14.82,2,12,8.99,40,1,10000,1,1,0,0,11.36,1,retained,0
USR2076,48,Delhi,0,3,2.34,6,6,6.8,44,0,10000,1,1,0,0,1.19,0,inactive_browser,1
USR2077,30,Patna,1,5,4.49,2,24,6.93,8,0,200000,1,3,0,1,13.55,1,retained,0
USR2078,22,Nagpur,1,17,7.32,2,6,7.42,47,0,200000,1,5,1,0,13.96,1,retained,0
USR2079,32,Jaipur,0,14,12.33,5,12,8.8,23,0,25000,1,4,1,0,5.33,0,comparison_paralysis,1
USR2080,24,Chennai,0,9,17.31,1,6,7.42,43,0,25000,1,5,0,0,9.81,1,overwhelmed_firsttimer,1
USR2081,44,Surat,1,3,7.75,6,3,7.73,57,0,500000,0,5,0,1,10.39,1,retained,0
USR2082,47,Patna,1,13,8.48,4,6,7.4,17,0,500000,0,4,0,0,11.08,0,retained,0
USR2083,25,Patna,0,3,6.38,6,3,6.74,28,1,200000,1,0,0,0,10.56,0,retained,0
USR2084,39,Nagpur,0,11,6.35,5,6,9.32,1,1,25000,1,2,1,1,8.62,1,kyc_dropout,1
USR2085,27,Jaipur,1,2,20.93,3,3,8.15,38,0,500000,1,3,0,1,14.33,1,retained,0
USR2086,56,Surat,1,15,14.34,3,3,8.86,40,1,100000,1,4,1,0,7.93,1,kyc_dropout,1
USR2087,43,Nagpur,1,13,4.27,5,6,8.48,21,0,50000,1,1,1,1,2.11,0,comparison_paralysis,1
USR2088,36,Coimbatore,0,16,16.17,5,36,8.04,48,0,200000,0,3,1,0,1.67,0,comparison_paralysis,1
USR2089,43,Pune,1,7,16.16,1,24,6.77,27,0,200000,0,0,0,1,0.77,1,retained,0
USR2090,58,Bengaluru,1,13,15.0,6,24,8.43,15,0,10000,0,3,1,0,6.7,0,retained,0
USR2091,33,Jaipur,1,4,3.83,6,24,6.97,61,0,25000,0,4,1,0,4.46,1,inactive_browser,1
USR2092,59,Lucknow,1,9,9.57,3,3,7.74,35,0,200000,1,0,0,1,13.48,1,overwhelmed_firsttimer,1
USR2093,39,Lucknow,0,10,3.24,4,24,8.39,21,0,200000,1,5,1,0,13.07,1,retained,0
USR2094,56,Patna,1,9,18.15,6,3,8.85,10,0,500000,0,1,1,0,12.65,1,retained,0
USR2095,51,Surat,1,7,14.76,2,36,8.56,41,1,100000,1,1,0,0,13.08,0,retained,0
USR2096,45,Surat,1,15,11.65,2,6,8.51,54,0,25000,1,4,1,1,4.82,1,retained,0
USR2097,51,Bengaluru,0,8,8.2,1,6,6.95,34,1,50000,1,0,0,0,6.68,0,overwhelmed_firsttimer,1
USR2098,35,Patna,0,11,4.87,1,3,7.54,56,0,100000,1,1,0,0,5.02,1,overwhelmed_firsttimer,1
USR2099,27,Coimbatore,1,5,3.24,3,3,6.63,33,1,50000,0,0,1,0,1.75,1,retained,0
USR2100,24,Surat,0,2,21.35,4,36,8.66,3,0,10000,1,3,1,0,13.9,1,retained,0
USR2101,37,Patna,0,10,5.19,4,24,9.36,45,1,200000,0,2,1,0,9.43,0,kyc_dropout,1
USR2102,28,Mumbai,1,16,2.26,5,36,7.29,10,1,500000,1,2,0,0,2.42,1,kyc_dropout,1
USR2103,35,Chennai,1,13,21.2,1,6,6.76,60,0,100000,1,2,1,0,3.49,1,retained,0
USR2104,30,Bengaluru,1,8,12.53,6,6,7.93,34,1,50000,1,1,1,1,7.04,1,retained,0
USR2105,36,Patna,1,9,17.73,2,24,9.07,56,0,25000,1,4,1,1,1.25,1,retained,0
USR2106,42,Gorakhpur,1,11,1.92,6,6,8.16,10,1,10000,0,2,1,1,4.44,1,kyc_dropout,1
USR2107,56,Bengaluru,1,11,12.91,2,3,6.64,11,0,10000,1,5,1,1,10.7,1,retained,0
USR2108,23,Lucknow,1,16,9.36,3,6,9.42,42,0,200000,1,4,0,0,13.85,1,overwhelmed_firsttimer,1
USR2109,48,Bhopal,0,10,17.21,2,12,8.99,18,0,200000,1,2,0,0,13.97,1,overwhelmed_firsttimer,1
USR2110,23,Jaipur,1,12,1.81,6,24,6.89,58,0,50000,1,3,0,0,8.04,1,comparison_paralysis,1
USR2111,56,Nagpur,0,6,9.44,6,24,9.27,1,0,50000,1,2,1,0,5.03,1,retained,0
USR2112,39,Coimbatore,1,12,17.78,4,24,7.85,7,1,10000,1,4,0,0,13.85,1,kyc_dropout,1
USR2113,35,Bengaluru,1,10,11.98,4,12,7.62,21,0,50000,0,1,1,0,11.91,1,retained,0
USR2114,41,Bengaluru,1,4,12.55,1,36,7.88,20,1,200000,0,5,0,0,9.01,1,kyc_dropout,1
USR2115,39,Lucknow,0,9,3.04,6,3,9.0,28,0,10000,1,3,1,0,12.6,0,retained,0
USR2116,31,Nagpur,0,7,3.78,3,24,8.48,36,0,10000,1,4,0,0,7.15,0,inactive_browser,1
USR2117,46,Bengaluru,1,8,15.22,2,6,6.68,28,0,25000,0,0,1,1,2.13,1,retained,0
USR2118,23,Nagpur,1,11,15.18,1,3,9.37,36,1,25000,1,2,1,0,14.1,1,kyc_dropout,1
USR2119,46,Jaipur,1,7,21.56,5,6,6.94,20,0,50000,1,3,0,0,8.24,0,retained,0
USR2120,54,Patna,1,9,15.95,5,3,8.74,11,0,50000,1,1,1,0,10.58,1,retained,0
USR2121,57,Surat,1,8,11.36,2,3,8.41,47,0,200000,1,0,1,1,6.19,1,retained,0
USR2122,52,Patna,1,3,19.0,2,6,7.06,46,0,200000,0,2,1,0,2.47,1,retained,0
USR2123,35,Gorakhpur,1,17,3.19,2,6,7.01,14,1,25000,1,3,1,0,4.44,0,kyc_dropout,1
USR2124,22,Nagpur,1,2,10.44,4,3,9.11,12,0,10000,1,5,0,0,1.13,1,retained,0
USR2125,37,Delhi,1,15,7.03,2,24,7.76,58,0,100000,1,4,1,0,1.77,0,retained,0
USR2126,24,Coimbatore,1,14,3.2,5,6,8.46,12,0,500000,1,2,1,0,3.47,0,retained,0
USR2127,56,Lucknow,1,16,17.03,2,12,8.01,18,0,500000,1,3,1,0,8.63,1,retained,0
USR2128,27,Patna,1,4,11.73,6,12,8.68,56,0,100000,1,2,0,0,14.9,0,retained,0
USR2129,46,Coimbatore,1,6,12.69,3,3,7.94,31,0,50000,1,5,0,0,12.73,0,retained,0
USR2130,34,Nagpur,1,6,9.64,5,36,7.36,20,0,500000,1,3,1,0,1.75,1,retained,0
USR2131,55,Bengaluru,1,11,10.67,3,3,7.59,13,0,500000,1,4,0,0,12.71,1,overwhelmed_firsttimer,1
USR2132,29,Gorakhpur,1,17,3.44,5,3,9.08,23,0,100000,0,2,0,0,8.28,1,comparison_paralysis,1
USR2133,42,Lucknow,0,3,15.13,1,24,7.9,48,0,100000,1,3,0,1,10.07,0,retained,0
USR2134,55,Jaipur,1,13,10.08,6,24,7.14,31,0,25000,0,0,1,1,2.38,1,comparison_paralysis,1
USR2135,25,Coimbatore,1,3,18.15,5,36,9.3,10,0,10000,1,1,0,0,6.23,1,retained,0
USR2136,46,Coimbatore,1,16,5.12,6,36,8.89,59,0,200000,0,5,1,0,13.32,1,comparison_paralysis,1
USR2137,36,Lucknow,0,15,5.31,5,36,6.67,60,0,25000,1,3,1,1,6.67,1,comparison_paralysis,1
USR2138,25,Bengaluru,1,11,14.56,3,36,9.5,4,1,500000,0,3,0,0,2.34,1,kyc_dropout,1
USR2139,33,Bhopal,1,15,18.77,3,36,8.58,35,0,200000,1,3,1,1,5.01,1,retained,0
USR2140,53,Jaipur,1,5,10.92,5,3,6.98,63,0,25000,0,2,1,0,3.71,1,retained,0
USR2141,53,Coimbatore,0,16,16.27,5,3,7.21,31,0,25000,1,5,0,0,10.46,1,comparison_paralysis,1
USR2142,49,Jaipur,0,16,21.99,4,12,8.58,9,0,100000,1,1,0,1,13.71,1,overwhelmed_firsttimer,1
USR2143,34,Gorakhpur,1,17,21.8,6,12,8.84,20,1,200000,0,5,0,0,11.14,1,kyc_dropout,1
USR2144,52,Nagpur,0,9,16.63,6,6,7.22,39,0,25000,1,2,1,0,12.73,1,retained,0
USR2145,35,Patna,1,3,16.53,6,3,7.27,41,0,100000,1,3,0,0,12.18,1,retained,0
USR2146,41,Gorakhpur,1,13,6.2,6,36,7.42,45,1,50000,1,5,1,1,0.71,1,kyc_dropout,1
USR2147,39,Bhopal,1,3,18.5,1,6,8.29,40,1,200000,0,3,1,1,2.3,0,kyc_dropout,1
USR2148,50,Surat,0,7,9.51,1,24,7.02,3,1,25000,0,1,1,0,6.64,1,retained,0
USR2149,27,Chennai,0,6,21.2,2,3,6.81,13,0,500000,0,0,1,0,2.13,1,retained,0
USR2150,53,Pune,1,9,2.71,5,12,8.54,13,1,50000,0,2,0,0,11.16,1,kyc_dropout,1
USR2151,50,Surat,1,12,10.15,5,3,8.84,52,0,100000,0,0,0,1,1.52,1,comparison_paralysis,1
USR2152,23,Chennai,0,15,12.67,5,3,8.0,28,0,25000,1,5,0,0,6.54,1,comparison_paralysis,1
USR2153,44,Surat,1,3,9.51,5,3,7.59,22,0,500000,1,3,1,0,6.19,0,retained,0
USR2154,40,Nagpur,1,10,5.42,6,3,7.8,30,0,100000,0,3,1,1,8.38,0,comparison_paralysis,1
USR2155,52,Jaipur,1,1,13.45,6,24,7.67,60,0,100000,0,4,1,0,9.63,0,retained,0
USR2156,26,Nagpur,1,13,16.87,1,12,9.38,22,1,500000,1,4,0,1,14.23,1,kyc_dropout,1
USR2157,40,Surat,0,12,14.54,3,3,8.8,7,0,100000,0,0,0,0,4.43,1,retained,0
USR2158,55,Coimbatore,0,1,5.92,4,24,7.12,15,1,200000,1,4,1,0,10.16,1,kyc_dropout,1
USR2159,31,Patna,1,16,16.36,6,6,7.65,25,0,50000,0,5,1,0,1.01,1,comparison_paralysis,1
USR2160,46,Surat,0,15,6.39,6,3,8.13,28,0,50000,1,1,0,0,0.51,0,comparison_paralysis,1
USR2161,23,Pune,1,16,4.68,6,24,8.34,5,0,10000,1,5,1,0,0.87,0,retained,0
USR2162,32,Coimbatore,1,11,15.5,3,36,7.9,36,0,25000,1,0,0,0,7.01,1,overwhelmed_firsttimer,1
USR2163,52,Nagpur,1,6,18.7,3,6,8.93,32,0,100000,0,5,0,0,8.55,1,retained,0
USR2164,36,Mumbai,1,11,11.11,1,12,8.8,45,0,25000,0,4,1,0,0.59,0,retained,0
USR2165,30,Surat,1,3,12.16,6,3,8.02,60,0,50000,1,4,1,0,6.25,0,retained,0
USR2166,44,Bhopal,1,15,7.36,4,3,9.06,40,0,50000,1,1,0,1,1.09,1,overwhelmed_firsttimer,1
USR2167,40,Mumbai,1,1,11.39,5,24,8.75,17,1,100000,1,5,1,1,9.97,0,kyc_dropout,1
USR2168,30,Lucknow,0,7,3.77,6,12,8.84,15,0,200000,1,1,1,0,9.65,0,retained,0
USR2169,56,Gorakhpur,0,1,21.07,1,36,9.37,50,0,500000,0,0,1,0,11.87,1,retained,0
USR2170,42,Pune,1,17,17.81,1,6,7.3,36,0,100000,1,2,1,1,8.42,0,retained,0
USR2171,30,Gorakhpur,1,9,15.03,4,12,7.3,13,0,100000,0,5,0,0,9.53,1,retained,0
USR2172,49,Chennai,0,13,12.3,2,3,9.17,29,1,10000,1,5,0,1,4.55,1,kyc_dropout,1
USR2173,28,Delhi,0,11,17.64,1,24,8.82,59,1,500000,0,1,1,0,1.74,1,retained,0
USR2174,37,Patna,1,6,11.39,3,36,9.28,52,1,200000,0,4,1,0,11.19,1,kyc_dropout,1
USR2175,37,Jaipur,0,1,7.3,3,24,6.69,35,0,25000,1,0,0,1,9.37,1,retained,0
USR2176,54,Pune,1,7,4.37,5,6,8.38,29,1,500000,1,2,1,0,14.11,1,kyc_dropout,1
USR2177,25,Bengaluru,0,12,14.6,1,12,6.93,63,0,200000,1,5,1,0,14.84,0,retained,0
USR2178,25,Bengaluru,1,17,20.52,5,24,8.01,13,0,100000,1,0,1,0,12.79,1,retained,0
USR2179,60,Bhopal,1,4,4.23,1,24,6.97,22,0,100000,1,4,1,0,14.79,1,retained,0
USR2180,61,Delhi,1,3,4.78,4,3,6.88,47,1,100000,0,2,1,0,9.89,0,kyc_dropout,1
USR2181,38,Mumbai,1,1,10.11,6,24,6.54,27,0,100000,0,2,0,0,1.83,1,retained,0
USR2182,58,Bhopal,0,15,17.94,1,36,8.39,6,0,100000,1,1,1,0,1.8,0,retained,0
USR2183,60,Gorakhpur,1,8,7.17,2,12,7.58,41,1,500000,1,3,0,1,12.2,1,kyc_dropout,1
USR2184,50,Lucknow,1,1,6.33,3,6,6.82,9,0,500000,1,4,1,0,3.93,1,retained,0
USR2185,57,Bhopal,0,14,14.02,4,24,7.47,43,0,500000,0,3,1,0,1.38,0,retained,0
USR2186,59,Mumbai,0,4,12.25,6,36,7.01,12,0,200000,1,4,0,0,7.35,0,retained,0
USR2187,60,Nagpur,0,5,2.26,6,6,9.33,32,0,100000,1,0,0,1,5.06,0,retained,0
USR2188,58,Bhopal,1,13,2.71,3,36,7.46,31,1,50000,0,3,0,0,9.03,1,kyc_dropout,1
USR2189,56,Nagpur,1,15,14.5,6,24,7.5,47,0,500000,1,5,1,1,9.2,0,comparison_paralysis,1
USR2190,28,Patna,1,6,10.77,5,24,9.02,4,1,50000,1,5,0,0,10.38,1,kyc_dropout,1
USR2191,48,Patna,0,1,21.39,4,12,8.44,60,0,10000,1,5,0,0,8.86,0,retained,0
USR2192,49,Gorakhpur,0,13,15.25,2,3,8.63,2,1,25000,1,2,1,1,6.02,1,kyc_dropout,1
USR2193,43,Jaipur,1,6,1.21,3,36,8.41,23,0,500000,1,1,0,0,0.84,1,retained,0
USR2194,35,Jaipur,1,15,11.1,1,3,9.34,33,1,50000,1,4,0,0,13.62,1,kyc_dropout,1
USR2195,28,Jaipur,1,16,9.7,1,3,7.12,41,0,10000,0,1,1,1,5.24,1,retained,0
USR2196,58,Gorakhpur,1,16,3.24,1,6,9.47,19,1,200000,1,4,1,0,7.85,1,kyc_dropout,1
USR2197,43,Nagpur,1,10,20.39,4,6,8.99,40,0,25000,1,5,0,1,8.58,1,overwhelmed_firsttimer,1
USR2198,26,Mumbai,1,9,17.91,2,36,8.27,19,0,100000,1,2,1,0,5.07,1,retained,0
USR2199,23,Coimbatore,1,9,5.83,6,3,8.49,5,0,500000,0,2,1,0,4.97,1,retained,0
USR2200,48,Lucknow,0,17,6.38,2,12,8.45,56,1,500000,1,2,1,0,4.28,1,kyc_dropout,1
USR2201,42,Coimbatore,1,17,1.67,2,3,6.68,41,0,100000,0,2,1,1,4.03,1,inactive_browser,1
USR2202,59,Jaipur,1,17,7.23,3,6,7.15,24,0,200000,0,2,1,0,0.94,1,retained,0
USR2203,36,Jaipur,1,12,13.28,4,3,9.38,40,1,25000,1,5,1,0,14.39,0,kyc_dropout,1
USR2204,42,Bhopal,1,13,9.84,1,24,8.1,40,1,500000,1,1,0,0,9.13,1,overwhelmed_firsttimer,1
USR2205,31,Coimbatore,1,12,21.35,3,24,7.64,2,0,50000,1,0,1,1,2.07,0,retained,0
USR2206,44,Bengaluru,1,14,2.18,6,12,8.79,42,0,25000,1,3,1,1,9.08,1,comparison_paralysis,1
USR2207,60,Patna,0,10,13.42,2,36,8.07,45,0,10000,0,1,1,1,3.87,1,retained,0
USR2208,26,Patna,0,2,19.02,1,3,6.54,56,1,500000,1,5,1,0,5.0,0,kyc_dropout,1
USR2209,22,Bhopal,0,4,11.1,4,24,8.71,50,1,200000,0,3,0,0,12.12,1,kyc_dropout,1
USR2210,34,Bhopal,1,7,1.06,5,36,8.7,4,1,50000,1,0,0,1,13.34,0,retained,0
USR2211,42,Mumbai,1,15,6.1,2,24,7.0,14,0,25000,1,4,0,0,10.65,1,overwhelmed_firsttimer,1
USR2212,47,Gorakhpur,1,15,7.8,2,36,9.37,38,0,25000,1,0,0,1,14.02,1,overwhelmed_firsttimer,1
USR2213,42,Patna,1,6,21.29,2,36,7.17,37,0,50000,1,0,1,0,13.62,1,retained,0
USR2214,39,Jaipur,0,3,20.15,2,24,7.87,38,0,10000,1,5,1,0,8.49,1,retained,0
USR2215,58,Bhopal,0,6,20.93,1,6,6.84,51,1,10000,1,4,1,0,13.66,0,kyc_dropout,1
USR2216,53,Delhi,1,16,18.34,4,36,8.31,2,0,25000,1,3,1,1,8.4,1,retained,0
USR2217,57,Gorakhpur,1,2,8.38,3,3,7.63,28,0,100000,0,2,0,1,2.01,1,retained,0
USR2218,38,Bhopal,0,7,20.02,1,24,7.56,30,1,50000,1,4,1,0,12.53,0,kyc_dropout,1
USR2219,56,Nagpur,1,11,21.62,4,6,8.98,44,0,500000,1,4,1,0,2.4,1,retained,0
USR2220,32,Surat,0,7,8.35,3,24,6.53,21,0,10000,1,0,1,1,5.08,1,retained,0
USR2221,42,Patna,0,4,6.47,2,12,8.89,9,1,500000,0,4,0,0,6.01,0,kyc_dropout,1
USR2222,47,Mumbai,1,7,12.49,4,3,8.21,20,1,10000,0,1,0,0,12.21,1,retained,0
USR2223,25,Bhopal,1,4,4.93,2,12,9.46,16,1,10000,1,2,0,1,1.71,1,kyc_dropout,1
USR2224,55,Coimbatore,1,12,1.69,4,36,8.27,6,0,200000,1,0,1,1,6.95,1,retained,0
USR2225,39,Surat,0,5,20.86,6,36,6.67,35,0,500000,1,3,0,0,6.83,0,retained,0
USR2226,61,Delhi,0,5,20.44,5,12,6.65,29,0,100000,0,3,1,0,8.94,1,retained,0
USR2227,56,Coimbatore,0,3,4.42,2,12,9.15,28,1,10000,0,3,1,0,5.63,1,kyc_dropout,1
USR2228,50,Nagpur,0,11,9.56,2,36,9.02,32,0,100000,1,3,1,0,8.87,0,retained,0
USR2229,50,Jaipur,0,7,18.45,2,6,7.54,58,1,25000,1,3,0,0,14.8,0,kyc_dropout,1
USR2230,59,Bhopal,1,17,14.88,6,3,8.35,19,0,25000,1,0,1,1,1.54,1,retained,0
USR2231,42,Surat,1,9,9.29,1,24,7.97,28,0,200000,0,1,1,0,13.18,1,retained,0
USR2232,34,Pune,1,9,16.63,3,12,9.4,52,1,100000,1,1,0,0,4.98,1,overwhelmed_firsttimer,1
USR2233,38,Coimbatore,1,10,19.84,2,3,9.35,0,1,50000,1,3,1,0,7.25,1,kyc_dropout,1
USR2234,30,Lucknow,0,13,20.45,2,24,9.45,33,0,200000,1,1,1,0,11.25,1,retained,0
USR2235,22,Patna,1,15,8.96,1,24,9.1,43,1,10000,0,2,0,0,13.7,1,kyc_dropout,1
USR2236,23,Bhopal,0,5,4.64,1,12,9.23,13,1,25000,1,1,1,1,0.63,1,retained,0
USR2237,50,Surat,1,3,20.17,5,6,7.15,36,1,25000,1,4,0,0,10.1,0,kyc_dropout,1
USR2238,54,Bengaluru,0,8,2.94,4,6,8.99,34,1,50000,1,3,1,0,1.51,0,kyc_dropout,1
USR2239,31,Surat,0,10,16.16,2,3,8.63,58,1,200000,1,4,1,0,8.12,1,kyc_dropout,1
USR2240,61,Gorakhpur,1,13,3.95,4,3,9.39,23,1,100000,1,4,0,0,11.37,1,kyc_dropout,1
USR2241,42,Patna,0,3,9.18,1,36,8.21,64,0,25000,1,3,0,0,2.96,1,retained,0
USR2242,49,Patna,1,8,9.64,1,6,6.76,5,0,10000,1,5,0,0,11.57,1,overwhelmed_firsttimer,1
USR2243,32,Surat,1,9,4.33,5,3,8.29,37,0,50000,1,0,1,0,4.99,0,retained,0
USR2244,55,Nagpur,1,12,20.38,3,36,8.56,0,0,50000,1,5,0,0,9.35,0,overwhelmed_firsttimer,1
USR2245,29,Coimbatore,1,11,1.06,6,24,7.16,40,0,500000,1,1,1,0,10.04,1,comparison_paralysis,1
USR2246,43,Bhopal,0,2,19.77,6,3,7.68,30,0,50000,0,5,0,0,9.91,0,retained,0
USR2247,29,Bhopal,1,9,19.56,6,36,8.3,35,1,10000,0,2,0,0,0.77,1,kyc_dropout,1
USR2248,36,Coimbatore,1,2,7.66,1,6,7.62,53,1,50000,1,5,0,0,2.71,1,kyc_dropout,1
USR2249,38,Gorakhpur,0,2,15.79,2,24,7.62,30,0,100000,0,5,0,0,12.91,0,retained,0
USR2250,44,Surat,0,3,6.31,5,3,6.9,28,0,500000,1,0,0,0,14.13,0,retained,0
USR2251,45,Mumbai,1,16,16.93,3,6,9.32,2,1,100000,1,2,1,0,8.67,1,kyc_dropout,1
USR2252,40,Lucknow,1,4,12.78,6,24,8.75,57,1,200000,1,5,1,0,9.16,1,kyc_dropout,1
USR2253,26,Lucknow,1,10,7.3,5,12,6.5,60,1,200000,1,3,1,0,11.45,1,kyc_dropout,1
USR2254,53,Gorakhpur,1,11,9.4,1,6,8.8,5,1,100000,1,1,0,1,6.39,1,overwhelmed_firsttimer,1
USR2255,22,Gorakhpur,1,17,15.49,6,12,8.72,19,1,10000,0,5,1,0,5.26,1,kyc_dropout,1
USR2256,44,Patna,1,16,20.03,3,3,6.53,60,0,500000,1,0,1,0,11.64,1,retained,0
USR2257,58,Delhi,1,13,3.75,4,36,7.61,45,0,200000,1,3,1,1,0.91,1,inactive_browser,1
USR2258,29,Bengaluru,1,2,13.0,3,3,8.32,12,1,50000,1,0,0,0,13.34,1,retained,0
USR2259,34,Gorakhpur,1,2,6.33,2,6,7.86,22,0,100000,1,4,0,0,6.89,1,retained,0
USR2260,29,Gorakhpur,0,14,17.83,6,12,8.83,30,1,25000,0,5,1,1,7.81,1,kyc_dropout,1
USR2261,44,Lucknow,0,4,2.47,6,12,7.78,3,0,10000,0,1,1,0,9.7,1,retained,0
USR2262,22,Pune,1,17,15.47,4,24,6.96,15,1,10000,1,1,1,0,4.48,1,retained,0
USR2263,45,Coimbatore,0,13,4.67,4,3,9.43,30,0,100000,1,3,0,1,9.16,1,overwhelmed_firsttimer,1
USR2264,56,Surat,0,4,13.52,6,3,7.23,47,0,25000,1,3,0,0,10.55,0,retained,0
USR2265,45,Bhopal,1,3,18.55,2,6,8.65,42,0,10000,1,3,1,0,2.21,0,retained,0
USR2266,38,Pune,0,12,16.86,4,12,6.93,3,1,500000,1,1,1,0,8.05,1,retained,0
USR2267,26,Nagpur,1,8,16.81,1,6,7.49,61,0,200000,0,5,1,0,5.28,1,retained,0
USR2268,41,Gorakhpur,1,2,11.87,6,6,7.83,47,1,500000,1,4,0,0,8.58,1,kyc_dropout,1
USR2269,42,Delhi,1,6,19.71,3,12,7.08,27,1,25000,1,1,1,1,0.81,1,retained,0
USR2270,61,Nagpur,1,10,13.35,3,6,7.85,15,1,500000,1,3,0,0,11.27,1,kyc_dropout,1
USR2271,52,Gorakhpur,1,12,20.27,2,12,6.97,29,1,50000,0,2,0,0,2.94,1,kyc_dropout,1
USR2272,57,Nagpur,1,10,12.48,1,6,8.18,64,0,200000,0,5,1,0,10.5,0,retained,0
USR2273,32,Pune,1,10,11.63,4,36,8.49,13,0,25000,1,4,1,0,11.65,1,retained,0
USR2274,36,Jaipur,0,3,5.67,6,6,6.69,33,0,100000,0,1,0,1,11.41,1,retained,0
USR2275,40,Patna,0,10,12.44,3,6,9.11,55,1,10000,1,2,1,0,12.35,1,kyc_dropout,1
USR2276,28,Lucknow,1,9,3.95,3,36,7.06,28,1,200000,1,5,1,0,4.96,0,kyc_dropout,1
USR2277,49,Bengaluru,0,14,19.26,3,3,7.18,24,0,100000,0,4,1,0,14.52,1,retained,0
USR2278,26,Gorakhpur,1,2,15.19,3,12,8.48,39,0,25000,1,1,0,1,0.85,0,retained,0
USR2279,26,Coimbatore,1,5,21.87,5,24,7.91,14,0,50000,0,5,0,0,7.48,1,retained,0
USR2280,51,Lucknow,1,8,2.93,2,36,8.0,31,0,10000,1,5,1,0,4.42,0,retained,0
USR2281,53,Pune,1,7,6.05,4,3,6.88,19,0,10000,0,3,1,1,11.23,1,retained,0
USR2282,29,Lucknow,1,6,19.42,6,6,8.92,52,0,200000,1,1,1,0,12.18,1,retained,0
USR2283,31,Surat,1,11,9.3,6,3,8.35,48,0,100000,1,5,0,0,12.42,1,comparison_paralysis,1
USR2284,59,Gorakhpur,1,12,10.79,6,36,6.91,0,0,25000,0,4,1,0,4.81,0,retained,0
USR2285,53,Chennai,1,10,19.07,4,6,7.62,38,0,25000,1,3,1,0,4.48,1,retained,0
USR2286,49,Bhopal,0,14,11.96,2,3,8.93,60,0,100000,0,5,1,1,10.32,0,retained,0
USR2287,38,Bengaluru,1,3,5.06,1,24,8.21,54,0,10000,1,0,1,0,13.96,1,retained,0
USR2288,52,Gorakhpur,0,15,19.73,2,12,6.83,1,0,100000,1,2,1,0,4.19,0,retained,0
USR2289,29,Chennai,1,6,1.65,3,12,7.62,16,0,500000,1,5,0,0,13.7,1,retained,0
USR2290,61,Bengaluru,0,10,19.8,3,36,7.23,28,0,25000,0,3,1,0,9.08,1,retained,0
USR2291,46,Bhopal,1,12,2.06,2,6,8.05,3,0,100000,0,3,1,0,11.2,0,retained,0
USR2292,30,Gorakhpur,1,7,14.98,2,6,9.03,63,0,10000,1,4,1,0,6.88,1,retained,0
USR2293,23,Patna,1,17,2.51,4,12,7.81,42,1,200000,0,5,1,0,12.2,1,kyc_dropout,1
USR2294,36,Chennai,0,1,15.83,4,3,7.8,11,0,500000,1,5,0,0,14.57,0,retained,0
USR2295,24,Bhopal,1,15,1.71,5,6,9.22,49,0,10000,0,4,1,0,2.97,1,comparison_paralysis,1
USR2296,57,Delhi,1,1,18.69,6,24,8.23,60,0,50000,1,2,1,0,6.09,1,retained,0
USR2297,25,Patna,1,5,10.78,5,24,8.2,50,0,50000,1,4,0,0,13.01,1,retained,0
USR2298,35,Jaipur,0,15,2.96,6,6,7.29,4,1,100000,1,3,1,0,3.06,1,kyc_dropout,1
USR2299,46,Surat,0,3,15.84,3,6,8.32,27,0,10000,1,2,1,0,6.49,0,retained,0
USR2300,31,Lucknow,0,1,11.28,5,12,8.23,9,0,10000,1,2,0,0,2.91,1,retained,0
USR2301,42,Nagpur,1,8,5.01,5,36,7.69,51,0,25000,0,1,0,1,9.9,1,retained,0
USR2302,57,Lucknow,1,12,1.33,1,12,9.47,16,0,200000,1,3,0,0,3.96,0,overwhelmed_firsttimer,1
USR2303,33,Nagpur,1,12,9.78,2,36,9.15,64,0,500000,0,3,0,0,6.02,0,retained,0
USR2304,48,Nagpur,1,13,2.8,4,24,8.75,20,0,10000,1,4,0,0,7.62,1,overwhelmed_firsttimer,1
USR2305,61,Lucknow,1,1,2.98,5,36,8.11,53,0,500000,1,3,1,0,4.81,1,inactive_browser,1
USR2306,23,Surat,1,6,6.61,4,12,7.89,48,0,100000,0,5,0,1,10.36,0,retained,0
USR2307,34,Delhi,0,8,14.24,6,6,7.05,21,1,25000,1,4,1,0,2.11,0,kyc_dropout,1
USR2308,53,Nagpur,0,4,12.13,5,36,7.42,63,1,500000,0,3,0,0,13.26,0,kyc_dropout,1
USR2309,52,Pune,1,5,2.45,6,12,8.82,35,0,500000,1,5,1,0,7.48,1,retained,0
USR2310,37,Nagpur,0,7,21.34,5,24,7.86,20,0,500000,1,1,0,1,8.81,0,retained,0
USR2311,53,Gorakhpur,0,4,19.63,3,36,9.15,55,0,500000,0,3,1,0,9.52,1,retained,0
USR2312,53,Nagpur,1,4,6.44,1,24,6.94,47,0,500000,1,1,0,0,1.37,0,retained,0
USR2313,55,Gorakhpur,0,15,3.57,6,24,8.03,17,1,25000,1,3,0,1,11.48,1,kyc_dropout,1
USR2314,32,Mumbai,1,5,20.79,2,3,8.44,14,0,100000,1,3,0,1,14.22,0,retained,0
USR2315,31,Coimbatore,1,9,10.68,2,36,8.05,43,0,500000,0,0,1,0,8.04,1,retained,0
USR2316,36,Patna,1,2,7.53,3,12,9.17,44,0,500000,1,5,0,0,6.17,1,retained,0
USR2317,38,Delhi,0,7,11.3,3,36,9.47,35,1,100000,1,3,1,0,11.88,1,kyc_dropout,1
USR2318,61,Coimbatore,0,17,17.23,2,36,6.85,39,0,10000,0,1,0,0,10.95,0,retained,0
USR2319,39,Bengaluru,1,16,4.54,6,24,6.89,50,1,10000,0,2,0,0,9.94,1,kyc_dropout,1
USR2320,30,Jaipur,0,17,17.12,2,24,6.89,29,1,25000,1,1,0,1,14.5,0,overwhelmed_firsttimer,1
USR2321,46,Patna,1,2,16.74,1,24,8.54,25,0,25000,0,5,1,0,8.94,0,retained,0
USR2322,61,Surat,0,11,12.33,5,24,7.62,30,1,200000,1,3,0,1,4.1,0,kyc_dropout,1
USR2323,35,Patna,1,2,19.18,1,12,8.7,55,0,25000,1,4,0,0,0.86,1,retained,0
USR2324,46,Surat,0,1,3.78,2,6,7.72,60,1,100000,0,0,1,1,7.08,0,inactive_browser,1
USR2325,43,Coimbatore,0,2,13.51,5,3,8.38,16,1,500000,1,4,0,0,9.96,1,kyc_dropout,1
USR2326,51,Jaipur,1,9,10.44,2,24,8.81,23,0,100000,1,0,1,1,3.0,0,retained,0
USR2327,41,Patna,1,2,9.87,1,24,8.14,3,0,200000,1,0,0,0,0.87,1,retained,0
USR2328,42,Surat,1,15,6.3,1,3,8.12,8,1,50000,1,4,1,0,13.68,1,kyc_dropout,1
USR2329,53,Coimbatore,1,10,8.82,6,24,6.76,1,0,50000,1,5,1,0,4.88,1,retained,0
USR2330,42,Chennai,1,15,3.27,6,6,7.73,34,0,100000,1,3,0,1,7.26,1,comparison_paralysis,1
USR2331,56,Coimbatore,1,10,6.28,1,36,8.14,37,0,50000,0,1,0,0,1.82,1,retained,0
USR2332,53,Surat,1,17,6.71,5,3,7.89,44,1,50000,0,4,1,1,6.03,1,kyc_dropout,1
USR2333,51,Chennai,0,9,16.13,6,12,9.2,14,1,200000,0,2,1,0,6.64,1,kyc_dropout,1
USR2334,60,Coimbatore,0,4,2.02,6,3,9.22,41,0,500000,1,0,1,1,13.59,1,inactive_browser,1
USR2335,33,Patna,1,9,14.68,4,6,8.97,2,1,25000,1,1,1,1,13.05,0,retained,0
USR2336,39,Jaipur,1,16,5.65,4,12,7.63,30,0,25000,0,2,0,0,3.24,1,retained,0
USR2337,42,Gorakhpur,1,4,2.72,6,36,8.65,51,1,50000,1,1,1,0,8.56,1,inactive_browser,1
USR2338,34,Chennai,0,16,7.32,2,24,7.69,40,0,10000,0,3,1,0,11.1,1,retained,0
USR2339,42,Mumbai,0,1,5.71,5,3,7.2,56,0,200000,1,2,1,0,4.73,1,retained,0
USR2340,29,Patna,1,6,12.59,3,12,7.53,41,0,500000,0,5,1,0,6.22,0,retained,0
USR2341,61,Bhopal,1,10,8.5,6,3,6.71,52,0,500000,1,5,1,0,14.78,1,comparison_paralysis,1
USR2342,28,Gorakhpur,1,16,21.29,4,36,7.5,55,0,50000,0,4,1,0,11.52,1,retained,0
USR2343,44,Surat,0,4,21.23,5,3,7.88,52,1,10000,0,1,1,0,6.84,0,retained,0
USR2344,53,Nagpur,1,13,10.32,5,12,9.37,31,0,10000,0,5,0,0,8.24,1,comparison_paralysis,1
USR2345,32,Nagpur,0,16,17.7,4,6,7.44,53,1,500000,1,5,0,0,9.57,1,kyc_dropout,1
USR2346,43,Pune,1,6,1.28,5,12,9.21,36,0,200000,1,4,0,0,7.73,1,inactive_browser,1
USR2347,43,Bhopal,1,11,12.5,5,3,7.19,7,1,25000,0,4,1,1,6.47,1,kyc_dropout,1
USR2348,46,Lucknow,1,3,16.61,4,36,7.07,10,0,500000,0,5,1,0,5.71,1,retained,0
USR2349,43,Jaipur,0,10,5.56,1,24,8.06,53,1,500000,1,1,0,0,2.95,1,overwhelmed_firsttimer,1
USR2350,49,Surat,1,1,2.28,6,24,8.52,59,1,100000,1,1,0,0,14.62,1,inactive_browser,1
USR2351,50,Bhopal,1,11,4.27,2,36,6.63,9,1,10000,1,0,0,0,1.83,1,overwhelmed_firsttimer,1
USR2352,34,Coimbatore,0,12,10.28,3,3,7.16,41,1,100000,1,0,0,0,9.21,0,overwhelmed_firsttimer,1
USR2353,39,Gorakhpur,1,14,11.63,2,36,7.87,36,0,100000,1,2,1,0,14.41,1,retained,0
USR2354,23,Nagpur,1,8,9.0,1,3,7.49,57,0,200000,1,2,1,0,5.94,1,retained,0
USR2355,50,Bengaluru,1,11,10.24,1,12,8.64,58,1,500000,1,2,1,0,4.16,1,kyc_dropout,1
USR2356,42,Gorakhpur,1,4,10.87,5,6,8.03,23,1,25000,0,0,1,0,14.36,1,retained,0
USR2357,36,Lucknow,1,7,17.16,2,3,6.98,27,0,200000,1,4,1,0,12.13,1,retained,0
USR2358,48,Chennai,1,10,3.21,1,24,9.18,36,0,10000,0,5,1,1,10.0,0,inactive_browser,1
USR2359,52,Patna,1,4,17.15,2,24,7.38,20,1,25000,0,3,1,0,9.37,1,kyc_dropout,1
USR2360,36,Surat,0,2,15.46,1,6,8.69,32,0,500000,0,3,1,0,5.72,1,retained,0
USR2361,44,Patna,1,14,16.57,3,3,8.84,1,0,50000,0,5,1,0,9.8,0,retained,0
USR2362,45,Bengaluru,1,16,16.42,1,6,9.39,27,0,25000,0,1,1,1,11.01,0,retained,0
USR2363,34,Nagpur,1,11,10.88,2,12,8.0,14,0,200000,1,0,0,0,0.96,1,overwhelmed_firsttimer,1
USR2364,43,Mumbai,1,10,5.44,5,6,8.35,0,0,200000,1,1,1,0,2.21,0,retained,0
USR2365,58,Chennai,1,17,12.27,2,12,7.5,27,1,100000,1,3,0,0,5.07,1,kyc_dropout,1
USR2366,54,Jaipur,1,14,21.12,4,24,8.53,49,1,500000,0,1,0,1,5.19,1,retained,0
USR2367,24,Jaipur,1,4,13.36,2,12,7.89,34,1,50000,0,0,0,0,13.56,1,retained,0
USR2368,40,Nagpur,1,2,1.23,3,3,7.81,27,1,500000,1,0,0,0,10.43,0,retained,0
USR2369,44,Jaipur,1,7,2.25,6,3,9.07,8,0,25000,1,0,1,0,5.92,1,retained,0
USR2370,50,Jaipur,0,9,21.85,3,3,6.65,23,1,50000,1,3,0,0,12.23,1,kyc_dropout,1
USR2371,51,Coimbatore,0,16,2.51,3,3,9.15,62,1,500000,1,0,1,0,5.19,0,inactive_browser,1
USR2372,60,Jaipur,1,16,1.97,1,36,9.06,3,1,100000,1,2,0,0,14.87,1,kyc_dropout,1
USR2373,46,Chennai,1,11,8.41,3,12,8.02,55,1,50000,0,2,1,0,11.83,0,kyc_dropout,1
USR2374,58,Pune,1,7,21.36,2,3,7.97,40,0,50000,1,5,1,0,12.22,1,retained,0
USR2375,29,Gorakhpur,1,9,7.69,6,6,7.59,47,0,25000,0,0,0,1,4.28,1,retained,0
USR2376,37,Delhi,1,4,9.61,5,6,9.48,57,0,50000,0,2,1,0,2.6,0,retained,0
USR2377,29,Mumbai,1,13,14.32,3,36,6.83,38,1,100000,1,0,1,0,6.15,1,retained,0
USR2378,22,Gorakhpur,1,4,1.51,2,12,8.27,24,0,10000,1,3,1,0,5.35,0,retained,0
USR2379,26,Bhopal,1,2,19.85,1,12,8.55,59,1,10000,1,2,1,0,11.66,1,kyc_dropout,1
USR2380,24,Coimbatore,1,9,11.91,1,12,9.3,46,0,200000,0,3,1,1,3.03,1,retained,0
USR2381,22,Mumbai,1,12,10.8,5,36,8.84,60,1,10000,1,2,0,0,8.15,0,kyc_dropout,1
USR2382,25,Surat,1,2,19.08,5,12,8.43,26,0,25000,1,4,1,1,9.61,0,retained,0
USR2383,61,Surat,1,6,21.01,2,12,6.85,41,0,200000,0,4,1,0,6.08,1,retained,0
USR2384,56,Delhi,0,5,9.89,5,3,7.62,51,0,10000,1,5,0,0,3.41,1,retained,0
USR2385,53,Nagpur,1,5,4.62,5,12,6.92,47,0,10000,1,5,1,0,13.49,1,retained,0
USR2386,55,Lucknow,0,5,18.13,1,3,9.14,31,0,200000,1,5,1,1,2.51,1,retained,0
USR2387,46,Bengaluru,1,4,9.47,2,3,8.75,23,1,25000,1,3,0,0,4.91,1,kyc_dropout,1
USR2388,31,Bengaluru,1,9,20.65,6,12,8.77,2,0,200000,1,2,1,1,11.47,1,retained,0
USR2389,42,Coimbatore,0,10,20.95,5,6,8.46,26,1,25000,1,4,1,1,9.28,1,kyc_dropout,1
USR2390,60,Surat,1,16,3.41,2,24,8.02,39,0,25000,1,0,0,0,11.09,1,overwhelmed_firsttimer,1
USR2391,48,Coimbatore,1,10,21.09,3,6,6.95,22,1,500000,1,1,1,1,12.23,1,retained,0
USR2392,48,Pune,1,10,8.73,1,12,7.49,6,0,100000,1,4,1,0,13.48,0,retained,0
USR2393,23,Nagpur,1,10,14.57,6,12,6.91,36,1,10000,0,4,0,1,4.92,1,kyc_dropout,1
USR2394,34,Nagpur,1,6,1.73,1,6,8.67,6,0,500000,1,0,1,0,7.38,1,retained,0
USR2395,30,Jaipur,1,17,19.67,1,12,6.98,21,1,10000,1,4,1,0,10.48,1,kyc_dropout,1
USR2396,57,Nagpur,1,5,14.47,4,3,8.61,16,1,500000,1,4,1,0,12.02,1,kyc_dropout,1
USR2397,43,Lucknow,1,6,14.51,2,36,8.58,18,0,50000,1,4,0,0,8.88,1,retained,0
USR2398,47,Nagpur,1,15,19.95,3,12,7.88,38,0,200000,1,5,1,0,7.95,1,retained,0
USR2399,33,Nagpur,1,4,11.68,5,12,6.91,35,1,500000,1,5,1,0,10.53,0,kyc_dropout,1
USR2400,38,Surat,1,8,9.62,3,6,7.44,14,0,100000,1,2,1,0,6.04,1,retained,0
USR2401,35,Patna,1,16,19.19,2,3,7.46,62,0,10000,1,5,1,0,13.46,1,retained,0
USR2402,35,Delhi,0,3,16.59,1,6,8.6,28,0,50000,1,4,0,1,3.58,1,retained,0
USR2403,55,Mumbai,1,10,20.93,4,6,6.84,59,0,100000,0,1,0,0,13.32,0,retained,0
USR2404,41,Nagpur,1,2,20.74,2,12,8.99,55,0,25000,0,5,0,1,9.83,0,retained,0
USR2405,32,Coimbatore,1,4,9.03,6,3,8.78,39,0,10000,1,2,1,0,9.21,1,retained,0
USR2406,37,Gorakhpur,1,6,10.39,6,12,7.06,15,1,500000,1,2,1,0,7.31,1,kyc_dropout,1
USR2407,52,Jaipur,0,11,6.38,2,12,8.66,32,0,200000,0,3,1,0,2.74,1,retained,0
USR2408,27,Nagpur,1,14,14.87,5,12,8.51,15,0,100000,1,4,1,1,13.04,1,retained,0
USR2409,40,Mumbai,1,16,8.66,3,12,8.74,29,1,50000,0,1,0,0,1.26,0,retained,0
USR2410,58,Mumbai,1,2,17.51,3,36,7.07,43,0,200000,0,1,0,0,4.41,1,retained,0
USR2411,25,Lucknow,1,17,3.55,5,24,6.97,37,1,25000,0,3,0,1,2.09,1,kyc_dropout,1
USR2412,25,Coimbatore,0,9,3.44,4,3,7.21,50,1,200000,0,1,1,1,2.05,1,inactive_browser,1
USR2413,41,Lucknow,1,17,5.29,1,36,7.6,59,0,50000,0,2,1,1,6.16,0,retained,0
USR2414,31,Jaipur,1,15,2.77,1,24,8.88,17,0,25000,1,0,1,1,2.83,1,retained,0
USR2415,45,Chennai,1,7,14.02,6,24,8.71,4,1,50000,0,2,1,1,8.93,1,kyc_dropout,1
USR2416,56,Patna,1,3,4.09,4,24,9.28,39,1,10000,1,5,1,1,9.59,0,kyc_dropout,1
USR2417,47,Coimbatore,1,1,4.36,5,36,6.68,5,0,50000,1,0,0,0,13.29,1,retained,0
USR2418,58,Coimbatore,0,4,1.3,2,3,6.53,11,0,200000,0,1,1,0,4.85,1,retained,0
USR2419,59,Bhopal,1,8,17.42,3,6,8.6,11,0,10000,0,4,0,0,4.98,1,retained,0
USR2420,42,Jaipur,1,6,18.06,2,24,7.34,21,0,10000,1,0,0,0,4.07,1,retained,0
USR2421,61,Gorakhpur,1,1,4.4,3,6,7.5,48,0,100000,0,2,1,0,11.84,1,retained,0
USR2422,60,Bengaluru,1,8,16.53,2,6,8.14,49,0,200000,1,2,1,1,6.71,0,retained,0
USR2423,42,Nagpur,0,1,10.1,5,12,6.81,3,1,200000,1,5,0,0,8.51,1,kyc_dropout,1
USR2424,31,Patna,0,11,6.03,5,6,8.43,49,0,25000,1,2,0,1,5.93,0,comparison_paralysis,1
USR2425,59,Patna,1,15,14.05,4,12,7.48,2,1,50000,1,5,0,0,2.77,0,kyc_dropout,1
USR2426,25,Coimbatore,1,11,4.75,2,3,8.4,15,0,500000,1,2,0,0,1.99,1,overwhelmed_firsttimer,1
USR2427,41,Lucknow,0,10,16.89,2,3,9.0,13,0,50000,1,3,1,0,13.09,1,retained,0
USR2428,38,Bengaluru,1,12,2.0,4,12,7.01,63,0,200000,1,1,1,1,4.35,0,inactive_browser,1
USR2429,28,Patna,1,1,21.14,4,3,9.29,40,0,50000,1,4,1,0,14.15,1,retained,0
USR2430,25,Coimbatore,0,7,2.51,5,24,8.09,58,0,200000,1,5,0,0,14.24,1,inactive_browser,1
USR2431,50,Patna,1,17,13.17,5,3,9.27,1,1,10000,0,3,0,0,7.44,1,kyc_dropout,1
USR2432,35,Gorakhpur,1,10,19.95,6,12,7.12,9,0,50000,0,1,0,0,14.4,0,retained,0
USR2433,24,Pune,1,6,1.25,2,24,8.31,25,1,50000,1,5,1,0,0.91,0,kyc_dropout,1
USR2434,45,Jaipur,1,17,11.47,5,6,7.71,3,0,200000,1,0,1,1,1.83,1,retained,0
USR2435,58,Mumbai,1,5,8.35,5,6,8.82,27,0,200000,1,3,0,0,4.03,1,retained,0
USR2436,37,Bhopal,1,17,13.19,2,6,8.32,1,0,25000,0,5,0,0,3.53,0,retained,0
USR2437,25,Coimbatore,1,16,5.73,4,12,7.98,15,1,50000,1,3,0,0,4.16,1,kyc_dropout,1
USR2438,45,Pune,0,8,2.36,2,6,9.24,56,0,100000,1,3,0,0,7.06,1,overwhelmed_firsttimer,1
USR2439,55,Nagpur,1,13,14.14,1,3,7.63,22,0,200000,1,3,0,1,1.41,0,overwhelmed_firsttimer,1
USR2440,51,Bengaluru,1,16,9.75,2,6,7.16,22,1,100000,1,0,1,0,8.55,1,retained,0
USR2441,39,Chennai,0,11,14.07,1,36,8.32,20,1,10000,1,2,1,1,4.99,1,kyc_dropout,1
USR2442,40,Coimbatore,1,6,5.42,2,36,8.37,24,0,10000,1,3,0,1,1.54,0,retained,0
USR2443,52,Bhopal,1,3,8.11,1,6,7.82,57,1,100000,1,1,0,1,11.42,0,retained,0
USR2444,40,Bengaluru,0,1,12.8,1,6,7.96,36,0,500000,1,2,0,0,9.97,1,retained,0
USR2445,40,Patna,1,5,13.46,2,36,9.38,48,1,10000,0,0,0,1,12.0,1,retained,0
USR2446,43,Nagpur,1,13,8.82,6,6,8.7,14,0,100000,1,4,1,0,14.12,0,retained,0
USR2447,45,Jaipur,1,10,6.88,5,24,6.83,27,0,25000,0,0,1,0,8.99,1,comparison_paralysis,1
USR2448,33,Bhopal,1,5,6.75,3,36,7.14,3,0,25000,1,4,1,0,11.91,0,retained,0
USR2449,51,Mumbai,1,14,4.67,5,12,9.43,46,0,10000,1,1,1,0,3.39,1,comparison_paralysis,1
USR2450,59,Chennai,0,17,7.83,1,36,8.68,49,0,100000,0,4,1,1,6.45,0,retained,0
USR2451,52,Coimbatore,1,1,5.19,2,3,9.25,59,1,100000,1,5,0,0,8.19,1,kyc_dropout,1
USR2452,57,Patna,1,2,14.31,2,24,7.41,61,1,100000,1,3,0,1,8.35,1,kyc_dropout,1
USR2453,40,Nagpur,1,7,12.95,2,12,8.73,42,0,500000,0,2,0,0,10.92,1,retained,0
USR2454,57,Patna,1,10,9.03,2,6,8.64,57,0,10000,0,5,1,1,12.04,1,retained,0
USR2455,51,Lucknow,0,7,7.84,6,3,7.38,51,0,500000,1,2,1,0,10.17,1,retained,0
USR2456,54,Lucknow,1,16,5.99,3,3,8.15,45,0,100000,1,3,1,1,1.19,1,retained,0
USR2457,39,Nagpur,0,5,12.24,4,24,8.38,24,1,200000,1,2,1,1,5.59,1,kyc_dropout,1
USR2458,49,Chennai,1,12,20.3,1,12,7.94,24,0,100000,1,0,1,0,8.8,1,retained,0
USR2459,32,Lucknow,1,17,15.4,3,3,8.98,34,0,200000,1,3,1,0,7.86,1,retained,0
USR2460,54,Surat,0,16,16.63,5,12,9.0,60,0,25000,1,3,1,1,1.15,1,comparison_paralysis,1
USR2461,38,Mumbai,0,16,18.52,4,12,9.05,14,0,200000,0,2,1,0,14.72,1,retained,0
USR2462,27,Mumbai,0,15,8.38,4,3,8.91,34,0,25000,1,5,0,0,14.36,0,overwhelmed_firsttimer,1
USR2463,25,Lucknow,0,12,2.32,2,12,7.96,28,0,10000,1,4,0,1,11.72,0,overwhelmed_firsttimer,1
USR2464,41,Lucknow,1,10,14.07,3,24,7.64,37,0,500000,1,1,0,0,1.3,1,overwhelmed_firsttimer,1
USR2465,48,Pune,1,2,4.96,5,3,8.99,23,0,500000,1,4,1,0,6.74,1,retained,0
USR2466,36,Patna,1,7,12.95,2,24,7.97,18,0,25000,0,0,1,0,6.44,1,retained,0
USR2467,27,Pune,0,13,16.53,2,24,7.24,45,0,25000,1,3,0,0,8.59,1,overwhelmed_firsttimer,1
USR2468,35,Pune,1,3,17.46,6,12,8.02,48,0,100000,0,3,1,0,1.31,1,retained,0
USR2469,32,Bengaluru,0,15,7.34,1,12,6.93,43,1,50000,1,0,1,1,6.64,0,retained,0
USR2470,60,Delhi,1,1,11.76,4,3,8.57,25,0,25000,1,1,1,1,11.49,0,retained,0
USR2471,30,Surat,1,3,14.04,5,6,7.51,24,1,200000,1,3,1,0,14.97,1,kyc_dropout,1
USR2472,47,Nagpur,1,10,18.21,4,3,7.28,34,0,10000,0,4,1,0,9.13,0,retained,0
USR2473,37,Chennai,1,15,16.99,3,24,9.37,35,0,500000,1,0,0,0,14.14,1,overwhelmed_firsttimer,1
USR2474,26,Bhopal,1,6,21.75,1,12,8.83,13,0,200000,1,3,1,1,14.98,0,retained,0
USR2475,31,Bhopal,0,15,1.17,2,24,8.86,55,0,500000,1,4,0,0,6.8,1,overwhelmed_firsttimer,1
USR2476,24,Nagpur,1,7,10.19,1,36,8.37,5,1,10000,1,0,1,1,10.2,0,retained,0
USR2477,34,Surat,1,5,6.38,2,36,9.02,31,0,200000,1,0,0,0,3.59,0,retained,0
USR2478,51,Bhopal,0,4,3.52,1,24,8.78,25,0,500000,1,0,1,0,7.4,0,retained,0
USR2479,27,Patna,0,3,20.14,2,6,8.3,14,1,25000,1,1,1,0,1.64,1,retained,0
USR2480,38,Bhopal,0,17,21.96,4,6,9.38,48,0,50000,1,0,1,0,0.92,0,retained,0
USR2481,40,Bhopal,1,2,4.79,4,3,7.07,55,0,25000,1,5,1,0,13.45,0,retained,0
USR2482,56,Surat,1,13,1.81,4,3,9.33,36,0,500000,0,2,1,1,12.95,1,inactive_browser,1
USR2483,47,Surat,1,15,6.78,4,3,7.7,52,0,100000,1,2,0,1,5.02,0,overwhelmed_firsttimer,1
USR2484,26,Bhopal,1,5,18.53,1,12,8.09,57,0,200000,1,0,1,1,7.13,0,retained,0
USR2485,50,Gorakhpur,1,3,7.17,2,6,6.87,35,0,50000,1,3,0,0,7.66,1,retained,0
USR2486,58,Gorakhpur,1,5,2.19,4,24,8.12,10,1,200000,1,2,1,0,8.05,1,kyc_dropout,1
USR2487,41,Surat,1,5,2.1,1,36,8.33,26,1,100000,1,4,1,0,2.45,1,kyc_dropout,1
USR2488,42,Gorakhpur,1,5,9.98,2,6,9.49,1,0,100000,1,4,1,0,11.74,1,retained,0
USR2489,31,Gorakhpur,0,3,20.57,1,6,9.43,21,0,100000,0,3,1,0,5.54,1,retained,0
USR2490,26,Patna,0,3,7.0,6,6,9.4,16,0,500000,1,4,1,0,0.96,0,retained,0
USR2491,57,Delhi,0,4,9.97,4,3,7.55,3,0,25000,0,5,1,1,10.31,1,retained,0
USR2492,27,Bhopal,1,1,3.14,3,12,9.47,13,0,500000,1,3,1,0,12.53,1,retained,0
USR2493,47,Lucknow,0,16,11.37,1,24,7.87,6,1,25000,0,4,0,1,13.81,1,kyc_dropout,1
USR2494,25,Mumbai,1,8,15.63,4,3,9.06,15,1,50000,0,0,1,1,10.28,1,retained,0
USR2495,60,Bhopal,1,17,6.69,5,12,7.15,18,0,100000,0,4,0,0,3.27,1,retained,0
USR2496,60,Gorakhpur,0,8,7.23,2,6,8.02,0,0,25000,1,0,1,1,9.05,1,retained,0
USR2497,56,Surat,1,7,18.68,6,12,9.4,30,0,10000,1,4,1,0,13.72,1,retained,0
USR2498,22,Bengaluru,1,8,1.22,4,3,9.34,3,0,10000,0,4,1,0,5.58,0,retained,0
USR2499,45,Mumbai,1,12,14.37,5,6,8.55,57,0,25000,1,4,1,0,14.32,0,comparison_paralysis,1
USR2500,57,Pune,0,16,9.27,1,3,8.89,55,0,50000,1,0,0,0,1.92,0,overwhelmed_firsttimer,1
USR2501,27,Jaipur,1,12,7.27,1,24,7.03,52,0,200000,1,4,0,0,11.06,0,overwhelmed_firsttimer,1
USR2502,52,Gorakhpur,1,10,14.81,5,6,8.66,42,0,500000,1,4,0,0,2.24,1,comparison_paralysis,1
USR2503,41,Chennai,1,7,18.53,6,12,8.35,48,0,100000,1,5,1,1,12.08,1,retained,0
USR2504,45,Nagpur,1,12,12.73,5,3,6.77,59,1,25000,0,1,0,1,1.92,1,comparison_paralysis,1
USR2505,46,Pune,0,5,1.65,2,36,6.84,15,0,50000,0,0,1,0,5.22,0,retained,0
USR2506,57,Gorakhpur,1,16,10.69,1,12,6.83,59,0,500000,1,5,1,0,11.76,0,retained,0
USR2507,42,Gorakhpur,1,9,10.72,5,12,8.67,46,0,200000,0,2,1,0,7.17,1,retained,0
USR2508,51,Surat,1,7,12.42,3,6,6.93,14,0,50000,1,3,0,0,13.3,1,retained,0
USR2509,45,Gorakhpur,1,14,15.09,3,12,7.9,62,1,200000,0,1,0,0,6.33,1,retained,0
USR2510,51,Pune,1,11,1.41,5,3,7.57,27,0,10000,0,5,1,0,14.93,1,comparison_paralysis,1
USR2511,43,Jaipur,1,7,11.54,2,36,8.15,19,1,500000,0,5,1,0,0.77,0,kyc_dropout,1
USR2512,49,Lucknow,1,10,13.35,1,24,8.62,62,0,500000,1,4,1,0,10.59,1,retained,0
USR2513,28,Surat,0,9,8.21,3,36,8.55,32,0,200000,1,2,0,0,13.78,1,overwhelmed_firsttimer,1
USR2514,56,Gorakhpur,0,4,15.04,5,3,8.05,35,0,10000,0,2,1,0,8.27,0,retained,0
USR2515,49,Jaipur,0,16,5.79,5,6,7.89,12,1,100000,1,4,1,0,14.83,0,kyc_dropout,1
USR2516,35,Delhi,1,10,7.66,4,3,7.69,61,0,25000,1,5,0,1,10.77,1,overwhelmed_firsttimer,1
USR2517,31,Nagpur,1,17,21.22,5,12,9.09,22,1,10000,1,5,1,1,6.73,1,kyc_dropout,1
USR2518,37,Bengaluru,0,9,8.31,2,6,7.49,12,0,50000,0,4,1,0,7.97,1,retained,0
USR2519,37,Coimbatore,1,13,8.28,3,24,7.28,39,0,200000,0,1,0,0,13.22,1,retained,0
USR2520,52,Bengaluru,1,1,13.51,4,24,8.73,29,0,500000,1,0,0,0,14.38,1,retained,0
USR2521,46,Gorakhpur,0,2,21.39,3,3,7.58,24,0,50000,1,1,1,0,8.56,0,retained,0
USR2522,34,Chennai,1,13,21.64,3,12,9.04,25,0,500000,1,0,1,0,4.95,1,retained,0
USR2523,27,Bhopal,1,9,13.17,2,24,7.48,23,0,10000,1,2,0,0,3.97,1,overwhelmed_firsttimer,1
USR2524,30,Nagpur,1,7,1.02,5,36,8.61,38,0,500000,0,3,0,0,7.42,1,inactive_browser,1
USR2525,57,Pune,1,16,19.91,2,6,6.64,60,1,500000,1,4,1,0,4.8,1,kyc_dropout,1
USR2526,41,Nagpur,0,7,12.97,5,36,7.66,48,1,500000,1,1,1,1,6.6,1,retained,0
USR2527,39,Jaipur,1,6,8.69,4,24,7.53,40,1,500000,1,2,1,0,12.6,0,kyc_dropout,1
USR2528,42,Delhi,1,11,18.41,2,24,8.95,19,0,50000,1,1,0,0,7.34,1,overwhelmed_firsttimer,1
USR2529,25,Bengaluru,1,12,9.4,2,3,9.4,43,1,200000,1,5,0,0,9.79,1,kyc_dropout,1
USR2530,54,Delhi,1,10,1.71,6,3,7.88,15,1,25000,1,0,1,1,1.81,0,retained,0
USR2531,48,Surat,1,13,18.24,1,6,8.97,20,0,50000,0,4,0,0,11.55,1,retained,0
USR2532,28,Bhopal,0,12,12.46,2,3,8.6,14,0,100000,0,5,1,0,7.5,1,retained,0
USR2533,27,Nagpur,0,10,8.1,6,12,9.4,38,0,200000,1,0,0,1,5.73,0,comparison_paralysis,1
USR2534,36,Lucknow,1,4,6.27,1,6,8.93,41,0,200000,1,5,0,0,9.36,0,retained,0
USR2535,39,Gorakhpur,1,5,13.47,5,12,6.73,60,1,100000,0,0,1,0,1.98,1,retained,0
USR2536,53,Bhopal,0,5,5.37,5,3,8.64,3,1,10000,0,0,1,1,6.5,0,retained,0
USR2537,32,Coimbatore,1,12,7.8,5,6,8.11,23,1,100000,1,5,1,0,12.26,1,kyc_dropout,1
USR2538,41,Chennai,1,3,14.37,6,24,6.55,2,0,10000,1,2,1,0,4.3,1,retained,0
USR2539,45,Coimbatore,1,8,19.51,6,36,7.25,0,0,25000,0,4,1,0,13.75,1,retained,0
USR2540,36,Lucknow,1,2,12.19,1,24,9.27,12,0,10000,1,3,1,0,9.25,1,retained,0
USR2541,28,Lucknow,1,9,16.94,5,12,9.28,53,0,25000,0,1,0,0,8.34,0,retained,0
USR2542,42,Chennai,1,13,17.02,3,24,8.9,39,1,25000,1,0,1,0,6.29,1,retained,0
USR2543,47,Jaipur,1,7,14.95,2,24,9.45,10,0,500000,1,4,0,0,11.26,1,retained,0
USR2544,35,Jaipur,1,10,6.16,6,36,8.92,41,1,500000,0,1,1,0,8.68,1,comparison_paralysis,1
USR2545,58,Nagpur,1,9,19.2,6,36,6.53,3,0,100000,1,4,1,0,12.05,1,retained,0
USR2546,42,Lucknow,0,15,10.16,6,24,7.36,24,1,25000,0,5,1,0,5.31,1,kyc_dropout,1
USR2547,39,Bhopal,1,5,1.93,1,36,6.59,35,0,10000,0,1,1,0,10.68,0,retained,0
USR2548,26,Jaipur,1,12,6.14,5,24,6.78,63,1,50000,1,4,0,0,14.18,1,kyc_dropout,1
USR2549,24,Nagpur,1,1,17.08,3,6,7.16,43,1,500000,1,3,1,1,4.56,0,kyc_dropout,1
USR2550,44,Chennai,1,12,2.45,2,24,8.01,39,1,200000,1,4,1,0,14.72,0,kyc_dropout,1
USR2551,47,Coimbatore,1,6,4.09,2,3,9.04,44,1,200000,0,4,1,0,6.45,1,kyc_dropout,1
USR2552,58,Mumbai,1,16,15.58,5,36,9.09,7,1,10000,1,0,1,0,1.06,0,retained,0
USR2553,45,Coimbatore,1,3,19.74,3,36,8.35,34,0,500000,0,0,0,1,5.69,1,retained,0
USR2554,40,Surat,1,10,14.31,1,12,9.28,43,1,50000,0,0,1,0,2.67,0,retained,0
USR2555,46,Pune,1,13,5.67,6,12,8.0,17,1,25000,1,5,1,0,4.91,1,kyc_dropout,1
USR2556,42,Jaipur,1,3,2.12,6,3,9.17,46,0,500000,1,4,1,1,1.89,1,inactive_browser,1
USR2557,33,Nagpur,0,3,13.92,5,36,7.86,24,1,10000,1,3,1,1,3.08,1,kyc_dropout,1
USR2558,54,Mumbai,1,12,2.0,2,36,7.33,40,0,25000,1,1,0,0,2.34,1,overwhelmed_firsttimer,1
USR2559,25,Gorakhpur,1,7,13.87,6,12,9.25,4,0,500000,0,0,1,0,1.13,1,retained,0
USR2560,28,Lucknow,0,8,5.74,2,12,7.66,63,0,100000,1,2,1,0,4.79,1,retained,0
USR2561,43,Lucknow,1,9,20.0,2,24,8.01,61,0,50000,0,4,1,0,14.14,1,retained,0
USR2562,54,Chennai,1,14,10.98,5,36,7.49,2,0,200000,0,3,1,1,14.27,0,retained,0
USR2563,38,Gorakhpur,0,5,5.7,4,36,8.49,36,0,10000,1,3,1,1,12.78,1,retained,0
USR2564,45,Gorakhpur,1,16,18.92,4,24,9.49,40,0,200000,1,0,0,0,0.68,1,overwhelmed_firsttimer,1
USR2565,55,Pune,1,12,6.33,4,36,6.58,19,1,25000,1,5,1,0,0.91,1,kyc_dropout,1
USR2566,49,Jaipur,1,4,7.44,3,3,9.2,39,0,25000,1,0,1,0,0.65,0,retained,0
USR2567,60,Chennai,1,8,18.52,5,12,6.51,7,0,100000,1,5,1,0,5.82,1,retained,0
USR2568,43,Surat,1,7,7.48,2,12,7.59,4,0,25000,1,2,1,0,14.71,1,retained,0
USR2569,38,Mumbai,1,15,9.61,6,12,7.01,24,0,25000,1,2,1,0,13.5,1,comparison_paralysis,1
USR2570,55,Gorakhpur,1,6,8.3,3,6,8.77,38,0,200000,0,0,1,0,4.13,1,retained,0
USR2571,27,Bengaluru,0,5,3.44,4,3,6.65,36,0,200000,0,1,1,0,6.45,0,inactive_browser,1
USR2572,27,Lucknow,1,14,1.82,1,3,8.16,4,1,10000,1,0,1,1,12.45,1,retained,0
USR2573,55,Mumbai,1,13,16.22,3,24,7.38,7,0,10000,1,0,1,0,11.5,0,retained,0
USR2574,22,Bhopal,0,10,14.55,3,6,6.9,3,1,25000,1,3,1,0,2.42,1,kyc_dropout,1
USR2575,31,Patna,1,4,6.93,5,36,8.82,40,1,500000,1,0,1,0,2.06,1,retained,0
USR2576,42,Gorakhpur,0,8,7.21,6,3,7.15,59,1,50000,0,0,0,0,8.38,0,retained,0
USR2577,26,Pune,1,11,20.85,3,6,7.17,53,0,10000,0,0,0,0,1.98,1,retained,0
USR2578,23,Pune,1,17,21.74,6,6,7.33,21,0,25000,1,1,0,0,12.46,0,comparison_paralysis,1
USR2579,43,Patna,1,11,10.94,5,3,8.26,18,0,500000,0,3,1,1,4.17,0,retained,0
USR2580,23,Patna,1,16,17.85,1,24,8.48,32,0,500000,1,4,1,0,3.23,1,retained,0
USR2581,31,Bhopal,1,12,16.47,2,6,6.55,21,0,200000,0,4,1,0,3.19,0,retained,0
USR2582,55,Chennai,0,13,7.24,2,12,7.23,64,1,500000,1,4,0,0,1.16,1,kyc_dropout,1
USR2583,37,Gorakhpur,1,16,2.23,4,6,7.79,10,0,100000,1,4,0,1,9.81,1,overwhelmed_firsttimer,1
USR2584,60,Coimbatore,0,1,3.99,4,36,7.5,15,0,200000,1,3,1,0,2.89,0,retained,0
USR2585,43,Mumbai,1,16,18.6,1,3,9.15,43,0,200000,1,0,1,0,3.88,1,retained,0
USR2586,33,Bhopal,1,15,16.36,2,36,8.86,8,1,100000,1,4,1,0,11.39,1,kyc_dropout,1
USR2587,45,Coimbatore,0,6,14.95,4,24,8.38,61,1,200000,1,0,0,0,1.33,1,retained,0
USR2588,61,Mumbai,1,12,3.74,6,12,7.51,14,0,10000,1,4,1,0,3.44,1,retained,0
USR2589,59,Surat,0,8,14.44,3,3,8.6,5,0,200000,1,1,1,0,2.67,1,retained,0
USR2590,31,Coimbatore,1,7,17.22,5,6,9.03,0,0,100000,0,0,1,0,0.57,1,retained,0
USR2591,56,Gorakhpur,1,2,19.07,4,12,8.28,19,1,25000,1,3,0,1,8.32,1,kyc_dropout,1
USR2592,53,Nagpur,1,12,1.28,1,6,8.85,35,1,25000,1,5,0,0,3.26,1,kyc_dropout,1
USR2593,28,Mumbai,1,14,15.37,2,24,8.75,1,0,25000,1,1,1,1,9.68,1,retained,0
USR2594,42,Bengaluru,0,16,1.4,1,3,8.22,1,0,100000,0,5,1,1,7.78,1,retained,0
USR2595,41,Lucknow,0,11,15.84,5,24,7.44,2,1,100000,0,1,0,0,10.18,1,retained,0
USR2596,47,Bengaluru,0,9,14.35,5,24,8.74,6,0,10000,1,3,1,1,14.73,1,retained,0
USR2597,25,Pune,1,10,4.12,1,24,7.12,63,1,100000,1,1,0,0,3.69,1,overwhelmed_firsttimer,1
USR2598,43,Delhi,0,17,17.09,4,24,8.84,40,0,500000,1,0,1,0,10.16,0,retained,0
USR2599,36,Nagpur,1,12,2.44,4,6,8.91,53,0,25000,0,2,0,0,12.59,1,inactive_browser,1
USR2600,61,Pune,1,6,18.35,2,36,8.97,40,0,100000,0,2,0,1,14.38,1,retained,0
USR2601,42,Patna,0,11,6.5,6,6,7.92,4,0,50000,0,4,1,0,9.52,1,retained,0
USR2602,36,Lucknow,0,9,15.47,2,12,7.08,62,1,200000,1,4,0,0,2.4,1,kyc_dropout,1
USR2603,43,Patna,1,6,20.4,3,24,6.8,0,1,10000,0,0,0,1,1.28,1,retained,0
USR2604,49,Patna,1,16,8.14,6,12,8.73,24,0,25000,1,3,1,1,4.54,0,comparison_paralysis,1
USR2605,35,Pune,1,16,11.56,3,6,9.16,45,0,500000,0,0,0,0,13.96,0,retained,0
USR2606,48,Nagpur,1,6,10.73,2,24,8.45,14,0,500000,1,4,1,0,8.29,1,retained,0
USR2607,61,Chennai,1,5,4.31,6,6,6.93,16,1,25000,1,1,0,0,8.9,0,retained,0
USR2608,49,Bhopal,1,4,13.4,6,24,9.3,20,0,500000,1,5,1,0,9.35,1,retained,0
USR2609,47,Nagpur,1,2,16.6,3,6,9.47,52,0,50000,1,0,1,0,5.32,0,retained,0
USR2610,23,Chennai,0,6,20.25,1,3,7.8,54,0,10000,1,0,0,0,3.13,1,retained,0
USR2611,46,Nagpur,0,9,18.87,4,36,8.28,9,0,200000,1,3,1,0,14.34,0,retained,0
USR2612,24,Surat,1,17,11.71,6,36,8.83,56,1,10000,1,4,1,0,11.45,0,kyc_dropout,1
USR2613,29,Nagpur,0,14,16.1,6,24,8.71,64,1,10000,0,0,0,0,7.91,0,comparison_paralysis,1
USR2614,54,Coimbatore,1,7,17.82,3,3,9.4,36,0,25000,0,1,1,1,5.96,1,retained,0
USR2615,56,Patna,1,1,11.36,6,12,6.84,6,1,100000,1,5,1,0,7.5,1,kyc_dropout,1
USR2616,27,Surat,1,15,3.42,3,3,8.24,39,0,200000,1,1,0,0,0.99,0,overwhelmed_firsttimer,1
USR2617,60,Lucknow,1,3,10.2,1,24,8.58,49,1,10000,1,2,1,0,4.09,1,kyc_dropout,1
USR2618,44,Jaipur,1,2,18.69,6,3,9.17,0,0,50000,1,4,0,1,4.14,1,retained,0
USR2619,46,Gorakhpur,1,10,13.53,5,12,9.12,19,0,25000,0,1,1,1,6.96,1,retained,0
USR2620,40,Nagpur,0,11,16.21,2,24,9.43,30,0,100000,1,3,0,0,3.93,0,overwhelmed_firsttimer,1
USR2621,26,Patna,1,3,4.89,1,36,8.04,11,0,100000,1,5,1,1,3.19,1,retained,0
USR2622,32,Chennai,1,7,21.25,5,3,8.99,21,0,25000,1,4,0,0,11.6,0,retained,0
USR2623,33,Pune,0,8,9.49,1,36,7.78,0,1,10000,1,1,0,0,13.46,1,overwhelmed_firsttimer,1
USR2624,31,Lucknow,1,13,14.73,4,36,7.77,0,1,500000,1,0,1,0,1.47,0,retained,0
USR2625,29,Coimbatore,1,13,1.4,1,6,7.26,2,0,25000,0,4,0,0,3.54,1,retained,0
USR2626,45,Coimbatore,1,12,3.67,1,12,8.95,20,1,500000,1,1,1,0,11.72,1,retained,0
USR2627,49,Nagpur,1,17,17.42,4,3,9.46,12,0,100000,1,0,0,0,12.33,1,overwhelmed_firsttimer,1
USR2628,57,Patna,1,12,21.33,6,36,7.27,60,0,100000,1,2,0,0,7.75,1,comparison_paralysis,1
USR2629,58,Patna,0,13,7.72,2,36,6.67,12,0,50000,1,5,1,0,10.58,0,retained,0
USR2630,42,Pune,0,12,1.78,5,12,8.95,32,1,50000,1,4,0,0,1.63,1,kyc_dropout,1
USR2631,29,Bhopal,1,14,8.58,3,36,8.36,5,0,100000,1,4,1,0,12.82,0,retained,0
USR2632,30,Surat,0,7,1.37,2,36,9.38,24,0,50000,1,1,1,0,12.57,1,retained,0
USR2633,36,Gorakhpur,1,13,5.04,1,36,7.26,22,0,50000,1,2,1,1,10.55,1,retained,0
USR2634,61,Lucknow,1,6,16.8,3,36,6.71,25,0,50000,0,3,0,1,13.79,1,retained,0
USR2635,39,Chennai,1,4,20.68,4,6,7.98,3,1,100000,1,1,1,0,1.19,1,retained,0
USR2636,41,Bhopal,1,9,2.84,2,6,6.76,34,0,10000,1,1,1,0,3.85,0,retained,0
USR2637,27,Mumbai,1,16,12.72,6,24,7.29,24,0,10000,0,3,0,0,5.76,1,comparison_paralysis,1
USR2638,33,Mumbai,1,4,6.33,5,3,6.88,19,0,200000,1,3,1,1,2.8,0,retained,0
USR2639,23,Jaipur,1,6,3.92,2,12,7.17,0,0,50000,1,3,1,0,12.32,0,retained,0
USR2640,28,Jaipur,1,8,5.6,2,24,6.82,22,1,10000,0,5,0,0,11.48,0,kyc_dropout,1
USR2641,37,Coimbatore,1,16,13.13,6,6,9.36,21,0,200000,1,3,1,0,11.71,1,comparison_paralysis,1
USR2642,24,Jaipur,1,5,2.37,3,6,7.34,61,1,25000,0,3,1,0,4.72,1,kyc_dropout,1
USR2643,24,Delhi,0,10,10.12,4,6,7.83,0,0,50000,1,0,0,1,11.56,1,overwhelmed_firsttimer,1
USR2644,48,Nagpur,1,13,3.84,6,24,9.2,58,1,10000,1,0,0,0,2.28,1,comparison_paralysis,1
USR2645,61,Patna,0,14,6.73,4,6,8.53,18,1,10000,0,3,1,1,2.05,1,kyc_dropout,1
USR2646,59,Delhi,1,7,5.01,6,24,8.35,29,1,500000,1,5,0,1,8.97,0,kyc_dropout,1
USR2647,54,Delhi,0,6,19.54,2,6,8.62,0,1,10000,0,5,0,0,1.21,1,kyc_dropout,1
USR2648,49,Lucknow,0,7,15.87,4,36,8.99,47,0,500000,1,2,0,1,14.11,1,retained,0
USR2649,22,Lucknow,0,5,19.24,3,36,9.13,18,1,200000,1,5,0,0,5.27,1,kyc_dropout,1
USR2650,29,Coimbatore,1,12,9.05,3,3,8.43,51,1,500000,1,2,1,0,7.42,1,kyc_dropout,1
USR2651,58,Mumbai,1,6,7.58,5,6,9.17,21,1,25000,1,3,0,0,12.29,1,kyc_dropout,1
USR2652,53,Gorakhpur,0,1,8.99,4,3,8.11,49,0,50000,1,5,0,0,6.3,1,retained,0
USR2653,58,Patna,1,4,1.39,5,24,7.33,5,1,10000,1,0,0,0,6.74,0,retained,0
USR2654,25,Bhopal,0,12,16.22,6,3,9.14,63,0,100000,1,2,1,0,5.55,1,comparison_paralysis,1
USR2655,51,Lucknow,1,15,8.35,1,6,8.12,20,0,50000,1,0,1,0,5.6,0,retained,0
USR2656,27,Bhopal,0,3,7.58,3,24,9.22,18,0,100000,1,1,1,0,7.29,0,retained,0
USR2657,40,Jaipur,0,8,13.56,2,24,6.62,36,1,200000,1,0,1,0,14.22,1,retained,0
USR2658,53,Lucknow,0,11,10.16,3,36,7.69,62,0,10000,1,3,0,1,14.07,1,overwhelmed_firsttimer,1
USR2659,30,Gorakhpur,1,16,21.6,1,24,9.34,28,0,50000,1,5,0,1,8.4,1,overwhelmed_firsttimer,1
USR2660,33,Mumbai,1,9,8.48,2,24,7.25,59,0,50000,1,5,1,1,7.11,1,retained,0
USR2661,32,Surat,1,3,13.89,4,3,9.32,33,0,10000,0,4,0,0,12.22,1,retained,0
USR2662,37,Bhopal,1,5,7.54,4,24,9.36,0,1,25000,0,3,0,0,10.37,1,kyc_dropout,1
USR2663,22,Nagpur,1,14,21.8,3,12,9.15,47,1,200000,0,1,0,0,13.28,0,retained,0
USR2664,42,Nagpur,1,15,10.35,2,36,8.19,20,0,10000,0,5,1,0,11.09,1,retained,0
USR2665,51,Gorakhpur,1,6,14.32,6,36,8.44,33,0,500000,0,0,1,0,14.31,1,retained,0
USR2666,34,Lucknow,0,4,3.66,2,24,9.11,25,0,50000,0,2,1,1,13.35,1,retained,0
USR2667,55,Delhi,1,8,16.39,5,3,8.83,35,0,25000,0,3,1,0,12.9,1,retained,0
USR2668,25,Bengaluru,0,5,6.65,1,36,8.39,22,0,50000,1,5,1,0,6.18,1,retained,0
USR2669,49,Pune,0,13,10.42,4,36,9.45,46,0,100000,0,2,1,1,6.1,1,retained,0
USR2670,59,Nagpur,0,16,19.55,3,12,8.56,43,0,50000,0,0,0,1,11.25,1,retained,0
USR2671,52,Coimbatore,1,1,21.38,2,24,9.43,19,0,200000,1,5,0,0,1.71,0,retained,0
USR2672,48,Delhi,1,13,9.92,4,36,6.67,26,1,10000,1,1,1,0,5.17,1,retained,0
USR2673,26,Lucknow,1,11,18.53,3,36,6.92,60,0,50000,0,3,0,1,14.02,1,retained,0
USR2674,46,Bhopal,1,8,2.12,4,36,7.85,36,0,500000,0,2,0,0,7.03,0,inactive_browser,1
USR2675,24,Bhopal,1,8,18.8,3,36,7.65,51,0,100000,0,5,0,0,4.41,1,retained,0
USR2676,54,Chennai,0,14,14.22,4,3,8.85,61,1,100000,1,3,0,0,7.41,1,kyc_dropout,1
USR2677,25,Bengaluru,0,13,11.26,6,6,6.98,23,0,10000,0,5,0,0,4.68,0,comparison_paralysis,1
USR2678,46,Delhi,1,3,19.69,5,12,9.43,11,0,100000,1,3,1,1,11.64,1,retained,0
USR2679,41,Nagpur,0,4,18.75,1,3,7.45,15,0,10000,1,2,0,1,12.83,1,retained,0
USR2680,55,Nagpur,1,15,7.24,4,12,7.79,35,1,200000,1,1,0,0,11.85,1,overwhelmed_firsttimer,1
USR2681,47,Coimbatore,0,15,17.62,1,36,7.32,1,1,10000,1,3,1,0,2.66,1,kyc_dropout,1
USR2682,26,Gorakhpur,1,13,3.09,4,12,8.24,61,1,25000,0,1,1,0,5.37,1,inactive_browser,1
USR2683,56,Delhi,1,9,18.28,2,24,6.68,63,0,100000,1,1,1,0,3.6,1,retained,0
USR2684,49,Bengaluru,1,10,15.18,5,24,6.95,28,1,100000,1,0,1,0,1.12,0,comparison_paralysis,1
USR2685,50,Bhopal,1,12,2.85,6,6,8.74,30,1,500000,1,5,0,0,11.22,1,kyc_dropout,1
USR2686,30,Patna,1,14,15.34,5,6,7.06,14,0,50000,1,2,1,0,6.71,0,retained,0
USR2687,59,Patna,1,1,13.19,1,12,7.21,54,1,25000,0,0,1,1,4.51,1,retained,0
USR2688,27,Surat,0,14,13.49,2,3,8.88,32,0,50000,1,4,1,0,4.96,1,retained,0
USR2689,40,Jaipur,0,14,7.11,3,3,6.78,51,0,10000,1,5,1,1,2.46,0,retained,0
USR2690,32,Bengaluru,1,8,6.6,5,36,7.81,19,1,200000,0,0,1,0,12.49,1,retained,0
USR2691,23,Chennai,1,16,17.01,6,3,6.57,37,0,500000,0,3,1,0,2.59,1,comparison_paralysis,1
USR2692,30,Lucknow,1,14,6.39,2,6,7.54,2,0,100000,0,3,1,1,5.41,1,retained,0
USR2693,42,Gorakhpur,1,1,10.37,2,3,8.6,53,0,200000,1,3,1,0,0.61,0,retained,0
USR2694,45,Surat,1,16,15.59,1,36,6.77,17,1,10000,0,4,1,0,6.83,1,kyc_dropout,1
USR2695,55,Surat,1,7,2.67,6,24,9.17,6,0,10000,0,1,1,0,5.64,1,retained,0
USR2696,43,Coimbatore,1,15,13.49,2,3,9.23,34,0,25000,1,3,0,0,10.93,1,overwhelmed_firsttimer,1
USR2697,24,Jaipur,1,17,13.38,2,3,6.81,59,0,50000,0,5,1,0,10.87,1,retained,0
USR2698,33,Nagpur,1,13,15.37,3,6,9.47,23,1,100000,1,5,1,1,1.06,1,kyc_dropout,1
USR2699,49,Delhi,0,9,8.77,1,12,7.39,38,1,100000,1,0,0,0,2.18,1,overwhelmed_firsttimer,1
USR2700,51,Jaipur,0,15,10.43,1,24,6.75,11,0,200000,1,1,1,0,13.62,1,retained,0
USR2701,47,Coimbatore,1,3,7.93,6,12,6.52,52,0,25000,0,0,1,1,11.98,0,retained,0
USR2702,42,Nagpur,1,1,17.97,2,36,7.73,63,0,500000,0,0,1,0,6.15,1,retained,0
USR2703,49,Gorakhpur,1,16,3.74,3,36,8.39,3,0,10000,1,3,1,0,2.91,1,retained,0
USR2704,47,Pune,1,8,21.22,4,12,7.5,4,1,25000,1,0,1,0,4.28,1,retained,0
USR2705,54,Chennai,1,13,14.33,5,6,9.01,15,0,100000,1,4,1,0,10.04,1,retained,0
USR2706,42,Delhi,1,8,19.63,1,6,8.65,26,0,500000,0,5,0,0,14.21,1,retained,0
USR2707,56,Jaipur,1,17,9.95,3,6,7.55,3,0,50000,1,5,0,0,9.43,1,overwhelmed_firsttimer,1
USR2708,55,Surat,1,14,7.98,6,24,8.7,47,0,200000,1,5,1,0,0.88,0,comparison_paralysis,1
USR2709,39,Jaipur,1,7,19.92,3,36,9.32,7,0,10000,1,1,1,0,9.94,1,retained,0
USR2710,32,Jaipur,1,15,3.08,2,36,6.78,45,0,10000,1,3,1,1,14.2,0,inactive_browser,1
USR2711,44,Bengaluru,0,16,3.46,5,36,7.42,43,1,10000,1,3,0,0,5.7,0,kyc_dropout,1
USR2712,43,Chennai,1,6,7.29,1,24,7.89,51,0,50000,0,0,0,1,14.04,1,retained,0
USR2713,38,Surat,1,1,21.16,4,36,7.99,33,0,100000,0,0,1,0,10.22,1,retained,0
USR2714,26,Nagpur,1,12,14.29,2,12,8.13,61,0,100000,1,2,1,0,3.25,1,retained,0
USR2715,32,Coimbatore,1,16,12.64,1,3,7.4,20,1,25000,0,2,1,0,2.61,1,kyc_dropout,1
USR2716,51,Surat,1,12,15.81,6,24,8.5,23,0,500000,1,3,1,0,3.06,1,comparison_paralysis,1
USR2717,36,Bhopal,1,13,9.77,1,3,8.44,43,1,25000,0,3,0,1,10.64,0,kyc_dropout,1
USR2718,48,Bengaluru,1,8,16.92,3,12,8.23,40,1,100000,1,0,0,0,9.05,1,overwhelmed_firsttimer,1
USR2719,56,Lucknow,1,1,9.26,5,6,6.84,28,1,10000,0,4,1,1,7.11,1,kyc_dropout,1
USR2720,54,Jaipur,1,7,18.35,4,6,7.93,5,0,50000,1,4,0,0,4.32,1,retained,0
USR2721,41,Jaipur,0,15,6.61,5,6,7.57,55,0,100000,1,5,0,1,13.65,1,comparison_paralysis,1
USR2722,37,Bhopal,1,13,6.83,3,24,7.97,13,0,50000,0,0,0,0,3.6,1,retained,0
USR2723,55,Nagpur,1,13,11.97,4,6,9.27,49,0,200000,0,2,0,0,4.61,1,retained,0
USR2724,23,Surat,1,9,10.05,4,24,7.94,51,1,10000,1,2,0,0,1.3,1,kyc_dropout,1
USR2725,56,Jaipur,1,15,14.61,2,24,6.54,0,0,200000,0,4,1,0,4.49,0,retained,0
USR2726,61,Surat,1,4,8.65,4,3,7.82,11,0,100000,0,3,1,0,13.88,1,retained,0
USR2727,49,Patna,1,13,5.84,1,6,8.96,23,0,25000,1,0,0,0,3.22,1,overwhelmed_firsttimer,1
USR2728,60,Mumbai,1,12,10.87,5,36,8.84,36,1,100000,1,5,1,1,3.46,1,kyc_dropout,1
USR2729,27,Surat,1,5,12.78,6,6,8.04,2,0,200000,0,5,0,0,9.2,1,retained,0
USR2730,30,Delhi,1,7,3.99,6,6,7.25,26,0,50000,1,3,0,1,8.72,1,retained,0
USR2731,41,Coimbatore,1,8,12.69,5,6,7.9,52,0,500000,1,2,1,1,3.05,1,retained,0
USR2732,22,Gorakhpur,1,5,7.7,2,36,8.19,16,1,500000,1,4,1,0,2.74,0,kyc_dropout,1
USR2733,29,Gorakhpur,1,9,9.24,4,36,9.5,14,0,100000,1,3,1,0,2.2,1,retained,0
USR2734,44,Lucknow,1,14,6.87,3,24,8.43,38,0,25000,1,2,0,0,12.99,1,overwhelmed_firsttimer,1
USR2735,24,Chennai,1,12,20.56,1,36,8.58,3,0,200000,1,2,0,0,9.99,1,overwhelmed_firsttimer,1
USR2736,25,Coimbatore,0,4,15.35,2,24,7.97,16,1,100000,1,5,1,1,14.32,1,kyc_dropout,1
USR2737,46,Surat,1,8,6.51,4,3,7.56,10,0,200000,1,2,0,0,2.9,1,overwhelmed_firsttimer,1
USR2738,59,Coimbatore,0,17,14.55,6,24,8.94,11,1,200000,0,3,1,0,7.18,1,kyc_dropout,1
USR2739,36,Jaipur,1,8,18.82,3,6,7.98,31,1,10000,1,1,0,0,11.27,1,overwhelmed_firsttimer,1
USR2740,42,Bhopal,1,1,9.43,4,12,9.48,26,0,500000,1,4,1,0,3.6,0,retained,0
USR2741,56,Nagpur,0,2,18.43,2,12,7.87,43,0,500000,1,2,1,0,10.43,1,retained,0
USR2742,35,Lucknow,1,4,4.24,3,6,6.7,42,0,50000,0,3,1,0,7.37,1,retained,0
USR2743,57,Bengaluru,1,1,18.28,3,24,8.55,48,0,10000,1,5,1,1,6.75,0,retained,0
USR2744,33,Bhopal,1,7,12.35,3,6,6.64,42,0,500000,0,0,0,0,9.85,0,retained,0
USR2745,38,Coimbatore,0,1,5.68,3,36,7.25,2,0,200000,1,5,0,0,7.28,1,retained,0
USR2746,60,Jaipur,1,9,9.55,4,24,7.56,28,0,25000,1,4,1,1,12.39,0,retained,0
USR2747,30,Surat,1,3,21.75,3,6,8.72,34,0,25000,1,0,0,0,13.99,1,retained,0
USR2748,56,Coimbatore,1,12,17.45,4,36,7.98,47,1,10000,1,0,0,0,9.04,1,overwhelmed_firsttimer,1
USR2749,34,Surat,1,15,13.08,3,36,6.59,38,1,25000,1,5,0,0,4.86,1,kyc_dropout,1
USR2750,36,Surat,1,16,3.42,3,24,8.35,23,0,200000,0,3,0,0,11.77,1,retained,0
USR2751,39,Nagpur,1,10,9.77,2,3,7.73,19,0,100000,1,5,1,0,2.97,1,retained,0
USR2752,54,Surat,0,6,6.52,4,3,9.27,14,1,200000,0,1,1,0,1.88,1,retained,0
USR2753,27,Pune,1,17,2.49,6,36,8.0,17,1,500000,1,3,1,0,8.02,1,kyc_dropout,1
USR2754,48,Nagpur,1,17,12.39,4,3,8.63,59,1,100000,0,3,1,0,9.88,0,kyc_dropout,1
USR2755,44,Bhopal,1,11,19.67,5,36,7.16,40,0,25000,1,4,1,0,12.61,1,comparison_paralysis,1
USR2756,48,Bhopal,1,7,15.19,6,3,8.78,10,0,50000,1,3,1,0,14.35,0,retained,0
USR2757,55,Coimbatore,1,10,6.24,2,36,8.66,55,0,50000,0,4,0,1,13.16,1,retained,0
USR2758,59,Mumbai,1,7,13.05,4,36,9.21,17,0,200000,1,2,0,1,14.84,1,retained,0
USR2759,35,Surat,0,5,20.81,2,36,6.6,11,0,200000,0,4,0,0,7.4,1,retained,0
USR2760,57,Nagpur,0,12,16.18,6,36,7.84,15,0,25000,0,3,1,0,5.09,1,retained,0
USR2761,29,Chennai,1,16,15.48,2,12,8.54,26,0,50000,1,2,1,0,7.17,1,retained,0
USR2762,56,Surat,0,3,21.33,2,3,6.79,16,1,50000,1,2,1,0,9.84,1,kyc_dropout,1
USR2763,40,Pune,0,15,17.78,1,36,7.73,30,0,200000,1,1,0,1,7.86,1,overwhelmed_firsttimer,1
USR2764,51,Gorakhpur,1,5,3.87,4,6,9.33,34,0,500000,1,5,1,0,9.69,1,retained,0
USR2765,35,Pune,0,13,8.3,2,24,7.81,26,1,50000,1,3,1,1,13.36,0,kyc_dropout,1
USR2766,41,Lucknow,1,12,21.27,1,6,9.46,31,1,200000,1,0,0,1,2.9,1,overwhelmed_firsttimer,1
USR2767,46,Lucknow,0,5,11.28,1,6,6.67,16,0,10000,1,5,0,0,2.24,1,retained,0
USR2768,61,Chennai,1,6,3.34,3,12,8.65,10,1,50000,1,3,1,0,7.73,1,kyc_dropout,1
USR2769,45,Surat,1,7,10.63,3,3,8.24,0,0,100000,1,0,1,0,14.74,0,retained,0
USR2770,35,Nagpur,1,10,15.64,6,12,8.0,48,0,25000,1,5,0,0,1.36,1,comparison_paralysis,1
USR2771,47,Mumbai,0,16,21.95,4,3,9.41,40,1,200000,1,1,0,0,14.81,1,overwhelmed_firsttimer,1
USR2772,59,Jaipur,1,8,7.8,3,36,6.89,19,0,50000,0,3,0,0,14.53,1,retained,0
USR2773,44,Coimbatore,1,9,11.8,6,12,9.19,36,0,50000,0,5,1,0,4.74,0,retained,0
USR2774,43,Pune,0,4,19.47,4,24,8.57,15,0,500000,1,1,1,0,13.42,1,retained,0
USR2775,40,Jaipur,1,8,8.46,6,3,7.28,38,0,200000,0,0,1,1,0.61,1,retained,0
USR2776,24,Surat,1,7,3.29,1,12,9.21,44,0,100000,0,4,1,1,7.08,0,inactive_browser,1
USR2777,40,Lucknow,0,15,20.93,1,24,7.79,63,0,50000,1,3,1,1,6.33,1,retained,0
USR2778,30,Bengaluru,1,3,11.26,4,6,8.94,46,0,10000,0,2,1,0,13.59,0,retained,0
USR2779,49,Lucknow,1,17,11.56,6,36,7.67,22,1,25000,1,2,0,0,7.35,1,kyc_dropout,1
USR2780,41,Pune,1,11,14.05,6,36,9.05,31,0,200000,1,1,1,0,6.56,0,comparison_paralysis,1
USR2781,28,Lucknow,1,9,1.07,3,6,8.41,48,0,50000,0,4,1,0,9.77,1,inactive_browser,1
USR2782,35,Nagpur,1,5,20.55,3,12,6.92,18,0,500000,0,2,1,0,5.95,1,retained,0
USR2783,30,Delhi,0,10,8.59,4,6,8.45,38,1,500000,0,2,1,0,8.28,1,kyc_dropout,1
USR2784,40,Pune,1,15,9.34,5,24,7.07,59,1,25000,1,3,0,0,14.36,1,kyc_dropout,1
USR2785,35,Bhopal,1,14,4.66,3,3,7.74,10,1,200000,1,2,1,0,3.44,1,kyc_dropout,1
USR2786,59,Lucknow,0,4,8.94,2,12,7.01,48,0,200000,1,0,1,0,7.15,1,retained,0
USR2787,57,Coimbatore,1,2,17.88,3,3,6.57,14,0,200000,1,1,0,1,0.72,0,retained,0
USR2788,61,Nagpur,0,12,17.8,5,6,7.14,60,0,100000,1,5,1,1,12.71,1,comparison_paralysis,1
USR2789,38,Bhopal,0,1,20.65,6,36,8.11,42,0,10000,1,2,0,1,1.83,1,retained,0
USR2790,51,Jaipur,1,5,9.47,1,3,7.94,14,0,500000,0,3,0,0,1.87,0,retained,0
USR2791,30,Nagpur,1,6,15.88,1,3,8.0,4,1,200000,1,5,1,1,13.3,0,kyc_dropout,1
USR2792,54,Bhopal,0,11,11.65,6,36,7.24,28,0,100000,1,0,1,0,6.43,1,comparison_paralysis,1
USR2793,46,Nagpur,1,8,17.88,1,3,8.56,61,1,200000,0,5,0,0,10.47,1,kyc_dropout,1
USR2794,35,Jaipur,0,7,15.96,3,3,8.61,59,0,200000,1,2,1,1,12.94,1,retained,0
USR2795,32,Gorakhpur,1,4,8.73,1,36,7.57,21,1,100000,0,1,0,0,5.93,1,retained,0
USR2796,56,Delhi,1,6,8.07,5,36,9.14,12,0,10000,1,1,0,1,4.29,0,retained,0
USR2797,35,Surat,1,16,6.3,5,6,8.43,49,1,25000,0,1,0,0,2.96,1,comparison_paralysis,1
USR2798,51,Chennai,1,15,13.11,3,6,8.64,46,0,500000,0,2,0,0,9.3,1,retained,0
USR2799,25,Delhi,1,14,21.24,6,3,7.33,28,1,50000,1,0,0,0,4.16,1,comparison_paralysis,1
USR2800,25,Delhi,1,12,5.2,2,12,6.5,16,0,200000,1,4,1,1,9.7,1,retained,0
USR2801,49,Gorakhpur,0,12,3.0,3,6,9.1,19,0,10000,1,5,1,0,5.1,0,retained,0
USR2802,29,Patna,0,16,3.51,1,6,8.97,5,0,500000,1,1,1,0,5.54,1,retained,0
USR2803,23,Gorakhpur,0,15,17.45,3,12,6.87,21,0,50000,1,0,1,0,4.11,0,retained,0
USR2804,43,Gorakhpur,1,13,8.35,5,12,7.62,8,1,200000,1,3,1,0,6.57,0,kyc_dropout,1
USR2805,37,Gorakhpur,1,11,5.71,3,36,8.48,31,1,50000,0,3,1,0,2.85,1,kyc_dropout,1
USR2806,50,Coimbatore,1,17,8.41,3,6,8.46,32,0,100000,0,0,1,0,5.14,1,retained,0
USR2807,51,Nagpur,1,15,14.55,2,24,9.08,48,1,500000,1,3,1,0,11.78,1,kyc_dropout,1
USR2808,33,Jaipur,1,14,12.48,5,24,6.92,29,0,10000,1,3,1,0,3.63,1,comparison_paralysis,1
USR2809,56,Nagpur,1,10,16.62,4,3,7.79,15,0,10000,1,1,0,0,14.23,1,overwhelmed_firsttimer,1
USR2810,32,Bhopal,1,12,8.12,4,6,6.79,64,0,500000,1,2,0,0,7.65,1,overwhelmed_firsttimer,1
USR2811,42,Gorakhpur,1,16,10.49,5,24,7.67,13,1,25000,0,2,0,0,2.05,1,kyc_dropout,1
USR2812,42,Mumbai,1,15,3.14,4,6,6.55,55,0,25000,1,2,1,1,14.17,0,inactive_browser,1
USR2813,26,Mumbai,1,10,2.53,1,6,9.19,36,1,50000,1,2,1,0,7.12,1,kyc_dropout,1
USR2814,41,Nagpur,1,4,10.71,4,24,8.08,48,0,100000,1,0,1,0,8.58,1,retained,0
USR2815,58,Jaipur,0,9,7.33,1,6,9.05,49,0,50000,1,1,0,0,3.19,1,overwhelmed_firsttimer,1
USR2816,24,Pune,0,9,13.87,5,12,6.68,35,0,200000,1,0,1,0,5.33,1,retained,0
USR2817,54,Delhi,1,11,1.9,4,3,7.18,51,0,10000,0,5,1,0,10.7,1,inactive_browser,1
USR2818,30,Lucknow,0,11,3.56,4,36,7.28,22,0,50000,1,5,1,0,2.3,1,retained,0
USR2819,30,Nagpur,1,7,19.17,6,24,7.66,44,0,50000,0,3,1,0,8.77,1,retained,0
USR2820,25,Lucknow,1,10,12.89,1,36,8.91,27,1,500000,1,1,0,0,10.56,1,overwhelmed_firsttimer,1
USR2821,56,Delhi,1,4,15.95,1,3,7.66,19,0,10000,1,4,0,0,0.53,1,retained,0
USR2822,38,Nagpur,1,5,18.68,3,12,7.11,48,1,10000,1,2,0,0,12.64,1,kyc_dropout,1
USR2823,55,Patna,0,5,10.74,2,12,6.69,56,0,25000,1,5,0,0,1.32,0,retained,0
USR2824,45,Patna,1,11,16.98,4,12,6.74,58,0,25000,1,5,0,0,4.08,1,overwhelmed_firsttimer,1
USR2825,53,Mumbai,1,9,12.02,6,12,8.78,25,0,10000,0,3,0,1,14.47,1,retained,0
USR2826,22,Surat,1,16,5.68,2,24,7.83,18,0,50000,1,2,1,1,1.68,1,retained,0
USR2827,29,Gorakhpur,0,9,8.09,6,24,8.68,12,0,200000,1,2,0,0,12.48,1,overwhelmed_firsttimer,1
USR2828,44,Mumbai,1,4,11.3,2,6,8.55,61,0,50000,1,2,1,1,9.95,1,retained,0
USR2829,61,Nagpur,0,2,7.65,4,6,6.91,13,0,200000,0,5,0,1,9.18,1,retained,0
USR2830,33,Surat,1,14,8.05,6,3,6.93,10,1,10000,1,4,0,0,8.93,1,kyc_dropout,1
USR2831,33,Jaipur,1,3,8.09,1,6,8.77,11,0,500000,1,3,0,1,2.91,1,retained,0
USR2832,36,Lucknow,0,6,3.58,3,3,8.66,34,0,200000,1,2,1,0,10.2,1,retained,0
USR2833,40,Delhi,1,11,2.78,6,3,7.63,38,1,25000,0,2,1,0,14.3,0,kyc_dropout,1
USR2834,47,Delhi,1,12,1.98,5,3,6.73,31,1,500000,1,1,1,0,1.62,0,comparison_paralysis,1
USR2835,50,Lucknow,1,5,3.33,4,12,6.54,13,0,10000,1,2,0,0,5.32,1,retained,0
USR2836,43,Gorakhpur,0,9,8.22,4,36,7.36,64,1,100000,1,1,1,0,7.35,1,retained,0
USR2837,61,Pune,1,3,13.47,5,36,6.53,26,1,200000,1,3,1,1,3.87,1,kyc_dropout,1
USR2838,42,Surat,1,9,4.95,2,24,7.19,59,0,200000,1,3,0,0,11.24,1,overwhelmed_firsttimer,1
USR2839,59,Bhopal,0,4,19.65,3,3,7.76,42,0,500000,1,3,1,0,10.49,0,retained,0
USR2840,41,Lucknow,1,17,17.98,2,12,6.86,64,1,100000,1,1,0,0,2.21,1,overwhelmed_firsttimer,1
USR2841,50,Mumbai,0,17,11.93,5,6,6.81,54,0,100000,1,5,0,0,8.76,1,comparison_paralysis,1
USR2842,25,Gorakhpur,1,2,16.21,5,6,9.19,34,0,10000,1,5,1,1,5.85,0,retained,0
USR2843,28,Lucknow,1,9,8.69,3,24,8.26,31,0,500000,1,4,1,0,3.81,1,retained,0
USR2844,49,Bhopal,0,9,1.77,5,24,9.3,18,1,50000,1,4,1,0,12.8,0,kyc_dropout,1
USR2845,49,Mumbai,1,5,19.99,5,3,7.54,38,1,100000,1,5,0,1,1.29,1,kyc_dropout,1
USR2846,25,Jaipur,0,15,3.68,6,3,8.53,19,0,200000,0,5,0,0,7.28,1,retained,0
USR2847,43,Bengaluru,0,15,20.91,3,6,7.11,27,1,100000,0,2,1,1,7.39,0,kyc_dropout,1
USR2848,33,Delhi,1,3,13.01,4,6,8.36,2,0,10000,1,3,0,0,8.77,0,retained,0
USR2849,24,Bengaluru,0,3,7.42,2,6,6.89,31,0,10000,1,5,1,0,3.37,1,retained,0
USR2850,43,Lucknow,1,6,11.41,4,6,6.51,57,0,200000,1,0,1,1,13.13,1,retained,0
USR2851,23,Bhopal,1,4,11.53,4,36,9.29,53,1,200000,1,5,1,0,14.5,1,kyc_dropout,1
USR2852,45,Patna,0,13,1.49,6,3,8.16,41,0,200000,1,2,0,0,8.46,1,comparison_paralysis,1
USR2853,55,Coimbatore,1,13,8.46,2,3,9.28,14,0,50000,0,5,0,0,4.21,1,retained,0
USR2854,48,Delhi,1,11,16.54,4,6,7.5,61,0,200000,1,4,1,0,13.21,1,retained,0
USR2855,22,Patna,1,5,11.71,3,12,7.48,30,0,500000,1,4,1,0,14.83,1,retained,0
USR2856,29,Gorakhpur,1,1,6.13,2,6,7.7,60,0,10000,0,3,0,1,11.26,1,retained,0
USR2857,44,Delhi,1,9,8.04,1,24,8.62,25,0,10000,1,1,1,0,5.34,1,retained,0
USR2858,59,Coimbatore,0,17,19.12,6,12,8.2,56,1,100000,0,2,1,0,3.92,0,kyc_dropout,1
USR2859,27,Coimbatore,0,1,12.04,4,24,9.28,19,0,200000,0,1,1,0,2.77,1,retained,0
USR2860,43,Surat,1,3,12.1,5,12,6.58,20,1,50000,0,4,1,0,3.91,1,kyc_dropout,1
USR2861,46,Coimbatore,1,15,21.19,2,24,8.62,59,0,500000,1,3,1,0,3.8,1,retained,0
USR2862,39,Surat,1,10,7.74,1,6,7.49,62,0,25000,1,4,1,0,14.53,1,retained,0
USR2863,38,Patna,1,8,11.07,5,6,7.04,50,0,100000,1,3,0,0,9.83,1,overwhelmed_firsttimer,1
USR2864,33,Gorakhpur,1,12,18.05,1,12,8.03,38,1,500000,1,5,1,1,2.92,0,kyc_dropout,1
USR2865,27,Chennai,1,15,16.94,4,24,8.02,10,0,50000,0,0,1,1,7.58,1,retained,0
USR2866,47,Lucknow,0,9,6.58,5,36,6.91,56,1,200000,0,1,1,0,3.18,0,retained,0
USR2867,48,Gorakhpur,1,10,4.17,4,12,7.11,2,1,50000,0,2,0,0,9.29,0,kyc_dropout,1
USR2868,29,Patna,1,9,15.71,5,12,7.72,36,0,25000,1,3,1,1,5.45,1,retained,0
USR2869,40,Bengaluru,0,15,6.41,2,3,7.73,24,0,500000,1,5,0,0,3.34,1,overwhelmed_firsttimer,1
USR2870,22,Patna,1,1,20.38,3,12,7.45,20,1,50000,1,5,0,0,4.02,1,kyc_dropout,1
USR2871,50,Coimbatore,0,2,3.71,3,36,6.95,41,0,25000,0,0,0,0,10.29,1,inactive_browser,1
USR2872,56,Lucknow,1,14,7.68,1,6,6.51,0,0,25000,0,5,1,0,6.42,1,retained,0
USR2873,61,Nagpur,1,8,2.15,6,24,9.41,22,0,500000,1,5,1,1,7.94,1,retained,0
USR2874,35,Jaipur,0,6,15.77,5,3,9.33,23,0,25000,1,0,1,1,12.41,1,retained,0
USR2875,56,Coimbatore,1,12,19.72,4,24,7.95,46,1,500000,1,1,1,0,10.0,1,retained,0
USR2876,41,Gorakhpur,1,15,14.35,6,6,9.49,6,0,50000,0,5,1,1,7.2,1,retained,0
USR2877,34,Jaipur,1,14,20.69,2,12,8.52,37,0,200000,1,3,1,0,14.33,1,retained,0
USR2878,59,Coimbatore,1,1,3.7,2,36,6.71,46,0,10000,1,2,0,0,3.61,1,inactive_browser,1
USR2879,29,Surat,1,11,2.84,2,3,6.85,34,1,10000,1,2,0,0,4.69,1,kyc_dropout,1
USR2880,41,Lucknow,0,3,18.61,3,36,9.25,61,0,50000,0,2,1,0,13.72,0,retained,0
USR2881,54,Bhopal,0,2,18.97,4,36,8.39,2,1,200000,0,4,0,1,12.87,1,kyc_dropout,1
USR2882,47,Bhopal,1,7,18.45,2,36,9.03,19,1,10000,1,4,1,0,2.39,1,kyc_dropout,1
USR2883,60,Patna,1,8,17.78,2,36,9.19,43,0,25000,0,3,0,0,13.98,0,retained,0
USR2884,42,Gorakhpur,0,15,8.61,1,6,7.84,31,0,50000,1,5,1,1,0.65,1,retained,0
USR2885,30,Lucknow,0,10,5.57,5,36,6.65,25,0,50000,0,5,1,0,12.43,1,comparison_paralysis,1
USR2886,45,Gorakhpur,0,1,20.5,5,36,7.06,47,1,100000,0,2,0,0,4.54,1,kyc_dropout,1
USR2887,58,Lucknow,1,6,7.45,5,6,6.7,4,1,100000,1,0,0,0,3.24,0,retained,0
USR2888,38,Patna,1,13,9.37,6,24,7.07,58,1,100000,0,5,0,1,7.01,1,kyc_dropout,1
USR2889,45,Delhi,1,14,15.69,1,6,7.73,60,0,500000,0,2,1,0,13.51,1,retained,0
USR2890,42,Delhi,0,3,7.16,3,12,6.85,48,0,200000,0,3,0,1,11.9,1,retained,0
USR2891,60,Gorakhpur,1,11,18.2,6,6,7.0,29,0,50000,1,2,1,0,14.52,0,comparison_paralysis,1
USR2892,60,Pune,1,3,2.47,1,24,7.84,16,0,100000,1,1,1,0,8.34,1,retained,0
USR2893,34,Delhi,1,10,17.61,2,12,7.52,57,0,50000,1,2,1,1,7.9,0,retained,0
USR2894,32,Lucknow,0,15,13.64,4,12,7.9,62,0,25000,1,5,0,0,0.69,0,overwhelmed_firsttimer,1
USR2895,40,Pune,1,11,13.03,6,3,7.79,60,0,100000,1,5,0,0,3.12,0,comparison_paralysis,1
USR2896,32,Chennai,1,15,10.63,6,36,8.43,62,0,50000,1,0,1,1,7.72,1,comparison_paralysis,1
USR2897,34,Gorakhpur,0,13,6.82,2,12,9.31,14,0,200000,1,3,0,0,11.41,1,overwhelmed_firsttimer,1
USR2898,22,Lucknow,0,5,10.75,2,12,6.82,0,0,500000,1,3,1,0,12.43,1,retained,0
USR2899,61,Gorakhpur,1,4,10.45,4,24,6.8,12,0,200000,1,0,0,0,4.61,1,retained,0
USR2900,40,Surat,1,13,13.26,5,12,9.06,47,0,200000,1,3,1,0,10.83,1,comparison_paralysis,1
USR2901,33,Nagpur,1,9,6.91,6,24,8.02,33,0,100000,1,2,1,0,12.51,0,retained,0
USR2902,29,Delhi,1,17,2.63,1,36,8.8,29,1,200000,0,3,1,0,5.93,1,kyc_dropout,1
USR2903,29,Mumbai,1,2,4.05,3,3,7.15,18,0,500000,1,2,1,1,10.59,0,retained,0
USR2904,33,Bhopal,1,5,15.68,2,3,8.99,63,1,10000,1,3,0,0,6.84,0,kyc_dropout,1
USR2905,54,Surat,1,16,1.47,2,36,9.27,56,0,500000,1,5,1,0,14.79,0,inactive_browser,1
USR2906,47,Gorakhpur,1,7,18.99,3,36,8.41,43,0,25000,1,2,0,0,0.6,1,retained,0
USR2907,60,Coimbatore,1,1,15.58,1,6,6.82,11,0,500000,1,2,0,0,6.51,0,retained,0
USR2908,49,Bhopal,1,12,17.13,2,12,9.19,39,0,50000,0,5,0,0,4.32,1,retained,0
USR2909,26,Delhi,1,11,18.56,3,12,8.88,23,0,10000,1,0,1,0,12.82,0,retained,0
USR2910,29,Nagpur,1,12,3.58,2,12,8.75,10,1,100000,1,0,1,0,4.66,1,retained,0
USR2911,46,Pune,1,12,18.27,5,24,6.61,0,0,50000,1,5,1,1,8.39,0,retained,0
USR2912,48,Delhi,1,12,11.6,5,6,8.9,57,0,500000,1,4,1,1,11.23,0,comparison_paralysis,1
USR2913,44,Jaipur,1,14,19.6,2,12,6.91,27,0,50000,0,0,1,0,7.71,1,retained,0
USR2914,51,Chennai,1,2,19.62,2,24,7.17,58,0,200000,0,2,1,0,6.45,1,retained,0
USR2915,44,Delhi,0,2,1.51,5,24,8.23,21,1,50000,0,2,0,1,1.12,1,kyc_dropout,1
USR2916,41,Jaipur,1,4,9.04,2,3,7.29,28,1,50000,0,3,0,1,0.83,1,kyc_dropout,1
USR2917,39,Surat,1,16,12.05,1,24,8.48,44,0,500000,1,3,0,0,14.38,0,overwhelmed_firsttimer,1
USR2918,39,Surat,0,10,15.25,1,36,8.32,16,0,25000,0,4,0,0,9.83,0,retained,0
USR2919,23,Nagpur,1,13,7.01,4,24,6.82,38,0,500000,0,2,0,0,12.47,1,retained,0
USR2920,25,Gorakhpur,1,2,6.29,1,36,8.47,39,1,100000,1,4,0,0,7.47,1,kyc_dropout,1
USR2921,51,Jaipur,1,3,9.01,6,36,9.27,27,0,10000,1,2,1,0,4.29,1,retained,0
USR2922,54,Chennai,1,6,11.52,6,3,6.98,1,1,200000,0,0,1,1,4.77,1,retained,0
USR2923,57,Coimbatore,1,8,20.97,6,3,8.29,26,0,25000,1,3,1,0,1.13,1,retained,0
USR2924,39,Pune,0,14,17.0,2,24,7.53,20,1,10000,0,5,1,0,11.97,1,kyc_dropout,1
USR2925,58,Jaipur,0,10,10.02,2,3,7.88,6,0,10000,1,5,1,0,8.93,1,retained,0
USR2926,40,Lucknow,0,3,2.14,3,3,7.36,60,0,25000,1,4,0,0,7.47,0,inactive_browser,1
USR2927,49,Gorakhpur,0,6,4.54,6,12,7.56,51,0,200000,1,1,1,0,12.86,0,retained,0
USR2928,61,Pune,1,15,10.57,6,24,6.59,47,1,100000,0,5,0,0,6.95,1,kyc_dropout,1
USR2929,41,Lucknow,1,14,18.09,1,24,9.44,18,1,25000,0,2,0,0,14.24,1,kyc_dropout,1
USR2930,54,Delhi,1,10,8.99,5,24,8.37,11,1,25000,1,0,0,1,0.69,1,overwhelmed_firsttimer,1
USR2931,33,Coimbatore,1,15,12.31,5,3,8.0,1,1,25000,0,1,0,1,14.78,1,retained,0
USR2932,36,Mumbai,1,4,19.73,4,3,7.65,16,0,200000,1,0,1,0,12.33,1,retained,0
USR2933,60,Surat,1,2,20.19,3,36,8.12,2,1,25000,0,0,1,1,5.65,1,retained,0
USR2934,23,Jaipur,1,3,5.53,5,6,7.64,20,1,25000,1,2,0,0,9.13,0,kyc_dropout,1
USR2935,50,Surat,1,7,1.92,4,6,7.58,50,0,50000,1,0,0,1,13.04,0,inactive_browser,1
USR2936,31,Coimbatore,1,16,7.41,1,6,7.89,9,0,50000,1,4,0,1,7.48,1,overwhelmed_firsttimer,1
USR2937,23,Pune,1,10,15.61,3,12,7.33,54,0,50000,1,1,1,0,1.24,1,retained,0
USR2938,32,Gorakhpur,1,17,20.97,3,3,7.04,35,0,50000,0,0,0,1,13.6,1,retained,0
USR2939,34,Surat,1,5,2.62,6,36,8.17,50,1,25000,1,5,1,0,8.0,1,kyc_dropout,1
USR2940,31,Patna,1,13,1.6,2,36,9.03,16,0,50000,1,5,0,0,8.4,1,overwhelmed_firsttimer,1
USR2941,35,Gorakhpur,1,13,19.57,6,6,6.96,60,0,10000,1,0,1,0,0.7,0,comparison_paralysis,1
USR2942,39,Patna,1,11,16.71,1,12,6.6,12,0,100000,1,3,0,1,1.95,1,overwhelmed_firsttimer,1
USR2943,30,Jaipur,1,11,21.84,6,12,7.24,64,0,50000,1,3,1,0,11.77,0,comparison_paralysis,1
USR2944,60,Surat,1,16,9.33,3,6,9.44,47,0,200000,1,4,0,0,6.81,1,overwhelmed_firsttimer,1
USR2945,49,Surat,1,15,9.74,6,6,8.99,46,1,100000,1,5,1,0,14.97,0,kyc_dropout,1
USR2946,24,Lucknow,1,17,4.62,4,3,8.29,9,0,500000,1,3,0,0,10.59,0,overwhelmed_firsttimer,1
USR2947,41,Coimbatore,1,4,3.43,6,12,9.29,56,1,500000,1,0,1,1,14.27,0,inactive_browser,1
USR2948,27,Bengaluru,1,5,13.15,5,36,7.84,12,0,10000,1,5,0,0,4.55,1,retained,0
USR2949,48,Nagpur,0,7,8.65,1,6,9.45,60,1,100000,1,0,1,0,3.05,0,retained,0
USR2950,23,Gorakhpur,1,2,2.69,1,3,7.39,57,0,100000,1,1,0,0,5.96,1,inactive_browser,1
USR2951,50,Jaipur,1,1,19.63,3,36,7.22,28,0,10000,1,5,0,0,4.34,0,retained,0
USR2952,59,Gorakhpur,0,12,5.17,6,12,8.41,15,0,500000,0,3,0,0,9.39,0,retained,0
USR2953,24,Chennai,0,10,16.72,3,6,7.63,62,1,50000,0,2,1,1,11.29,1,kyc_dropout,1
USR2954,37,Pune,0,8,6.93,3,6,8.38,46,0,10000,0,3,0,0,6.33,1,retained,0
USR2955,51,Jaipur,1,1,18.07,4,3,7.41,42,0,200000,1,0,0,0,1.8,1,retained,0
USR2956,61,Gorakhpur,1,12,3.49,2,3,8.35,22,1,10000,1,1,0,0,0.88,0,overwhelmed_firsttimer,1
USR2957,23,Bhopal,1,2,16.88,3,12,7.33,29,0,25000,1,3,1,0,3.66,1,retained,0
USR2958,38,Pune,0,10,3.06,2,6,6.65,56,0,500000,1,1,0,1,11.12,1,overwhelmed_firsttimer,1
USR2959,33,Nagpur,1,17,10.39,2,3,9.24,29,0,25000,1,3,1,0,3.71,0,retained,0
USR2960,56,Nagpur,1,3,16.41,1,6,9.15,55,0,500000,0,4,1,0,13.71,1,retained,0
USR2961,22,Pune,0,7,4.64,5,12,9.41,23,0,500000,1,0,1,0,9.95,0,retained,0
USR2962,36,Mumbai,1,12,7.0,5,6,8.65,7,0,100000,0,0,0,0,13.0,1,retained,0
USR2963,47,Delhi,0,8,19.16,6,36,8.55,43,1,50000,1,2,1,0,6.09,1,kyc_dropout,1
USR2964,58,Gorakhpur,0,12,19.59,4,6,8.18,33,0,50000,1,0,0,0,14.76,0,overwhelmed_firsttimer,1
USR2965,42,Patna,1,3,1.94,4,24,6.88,34,0,500000,1,2,0,0,10.35,1,retained,0
USR2966,52,Jaipur,1,17,4.53,5,24,7.07,49,0,500000,1,0,0,0,5.68,1,comparison_paralysis,1
USR2967,46,Nagpur,1,9,3.47,6,12,7.37,16,0,25000,0,3,1,0,3.58,1,retained,0
USR2968,44,Pune,1,10,4.77,5,12,9.17,1,0,200000,1,3,0,1,13.06,1,overwhelmed_firsttimer,1
USR2969,45,Delhi,1,6,21.37,6,12,7.02,53,1,10000,0,4,0,0,5.11,1,kyc_dropout,1
USR2970,59,Coimbatore,1,1,12.58,6,36,9.27,43,1,500000,1,3,1,1,1.14,1,kyc_dropout,1
USR2971,49,Gorakhpur,1,12,10.83,6,36,8.07,48,1,500000,1,1,0,0,4.54,1,comparison_paralysis,1
USR2972,42,Chennai,1,5,21.67,6,6,8.65,1,0,10000,1,3,1,0,3.1,1,retained,0
USR2973,39,Surat,1,13,12.7,1,3,6.83,8,1,10000,1,2,1,1,5.14,0,kyc_dropout,1
USR2974,57,Patna,1,15,14.88,1,24,7.31,0,1,200000,1,5,0,0,9.39,1,kyc_dropout,1
USR2975,56,Patna,1,11,7.99,5,24,9.38,8,0,200000,1,4,0,1,7.76,1,overwhelmed_firsttimer,1
USR2976,30,Coimbatore,1,8,9.02,6,24,7.3,13,0,10000,0,5,0,0,10.81,0,retained,0
USR2977,59,Nagpur,0,5,13.48,3,6,7.39,26,0,500000,1,5,1,0,5.34,1,retained,0
USR2978,51,Surat,1,2,2.47,6,6,7.09,8,0,500000,1,1,1,1,2.24,0,retained,0
USR2979,55,Lucknow,1,12,6.37,3,12,6.89,35,1,10000,1,1,0,0,2.82,1,overwhelmed_firsttimer,1
USR2980,53,Chennai,1,2,5.13,1,3,7.2,2,0,500000,1,0,1,0,12.06,1,retained,0
USR2981,24,Jaipur,1,16,1.33,6,12,8.43,22,1,200000,1,2,1,1,1.92,1,kyc_dropout,1
USR2982,24,Bhopal,0,3,12.27,2,6,7.87,29,0,10000,1,5,1,0,12.07,1,retained,0
USR2983,49,Surat,1,10,12.78,5,36,8.16,18,0,200000,1,3,1,1,3.58,1,retained,0
USR2984,36,Nagpur,1,8,9.06,6,12,6.87,49,0,500000,1,3,0,0,10.34,1,overwhelmed_firsttimer,1
USR2985,44,Gorakhpur,0,7,6.64,4,6,8.91,47,1,500000,1,0,0,0,9.53,1,retained,0
USR2986,61,Pune,1,1,14.69,3,6,8.85,2,0,100000,1,3,1,0,1.92,1,retained,0
USR2987,32,Chennai,0,12,3.83,6,36,6.56,26,1,25000,0,1,1,0,10.16,1,comparison_paralysis,1
USR2988,53,Bhopal,1,5,11.89,2,36,7.65,39,0,25000,1,3,0,0,6.99,1,retained,0
USR2989,57,Patna,1,16,17.13,3,36,6.71,17,0,200000,0,5,0,0,10.75,1,retained,0
USR2990,54,Jaipur,1,4,4.45,2,3,8.88,26,0,10000,1,3,0,0,12.61,1,retained,0
USR2991,45,Nagpur,1,17,16.82,5,6,8.71,10,1,25000,0,1,1,0,1.07,1,retained,0
USR2992,60,Bhopal,1,2,16.98,5,36,9.21,38,0,500000,1,2,1,0,9.9,1,retained,0
USR2993,55,Patna,1,12,2.26,5,3,7.21,18,0,50000,0,5,1,0,2.02,1,retained,0
USR2994,49,Surat,1,1,1.39,1,24,7.87,6,0,10000,1,2,0,0,5.99,1,retained,0
USR2995,58,Bhopal,1,12,21.45,2,24,7.05,56,1,200000,1,1,0,0,0.68,1,overwhelmed_firsttimer,1
USR2996,28,Coimbatore,0,12,5.06,6,24,7.61,1,0,500000,0,1,0,0,5.27,0,retained,0
USR2997,25,Coimbatore,1,12,18.26,4,6,8.07,37,0,500000,1,5,1,0,2.96,1,retained,0
USR2998,58,Nagpur,0,17,12.8,4,3,6.66,4,0,50000,1,4,0,0,8.57,1,overwhelmed_firsttimer,1
USR2999,22,Gorakhpur,1,11,6.55,5,3,8.64,35,0,200000,1,4,0,0,7.93,1,comparison_paralysis,1
USR3000,22,Gorakhpur,1,13,3.73,4,24,8.13,56,1,10000,1,3,0,0,12.0,1,kyc_dropout,1
