user_id,age,city,is_tier2_city,sessions_before_booking,avg_session_duration_min,banks_compared,preferred_tenor_months,interest_rate_viewed,days_since_last_login,dropped_on_kyc,amount_intended_inr,is_first_time_investor,support_queries_raised,viewed_faq,app_version_outdated,time_on_rates_page_min,notifications_enabled,dropout_reason,churned,churn_probability,risk_tier,cohort
USR0001,60,Nagpur,0,6,4.21,4,12,9.07,42,0,100000,0,3,0,0,1.98,1,retained,0,0.1732794,Low Risk,Unclassified
USR0002,50,Surat,1,14,17.93,5,6,9.23,57,1,500000,1,5,1,0,8.0,1,kyc_dropout,1,0.99393,High Risk,KYC Dropout
USR0003,36,Bhopal,1,6,11.72,5,6,7.85,45,0,100000,0,3,1,0,7.41,0,retained,0,0.058289986,Low Risk,Unclassified
USR0004,29,Jaipur,0,7,21.53,5,6,7.34,33,1,200000,0,2,0,1,4.88,0,kyc_dropout,1,0.9483308,High Risk,KYC Dropout
USR0005,42,Chennai,0,12,6.92,2,12,6.92,21,0,10000,0,3,1,0,1.98,1,retained,0,0.058665402,Low Risk,Unclassified
USR0006,60,Lucknow,1,3,11.09,5,3,8.55,20,0,100000,1,1,1,0,10.7,1,retained,0,0.018548323,Low Risk,Unclassified
USR0007,40,Surat,0,14,10.41,3,12,7.44,14,1,200000,0,4,1,1,8.76,1,kyc_dropout,1,0.9680615,High Risk,KYC Dropout
USR0008,44,Bhopal,1,16,3.54,4,6,9.23,4,0,25000,0,0,1,0,12.24,0,retained,0,0.033257686,Low Risk,Unclassified
USR0009,32,Bhopal,1,7,9.95,5,6,8.51,16,0,50000,0,5,0,1,3.92,0,retained,0,0.018769,Low Risk,Unclassified
USR0010,32,Nagpur,1,8,7.04,2,6,8.44,18,0,10000,1,1,1,0,11.98,1,retained,0,0.027942054,Low Risk,Unclassified
USR0011,45,Nagpur,0,13,4.37,4,24,8.18,4,0,10000,1,5,1,1,4.73,1,retained,0,0.03421655,Low Risk,Unclassified
USR0012,57,Bhopal,1,9,6.93,5,3,6.64,22,0,25000,0,0,1,0,2.13,1,retained,0,0.16145334,Low Risk,Unclassified
USR0013,61,Mumbai,0,10,5.9,1,12,9.3,13,1,10000,1,5,1,1,2.46,1,kyc_dropout,1,0.95542246,High Risk,KYC Dropout
USR0014,45,Patna,1,9,16.42,5,6,8.38,9,0,200000,1,3,1,1,3.71,1,retained,0,0.04458663,Low Risk,Unclassified
USR0015,24,Patna,1,15,1.65,6,36,9.48,30,0,10000,1,0,1,0,10.4,1,comparison_paralysis,1,0.8995608,High Risk,Comparison Paralysis
USR0016,43,Coimbatore,0,2,13.97,3,3,8.11,12,0,10000,1,1,1,0,4.04,1,retained,0,0.017636241,Low Risk,Unclassified
USR0017,23,Chennai,1,13,16.97,4,36,8.63,21,0,10000,1,4,0,1,9.26,1,overwhelmed_firsttimer,1,0.86656624,High Risk,Comparison Paralysis
USR0018,45,Bengaluru,0,2,11.1,3,3,6.67,36,0,200000,1,1,1,0,4.22,0,retained,0,0.040804803,Low Risk,Unclassified
USR0019,51,Lucknow,1,2,20.56,1,6,8.4,38,0,500000,0,2,1,0,5.8,1,retained,0,0.013019197,Low Risk,Unclassified
USR0020,59,Gorakhpur,1,3,15.87,1,3,8.79,9,0,50000,1,0,0,1,13.4,0,retained,0,0.022910502,Low Risk,Unclassified
USR0021,23,Surat,1,6,16.71,6,3,8.84,30,0,100000,0,1,1,0,7.76,1,retained,0,0.019489666,Low Risk,Unclassified
USR0022,42,Delhi,1,3,5.14,3,6,8.81,42,1,500000,1,3,0,1,9.2,0,kyc_dropout,1,0.9682233,High Risk,KYC Dropout
USR0023,54,Coimbatore,0,10,17.32,4,36,7.18,35,0,10000,0,3,0,0,3.24,0,retained,0,0.11168766,Low Risk,Unclassified
USR0024,33,Mumbai,1,6,18.47,1,36,9.43,34,0,25000,1,5,0,1,2.41,1,retained,0,0.05419328,Low Risk,Unclassified
USR0025,43,Nagpur,1,16,8.59,1,24,9.49,54,0,25000,0,1,0,0,6.49,1,retained,0,0.112527065,Low Risk,Unclassified
USR0026,46,Pune,1,17,5.48,5,36,6.73,46,1,200000,0,5,1,0,12.9,0,kyc_dropout,1,0.9880619,High Risk,KYC Dropout
USR0027,48,Patna,1,3,9.09,6,36,9.31,5,0,50000,1,2,1,1,3.99,1,retained,0,0.03516436,Low Risk,Unclassified
USR0028,49,Jaipur,0,7,16.53,2,3,7.37,27,1,10000,1,0,1,0,9.51,1,retained,0,0.016314855,Low Risk,Unclassified
USR0029,37,Lucknow,1,9,9.77,1,24,8.57,29,0,200000,1,2,1,0,13.15,0,retained,0,0.083858766,Low Risk,Unclassified
USR0030,36,Chennai,1,12,16.47,4,6,7.51,26,0,100000,0,4,1,1,14.05,1,retained,0,0.07571143,Low Risk,Unclassified
USR0031,24,Coimbatore,1,5,3.38,4,6,9.4,38,1,50000,1,5,0,0,14.91,1,kyc_dropout,1,0.97258645,High Risk,KYC Dropout
USR0032,58,Gorakhpur,1,3,17.93,5,12,6.8,34,1,50000,0,1,0,0,11.56,1,retained,0,0.03091547,Low Risk,Unclassified
USR0033,28,Bengaluru,1,11,6.32,4,24,7.99,43,0,200000,1,5,0,0,1.59,1,overwhelmed_firsttimer,1,0.913575,High Risk,Comparison Paralysis
USR0034,42,Mumbai,1,4,6.23,5,3,7.78,14,0,500000,1,2,1,0,13.14,0,retained,0,0.02253105,Low Risk,Unclassified
USR0035,30,Jaipur,1,5,13.4,1,12,7.48,31,0,25000,1,4,1,0,13.34,0,retained,0,0.012291307,Low Risk,Unclassified
USR0036,60,Pune,0,1,2.47,1,12,8.44,28,1,500000,0,2,0,0,8.58,0,kyc_dropout,1,0.87774664,High Risk,KYC Dropout
USR0037,39,Lucknow,0,12,1.55,1,6,6.89,62,1,50000,1,4,1,1,1.48,0,kyc_dropout,1,0.9830542,High Risk,KYC Dropout
USR0038,25,Bhopal,1,13,6.48,1,36,8.65,5,0,25000,0,3,1,0,7.41,1,retained,0,0.012631448,Low Risk,Unclassified
USR0039,46,Coimbatore,1,9,12.3,2,3,9.44,26,0,50000,0,3,0,0,3.56,1,retained,0,0.13562703,Low Risk,Unclassified
USR0040,35,Coimbatore,0,2,20.06,6,24,8.91,27,0,50000,1,1,1,0,6.91,1,retained,0,0.0275461,Low Risk,Unclassified
USR0041,30,Bhopal,1,5,18.78,6,12,9.08,4,0,50000,0,2,0,0,11.0,0,retained,0,0.022321476,Low Risk,Unclassified
USR0042,47,Bhopal,0,13,11.3,2,3,7.58,40,0,100000,0,3,1,0,10.18,1,retained,0,0.08140806,Low Risk,Unclassified
USR0043,23,Lucknow,1,16,1.78,1,6,7.47,55,1,25000,1,5,1,1,11.81,1,kyc_dropout,1,0.9744819,High Risk,KYC Dropout
USR0044,41,Bhopal,1,16,12.24,4,12,8.05,53,0,100000,1,0,1,1,7.41,1,retained,0,0.08051541,Low Risk,Unclassified
USR0045,49,Lucknow,0,3,15.8,5,12,6.64,17,0,25000,1,5,1,0,7.91,0,retained,0,0.023361636,Low Risk,Unclassified
USR0046,28,Mumbai,0,4,8.12,6,6,9.34,42,0,100000,0,3,1,0,14.07,0,retained,0,0.068394,Low Risk,Unclassified
USR0047,29,Chennai,1,11,3.33,3,6,6.93,28,0,100000,0,3,0,0,9.65,0,retained,0,0.2557177,Low Risk,Unclassified
USR0048,56,Jaipur,1,14,6.85,5,6,9.21,9,0,100000,1,2,0,1,11.34,0,overwhelmed_firsttimer,1,0.9237649,High Risk,Overwhelmed First-Timer
USR0049,35,Coimbatore,1,3,17.2,3,3,6.75,5,0,200000,1,4,1,0,10.14,1,retained,0,0.037455995,Low Risk,Unclassified
USR0050,38,Lucknow,1,16,8.38,3,3,8.97,3,0,100000,0,0,0,1,9.79,0,retained,0,0.05022369,Low Risk,Unclassified
USR0051,57,Jaipur,0,15,18.05,1,3,6.96,33,1,500000,1,0,0,1,13.75,0,overwhelmed_firsttimer,1,0.92630297,High Risk,Overwhelmed First-Timer
USR0052,61,Jaipur,1,10,7.71,3,36,6.61,32,1,500000,0,4,0,1,5.67,1,kyc_dropout,1,0.9657567,High Risk,KYC Dropout
USR0053,25,Lucknow,0,9,4.43,1,12,8.66,3,0,50000,0,2,0,0,6.7,1,retained,0,0.073573545,Low Risk,Unclassified
USR0054,23,Jaipur,1,11,10.15,2,3,7.34,43,0,10000,0,3,0,0,6.01,1,retained,0,0.2257695,Low Risk,Unclassified
USR0055,27,Bhopal,1,16,10.5,4,36,8.64,30,0,100000,1,4,1,0,11.6,0,retained,0,0.07654219,Low Risk,Unclassified
USR0056,25,Nagpur,0,10,1.34,3,12,8.17,57,0,10000,0,0,0,0,13.09,0,inactive_browser,1,0.85730094,High Risk,Silent Churner
USR0057,50,Mumbai,1,17,3.46,4,3,6.83,59,0,10000,0,0,1,0,5.68,1,inactive_browser,1,0.8031561,High Risk,Comparison Paralysis
USR0058,39,Pune,1,2,4.88,1,6,9.3,1,0,50000,0,3,1,0,2.56,1,retained,0,0.06445171,Low Risk,Unclassified
USR0059,47,Lucknow,1,2,3.39,3,24,7.86,35,0,10000,1,3,1,0,7.66,1,retained,0,0.05214063,Low Risk,Unclassified
USR0060,55,Pune,0,6,8.17,5,3,8.7,59,0,10000,1,1,1,0,14.77,0,retained,0,0.025116045,Low Risk,Unclassified
USR0061,31,Patna,1,8,21.26,2,24,8.0,22,1,500000,0,5,1,0,3.45,0,kyc_dropout,1,0.97762966,High Risk,KYC Dropout
USR0062,57,Jaipur,0,3,11.69,6,3,8.31,46,1,10000,1,4,0,0,7.05,1,kyc_dropout,1,0.93981874,High Risk,KYC Dropout
USR0063,35,Bengaluru,1,14,14.18,2,6,7.41,45,1,25000,0,3,1,0,4.44,1,kyc_dropout,1,0.9590974,High Risk,KYC Dropout
USR0064,52,Nagpur,1,16,8.48,3,24,7.1,43,0,100000,1,1,0,0,13.88,1,overwhelmed_firsttimer,1,0.93176806,High Risk,Overwhelmed First-Timer
USR0065,36,Surat,1,1,7.79,2,36,8.13,18,1,100000,1,2,1,1,8.49,1,kyc_dropout,1,0.96346885,High Risk,KYC Dropout
USR0066,29,Patna,1,3,1.49,6,6,7.82,48,1,10000,1,0,0,0,8.89,1,inactive_browser,1,0.68124837,Medium Risk,Silent Churner
USR0067,35,Jaipur,1,9,11.51,5,24,7.67,57,1,50000,0,4,0,1,0.62,1,kyc_dropout,1,0.9351389,High Risk,KYC Dropout
USR0068,44,Gorakhpur,1,6,11.16,4,24,8.52,6,0,25000,1,5,0,0,9.97,1,retained,0,0.04882732,Low Risk,Unclassified
USR0069,61,Gorakhpur,1,1,4.31,5,6,8.57,40,1,50000,1,2,1,1,4.94,1,kyc_dropout,1,0.9040815,High Risk,KYC Dropout
USR0070,42,Coimbatore,0,10,17.05,2,6,6.64,14,0,50000,1,4,0,1,7.94,1,overwhelmed_firsttimer,1,0.95175093,High Risk,Overwhelmed First-Timer
USR0071,37,Pune,0,6,11.35,6,6,7.52,52,0,10000,1,4,1,0,8.2,0,retained,1,0.043685135,Low Risk,Unclassified
USR0072,39,Chennai,1,12,8.12,4,12,7.74,22,0,200000,1,3,1,0,9.09,0,retained,0,0.107555114,Low Risk,Unclassified
USR0073,45,Jaipur,1,4,4.09,6,36,6.79,64,1,10000,1,1,0,0,12.44,1,retained,0,0.088362604,Low Risk,Unclassified
USR0074,47,Patna,1,13,12.6,5,3,7.21,59,1,500000,0,4,1,0,4.83,0,kyc_dropout,1,0.9933721,High Risk,KYC Dropout
USR0075,46,Patna,1,17,16.81,1,24,6.65,9,0,200000,1,5,0,0,4.21,1,overwhelmed_firsttimer,1,0.946107,High Risk,Overwhelmed First-Timer
USR0076,50,Bengaluru,1,8,6.92,1,3,9.49,57,0,25000,1,2,1,1,12.04,1,retained,0,0.051598534,Low Risk,Unclassified
USR0077,36,Lucknow,1,3,5.59,4,6,8.71,46,0,200000,1,5,1,0,10.92,0,retained,0,0.0754023,Low Risk,Unclassified
USR0078,22,Jaipur,1,12,11.96,4,36,6.76,14,0,10000,0,4,1,1,3.77,1,retained,0,0.028025368,Low Risk,Unclassified
USR0079,46,Coimbatore,1,7,4.26,4,36,6.56,8,0,10000,1,5,1,0,0.51,0,retained,0,0.018654853,Low Risk,Unclassified
USR0080,28,Jaipur,1,12,15.0,1,12,8.66,12,0,50000,1,5,1,0,10.16,0,retained,0,0.020847512,Low Risk,Unclassified
USR0081,30,Nagpur,0,2,13.71,5,6,7.82,22,1,10000,1,1,0,0,2.78,1,retained,0,0.084006995,Low Risk,Unclassified
USR0082,45,Bhopal,1,14,2.83,4,24,8.86,32,0,500000,0,0,1,0,14.38,1,retained,0,0.12816185,Low Risk,Unclassified
USR0083,22,Bengaluru,0,5,1.77,1,12,9.27,8,0,10000,1,4,0,1,9.26,0,retained,0,0.06659948,Low Risk,Unclassified
USR0084,29,Lucknow,1,9,14.03,4,6,8.3,2,1,100000,1,2,0,0,12.82,0,kyc_dropout,1,0.97820574,High Risk,KYC Dropout
USR0085,45,Lucknow,1,11,7.18,4,12,7.06,24,1,100000,0,0,1,1,12.18,1,retained,0,0.07343737,Low Risk,Unclassified
USR0086,32,Gorakhpur,1,5,2.82,6,3,8.85,35,1,50000,1,5,0,1,8.59,0,kyc_dropout,1,0.97500336,High Risk,KYC Dropout
USR0087,38,Jaipur,1,3,16.95,4,6,9.37,19,0,200000,1,0,1,0,6.86,1,retained,0,0.01581747,Low Risk,Unclassified
USR0088,29,Bhopal,1,17,7.59,1,24,8.24,53,1,200000,1,3,1,0,7.7,1,kyc_dropout,1,0.94090295,High Risk,KYC Dropout
USR0089,56,Patna,1,2,10.65,5,24,8.55,18,0,100000,1,3,1,1,12.14,0,retained,0,0.016905306,Low Risk,Unclassified
USR0090,56,Jaipur,1,1,5.97,1,6,7.51,59,1,500000,0,4,1,0,9.79,1,kyc_dropout,1,0.91777796,High Risk,KYC Dropout
USR0091,54,Coimbatore,0,7,14.17,1,12,7.64,36,1,25000,1,2,1,0,3.48,1,kyc_dropout,1,0.87534475,High Risk,KYC Dropout
USR0092,26,Surat,1,14,7.33,4,36,8.7,2,1,500000,1,3,0,0,9.34,1,kyc_dropout,1,0.9878412,High Risk,KYC Dropout
USR0093,60,Jaipur,0,5,21.33,6,6,9.28,18,0,100000,1,5,1,1,6.37,0,retained,0,0.024097169,Low Risk,Unclassified
USR0094,49,Surat,1,11,15.76,3,24,8.39,52,0,500000,1,1,0,0,1.39,0,overwhelmed_firsttimer,1,0.8722339,High Risk,Overwhelmed First-Timer
USR0095,28,Mumbai,1,2,3.87,3,3,8.87,45,1,25000,0,1,0,1,6.03,1,inactive_browser,1,0.7815917,High Risk,Silent Churner
USR0096,30,Nagpur,1,8,9.75,3,24,7.01,55,1,200000,1,5,0,1,3.8,1,kyc_dropout,1,0.98927337,High Risk,KYC Dropout
USR0097,29,Pune,1,9,9.09,1,36,7.14,30,0,100000,1,0,1,0,12.66,1,retained,0,0.0373113,Low Risk,Unclassified
USR0098,33,Bhopal,1,3,12.22,4,24,8.1,52,1,10000,1,5,0,0,2.02,0,kyc_dropout,1,0.974877,High Risk,KYC Dropout
USR0099,55,Mumbai,0,2,18.68,3,36,7.03,33,0,25000,1,0,1,0,5.73,1,retained,0,0.025852272,Low Risk,Unclassified
USR0100,54,Surat,0,7,13.25,2,6,8.4,30,0,25000,1,0,1,0,10.58,1,retained,0,0.015971452,Low Risk,Unclassified
USR0101,44,Gorakhpur,1,5,2.29,2,24,7.37,59,1,25000,1,1,0,0,13.51,1,inactive_browser,1,0.8939186,High Risk,Silent Churner
USR0102,45,Bhopal,1,5,14.76,2,12,8.87,10,0,200000,1,3,1,0,5.36,0,retained,0,0.015674666,Low Risk,Unclassified
USR0103,58,Bengaluru,0,13,1.17,5,12,8.92,5,0,500000,1,5,1,1,9.29,1,retained,0,0.07527904,Low Risk,Unclassified
USR0104,56,Nagpur,0,6,17.38,4,24,7.89,26,1,50000,1,3,1,0,5.92,1,kyc_dropout,1,0.9404013,High Risk,KYC Dropout
USR0105,61,Lucknow,1,2,15.0,1,24,7.04,6,0,10000,1,4,0,1,3.44,0,retained,0,0.042426992,Low Risk,Unclassified
USR0106,43,Mumbai,1,6,7.48,1,3,8.44,48,0,100000,0,2,1,0,5.22,1,retained,0,0.042941812,Low Risk,Unclassified
USR0107,48,Surat,1,9,7.14,4,24,9.48,59,1,500000,1,1,1,1,9.72,1,retained,0,0.1582485,Low Risk,Unclassified
USR0108,56,Bhopal,0,3,17.76,6,3,8.37,32,1,25000,1,0,1,0,10.89,1,retained,0,0.05658379,Low Risk,Unclassified
USR0109,22,Patna,1,1,17.45,6,3,6.61,46,0,200000,1,2,1,1,5.87,1,retained,0,0.092870876,Low Risk,Unclassified
USR0110,56,Bhopal,1,1,8.4,5,3,6.55,43,0,25000,1,0,1,0,2.71,1,retained,0,0.04704457,Low Risk,Unclassified
USR0111,58,Lucknow,1,5,7.28,4,3,7.46,26,0,500000,1,2,0,0,2.52,1,retained,0,0.09753385,Low Risk,Unclassified
USR0112,35,Gorakhpur,1,13,12.76,6,6,7.09,21,1,100000,0,2,0,0,12.28,1,kyc_dropout,1,0.9819062,High Risk,KYC Dropout
USR0113,24,Coimbatore,0,12,1.18,5,12,8.94,46,0,10000,0,3,0,0,9.97,1,comparison_paralysis,1,0.9242553,High Risk,Comparison Paralysis
USR0114,22,Gorakhpur,1,16,2.74,3,3,9.03,47,1,25000,0,4,1,0,11.06,1,kyc_dropout,1,0.98740435,High Risk,KYC Dropout
USR0115,26,Bhopal,1,3,3.65,3,12,7.28,29,1,200000,1,4,1,1,7.58,0,kyc_dropout,1,0.96309817,High Risk,KYC Dropout
USR0116,47,Jaipur,1,12,4.89,5,3,7.48,1,0,200000,0,0,0,0,7.13,1,retained,0,0.14517151,Low Risk,Unclassified
USR0117,35,Nagpur,1,5,11.75,4,12,7.21,14,0,50000,0,1,1,0,3.56,1,retained,0,0.009774512,Low Risk,Unclassified
USR0118,60,Jaipur,1,2,21.84,3,24,9.23,46,1,200000,0,4,0,0,2.94,1,kyc_dropout,1,0.97232586,High Risk,KYC Dropout
USR0119,48,Bengaluru,1,7,14.7,4,24,8.01,26,0,50000,0,1,1,1,2.73,0,retained,0,0.01354911,Low Risk,Unclassified
USR0120,30,Surat,0,13,2.29,6,12,8.47,26,0,10000,1,0,1,0,14.88,1,comparison_paralysis,1,0.8596234,High Risk,Comparison Paralysis
USR0121,36,Chennai,1,15,12.04,3,3,7.75,12,1,100000,1,1,1,0,12.4,1,retained,0,0.07081653,Low Risk,Unclassified
USR0122,36,Patna,1,3,11.43,6,6,8.39,54,1,50000,1,2,0,0,9.58,0,kyc_dropout,0,0.61131865,Medium Risk,KYC Dropout
USR0123,47,Jaipur,0,5,4.03,4,12,7.66,16,0,25000,1,2,1,1,3.61,1,retained,0,0.01731131,Low Risk,Unclassified
USR0124,34,Surat,1,8,20.33,4,36,7.52,58,0,500000,1,0,1,0,5.4,0,retained,0,0.0702959,Low Risk,Unclassified
USR0125,53,Coimbatore,1,1,10.26,2,6,8.4,9,1,25000,1,1,1,0,5.59,1,retained,0,0.01740132,Low Risk,Unclassified
USR0126,60,Bhopal,1,8,21.89,5,36,8.27,32,1,100000,1,1,0,0,7.43,1,overwhelmed_firsttimer,1,0.89872825,High Risk,Comparison Paralysis
USR0127,53,Bhopal,0,16,9.82,1,12,7.38,36,0,200000,1,0,1,0,6.62,1,retained,0,0.09541608,Low Risk,Unclassified
USR0128,25,Jaipur,0,12,13.77,5,3,6.95,7,0,500000,0,4,1,0,14.05,0,retained,0,0.032368675,Low Risk,Unclassified
USR0129,51,Lucknow,1,13,3.2,4,36,7.61,32,0,25000,1,3,0,0,10.95,1,overwhelmed_firsttimer,1,0.9542414,High Risk,Comparison Paralysis
USR0130,58,Mumbai,0,13,10.54,4,12,7.75,6,1,500000,1,4,0,0,1.68,1,kyc_dropout,1,0.9904067,High Risk,KYC Dropout
USR0131,44,Coimbatore,1,10,6.01,5,6,8.39,33,0,50000,1,5,1,0,5.72,0,comparison_paralysis,1,0.8285149,High Risk,Comparison Paralysis
USR0132,60,Jaipur,0,7,18.55,4,3,9.24,6,1,100000,1,3,1,0,2.43,1,kyc_dropout,1,0.9730338,High Risk,KYC Dropout
USR0133,36,Nagpur,1,14,17.46,6,36,6.61,40,1,25000,1,1,1,0,4.55,1,comparison_paralysis,1,0.87132806,High Risk,Comparison Paralysis
USR0134,50,Delhi,1,16,18.31,3,12,7.23,54,1,200000,1,3,0,0,14.4,1,kyc_dropout,1,0.97865283,High Risk,KYC Dropout
USR0135,57,Coimbatore,1,15,16.2,4,3,7.08,6,1,500000,1,3,1,0,10.73,1,kyc_dropout,1,0.9417515,High Risk,KYC Dropout
USR0136,34,Jaipur,0,12,18.49,5,3,8.01,17,1,200000,1,1,0,0,0.61,1,overwhelmed_firsttimer,1,0.9636831,High Risk,Comparison Paralysis
USR0137,53,Coimbatore,1,9,5.22,5,24,7.79,42,0,500000,0,2,1,0,5.27,1,retained,0,0.28351495,Low Risk,Unclassified
USR0138,28,Mumbai,1,8,10.49,5,3,8.69,39,0,25000,0,3,0,1,6.86,1,retained,0,0.20524955,Low Risk,Unclassified
USR0139,43,Nagpur,1,13,15.53,2,12,7.23,52,1,100000,0,0,0,0,9.24,1,retained,0,0.11462255,Low Risk,Unclassified
USR0140,49,Surat,1,15,14.39,6,6,8.28,13,0,10000,1,4,0,0,7.75,1,overwhelmed_firsttimer,1,0.9260059,High Risk,Overwhelmed First-Timer
USR0141,23,Chennai,1,4,16.04,6,24,9.15,20,0,25000,0,1,1,0,1.51,1,retained,0,0.0076278844,Low Risk,Unclassified
USR0142,27,Patna,1,17,5.71,2,12,9.23,56,0,200000,0,1,0,0,7.98,1,retained,0,0.15206558,Low Risk,Unclassified
USR0143,49,Surat,1,5,3.07,6,12,9.38,45,0,10000,0,3,1,1,2.39,1,inactive_browser,1,0.8467155,High Risk,Silent Churner
USR0144,49,Patna,1,16,20.25,2,12,8.82,25,1,100000,0,2,1,1,8.03,1,kyc_dropout,1,0.9024615,High Risk,KYC Dropout
USR0145,41,Coimbatore,0,9,12.76,6,36,9.22,23,1,200000,1,2,1,0,4.07,1,kyc_dropout,1,0.97829986,High Risk,KYC Dropout
USR0146,51,Delhi,1,10,4.23,2,36,7.2,4,0,100000,0,4,0,0,2.59,0,retained,0,0.074707225,Low Risk,Unclassified
USR0147,32,Mumbai,1,17,17.66,2,6,7.09,41,1,500000,1,4,0,0,4.67,1,kyc_dropout,1,0.9932066,High Risk,KYC Dropout
USR0148,49,Patna,1,7,20.21,6,12,6.52,42,0,25000,0,2,0,0,1.94,1,retained,0,0.18172632,Low Risk,Unclassified
USR0149,46,Bhopal,1,4,4.56,2,36,8.62,31,1,100000,0,5,1,1,4.62,0,kyc_dropout,1,0.9871344,High Risk,KYC Dropout
USR0150,60,Bhopal,1,5,18.17,6,36,9.31,5,0,200000,1,2,1,0,13.07,1,retained,0,0.048108988,Low Risk,Unclassified
USR0151,54,Lucknow,0,16,20.6,2,36,7.06,6,1,25000,1,2,0,0,4.95,0,kyc_dropout,1,0.97575563,High Risk,KYC Dropout
USR0152,22,Gorakhpur,0,3,20.71,5,6,8.41,28,0,200000,1,3,1,0,7.32,1,retained,0,0.041423537,Low Risk,Unclassified
USR0153,48,Surat,1,14,20.2,1,6,8.74,33,0,200000,0,0,0,1,8.04,1,retained,0,0.06918481,Low Risk,Unclassified
USR0154,34,Surat,1,15,12.47,6,12,9.28,6,1,10000,1,4,1,0,3.09,1,kyc_dropout,1,0.95838445,High Risk,KYC Dropout
USR0155,24,Surat,0,17,8.48,2,24,8.44,57,0,50000,1,5,1,0,6.91,1,retained,0,0.10465187,Low Risk,Unclassified
USR0156,60,Gorakhpur,1,1,1.15,5,12,9.41,30,1,100000,1,5,0,0,12.87,1,kyc_dropout,1,0.9453444,High Risk,KYC Dropout
USR0157,27,Mumbai,0,17,2.28,1,36,7.53,44,0,100000,1,1,1,0,1.67,1,inactive_browser,1,0.8436805,High Risk,Silent Churner
USR0158,29,Nagpur,1,11,10.01,2,36,7.55,46,0,10000,0,2,1,0,13.88,1,retained,0,0.04900757,Low Risk,Unclassified
USR0159,48,Surat,1,17,9.39,1,3,8.13,39,0,500000,1,2,1,0,13.13,1,retained,0,0.081923015,Low Risk,Unclassified
USR0160,30,Coimbatore,1,14,4.88,6,12,7.65,29,0,100000,1,0,1,0,12.91,1,comparison_paralysis,1,0.85787314,High Risk,Comparison Paralysis
USR0161,58,Mumbai,1,7,9.31,1,36,6.5,61,0,10000,1,2,1,0,3.38,1,retained,0,0.030255804,Low Risk,Unclassified
USR0162,54,Patna,1,13,4.67,3,36,8.7,16,1,100000,0,4,0,0,7.52,0,kyc_dropout,1,0.9402011,High Risk,KYC Dropout
USR0163,45,Gorakhpur,1,14,18.82,4,24,8.76,4,0,100000,1,5,1,0,9.43,1,retained,0,0.037104473,Low Risk,Unclassified
USR0164,36,Nagpur,1,1,7.26,3,3,8.74,0,1,200000,0,2,1,1,1.95,1,kyc_dropout,1,0.9835337,High Risk,KYC Dropout
USR0165,53,Chennai,1,7,13.57,6,12,7.54,30,0,10000,1,0,1,0,8.57,1,retained,0,0.032483887,Low Risk,Unclassified
USR0166,53,Bhopal,1,8,11.56,6,6,8.07,34,1,500000,1,3,1,0,12.68,0,kyc_dropout,1,0.94952685,High Risk,KYC Dropout
USR0167,45,Mumbai,1,9,2.09,1,12,7.58,29,0,100000,1,4,0,0,14.08,0,overwhelmed_firsttimer,1,0.7449211,High Risk,Overwhelmed First-Timer
USR0168,33,Bhopal,1,1,20.79,5,12,6.55,14,0,500000,0,3,1,0,4.54,0,retained,0,0.060367987,Low Risk,Unclassified
USR0169,60,Lucknow,1,17,12.07,2,24,8.19,55,1,50000,1,1,1,0,4.69,1,retained,0,0.121485814,Low Risk,Unclassified
USR0170,23,Patna,1,6,7.83,4,12,6.87,59,0,10000,0,0,1,0,4.43,1,retained,0,0.012393347,Low Risk,Unclassified
USR0171,24,Bhopal,1,3,4.32,2,24,6.74,26,0,10000,1,1,1,1,2.73,1,retained,0,0.029136915,Low Risk,Unclassified
USR0172,58,Jaipur,1,5,8.11,5,24,8.77,1,0,10000,0,1,1,1,6.75,1,retained,0,0.022117646,Low Risk,Unclassified
USR0173,38,Pune,1,2,1.43,6,36,6.53,63,0,200000,1,5,0,0,11.87,1,inactive_browser,1,0.9053226,High Risk,Silent Churner
USR0174,23,Bhopal,1,4,8.63,4,6,9.38,4,0,10000,1,1,0,0,10.83,1,retained,0,0.033166457,Low Risk,Unclassified
USR0175,23,Lucknow,0,10,12.16,3,24,8.05,12,0,200000,1,1,1,0,13.55,1,retained,0,0.076906785,Low Risk,Unclassified
USR0176,49,Surat,0,10,19.31,6,3,9.45,22,0,50000,1,0,1,0,5.66,0,comparison_paralysis,1,0.93378013,High Risk,Comparison Paralysis
USR0177,44,Bhopal,1,11,15.43,6,3,6.67,49,1,25000,0,3,1,0,8.8,1,kyc_dropout,1,0.96242017,High Risk,KYC Dropout
USR0178,58,Nagpur,1,16,3.34,1,6,8.25,36,1,200000,1,2,1,0,11.61,0,kyc_dropout,1,0.94555295,High Risk,KYC Dropout
USR0179,53,Nagpur,1,17,4.1,5,24,7.55,29,0,100000,0,1,1,0,13.52,1,comparison_paralysis,1,0.94996595,High Risk,Comparison Paralysis
USR0180,54,Pune,1,16,9.99,1,6,9.03,22,0,10000,1,5,0,0,13.14,1,overwhelmed_firsttimer,1,0.9421514,High Risk,Overwhelmed First-Timer
USR0181,22,Delhi,0,7,5.11,1,36,7.58,33,1,25000,0,2,1,0,7.25,1,kyc_dropout,1,0.88913196,High Risk,KYC Dropout
USR0182,40,Jaipur,1,16,1.58,2,3,7.28,63,1,200000,1,5,0,1,13.65,1,kyc_dropout,1,0.9904287,High Risk,KYC Dropout
USR0183,23,Bhopal,1,3,17.91,6,12,9.07,54,1,500000,1,2,1,0,6.94,1,kyc_dropout,1,0.9297574,High Risk,KYC Dropout
USR0184,47,Gorakhpur,1,16,1.41,5,3,7.62,8,1,500000,1,1,1,1,13.59,1,retained,0,0.11169249,Low Risk,Unclassified
USR0185,53,Pune,1,8,18.44,1,24,6.55,3,0,100000,1,4,0,0,11.77,1,overwhelmed_firsttimer,1,0.95608115,High Risk,Overwhelmed First-Timer
USR0186,27,Bengaluru,1,12,4.03,3,6,7.67,32,1,25000,1,2,0,0,3.71,1,kyc_dropout,1,0.9725289,High Risk,KYC Dropout
USR0187,53,Surat,1,3,21.47,4,3,8.46,31,1,50000,1,4,0,0,13.98,1,kyc_dropout,1,0.9185689,High Risk,KYC Dropout
USR0188,25,Jaipur,0,17,13.68,5,12,7.26,43,0,200000,0,3,0,1,4.02,1,comparison_paralysis,1,0.8611053,High Risk,Comparison Paralysis
USR0189,32,Patna,1,11,16.43,2,12,7.8,36,0,500000,1,2,0,0,13.67,1,overwhelmed_firsttimer,1,0.92362803,High Risk,Overwhelmed First-Timer
USR0190,38,Patna,1,4,3.32,5,6,6.67,59,0,500000,1,0,1,0,9.42,1,inactive_browser,1,0.75647014,High Risk,Silent Churner
USR0191,59,Patna,1,16,19.1,6,6,8.26,58,1,200000,1,5,1,1,10.18,1,kyc_dropout,1,0.9933628,High Risk,KYC Dropout
USR0192,45,Patna,1,17,18.62,2,3,8.77,35,0,500000,0,3,0,0,2.09,1,retained,0,0.45311287,Medium Risk,Unclassified
USR0193,26,Gorakhpur,1,9,14.71,4,24,7.74,48,0,50000,0,3,1,1,1.45,1,retained,0,0.022239039,Low Risk,Unclassified
USR0194,55,Bengaluru,1,6,11.55,3,36,7.76,50,0,500000,1,4,1,1,14.54,1,retained,0,0.034894496,Low Risk,Unclassified
USR0195,27,Bhopal,1,2,16.15,1,12,6.76,7,0,200000,0,1,0,0,5.39,1,retained,0,0.022366889,Low Risk,Unclassified
USR0196,43,Coimbatore,1,9,1.12,5,6,7.11,49,0,10000,0,5,1,1,12.74,0,inactive_browser,1,0.91791314,High Risk,Comparison Paralysis
USR0197,32,Bengaluru,1,6,13.44,2,36,6.96,40,1,500000,1,0,0,0,10.71,1,retained,0,0.07029417,Low Risk,Unclassified
USR0198,37,Chennai,1,3,18.8,4,36,7.95,37,0,200000,1,0,0,1,9.26,1,retained,0,0.031572975,Low Risk,Unclassified
USR0199,54,Bengaluru,1,6,8.49,1,36,8.09,54,1,10000,1,4,1,0,10.44,0,kyc_dropout,1,0.9316865,High Risk,KYC Dropout
USR0200,30,Nagpur,1,7,3.27,4,24,9.35,17,1,500000,0,4,0,0,1.8,1,kyc_dropout,1,0.963039,High Risk,KYC Dropout
USR0201,27,Coimbatore,1,1,9.84,3,6,6.72,64,1,500000,0,3,0,1,6.48,1,kyc_dropout,1,0.93792397,High Risk,KYC Dropout
USR0202,37,Nagpur,0,1,16.27,1,12,8.3,63,1,200000,0,4,0,0,9.3,0,kyc_dropout,1,0.95781815,High Risk,KYC Dropout
USR0203,50,Nagpur,1,5,3.25,1,6,8.08,11,0,100000,1,1,1,0,13.08,1,retained,0,0.031179639,Low Risk,Unclassified
USR0204,24,Gorakhpur,1,6,5.33,1,3,8.05,40,0,100000,1,3,0,0,10.86,0,retained,1,0.47800592,Medium Risk,Unclassified
USR0205,41,Lucknow,1,13,4.1,2,12,9.12,41,0,25000,1,3,1,0,4.17,1,retained,0,0.13147363,Low Risk,Unclassified
USR0206,57,Gorakhpur,1,2,17.74,1,6,7.12,59,1,100000,1,3,1,1,14.78,1,kyc_dropout,1,0.85797584,High Risk,KYC Dropout
USR0207,40,Coimbatore,1,15,2.32,4,12,6.62,49,0,50000,1,0,0,0,9.82,0,overwhelmed_firsttimer,0,0.70281667,High Risk,Comparison Paralysis
USR0208,47,Jaipur,0,15,15.42,2,3,8.52,35,0,25000,1,5,0,1,7.77,1,overwhelmed_firsttimer,1,0.93793106,High Risk,Overwhelmed First-Timer
USR0209,24,Coimbatore,0,13,8.7,1,12,7.54,47,1,100000,1,5,0,0,11.83,1,kyc_dropout,1,0.9909713,High Risk,KYC Dropout
USR0210,40,Bhopal,0,14,16.87,4,36,6.55,7,1,10000,1,0,0,1,9.24,1,overwhelmed_firsttimer,1,0.8695845,High Risk,Overwhelmed First-Timer
USR0211,41,Bengaluru,1,7,21.25,4,24,7.25,24,1,200000,1,3,0,1,10.79,1,kyc_dropout,1,0.96495295,High Risk,KYC Dropout
USR0212,53,Coimbatore,1,14,3.41,5,3,7.43,6,1,100000,1,1,0,0,9.45,0,overwhelmed_firsttimer,1,0.80315876,High Risk,Overwhelmed First-Timer
USR0213,28,Chennai,1,10,7.6,4,12,8.35,7,0,10000,1,2,0,1,3.09,1,overwhelmed_firsttimer,1,0.9034493,High Risk,Overwhelmed First-Timer
USR0214,54,Lucknow,1,17,18.01,6,3,7.02,30,0,25000,1,3,0,0,8.38,1,comparison_paralysis,1,0.985905,High Risk,Comparison Paralysis
USR0215,61,Jaipur,1,14,6.59,3,36,7.74,11,0,200000,0,4,1,1,4.6,1,retained,0,0.03424964,Low Risk,Unclassified
USR0216,60,Gorakhpur,1,8,5.52,1,24,7.95,56,1,100000,0,5,0,0,8.77,0,kyc_dropout,1,0.9647982,High Risk,KYC Dropout
USR0217,39,Delhi,0,4,18.33,1,3,7.88,11,0,25000,1,2,1,0,2.32,1,retained,0,0.10436529,Low Risk,Unclassified
USR0218,61,Delhi,1,16,21.73,1,36,9.42,26,0,100000,1,0,0,0,3.86,1,overwhelmed_firsttimer,1,0.97247756,High Risk,Overwhelmed First-Timer
USR0219,22,Patna,1,13,12.69,4,36,6.64,45,1,25000,1,0,1,0,12.23,1,retained,0,0.12137971,Low Risk,Unclassified
USR0220,32,Gorakhpur,1,14,6.84,4,36,9.35,6,0,100000,1,2,1,0,6.38,0,retained,0,0.06369989,Low Risk,Unclassified
USR0221,49,Bhopal,0,5,9.37,1,12,8.25,60,1,10000,0,5,0,0,10.27,1,kyc_dropout,1,0.93900704,High Risk,KYC Dropout
USR0222,46,Coimbatore,1,9,4.57,6,6,8.89,57,1,50000,1,5,1,0,7.72,0,kyc_dropout,1,0.9484765,High Risk,KYC Dropout
USR0223,44,Coimbatore,0,3,17.0,2,3,7.79,57,1,10000,1,4,1,0,5.44,1,kyc_dropout,1,0.92320174,High Risk,KYC Dropout
USR0224,52,Nagpur,1,8,17.24,2,6,7.86,12,0,200000,1,0,1,0,7.68,1,retained,0,0.019828271,Low Risk,Unclassified
USR0225,51,Bhopal,1,10,19.38,3,36,9.14,52,0,100000,1,0,1,0,12.3,0,retained,1,0.44000614,Medium Risk,Unclassified
USR0226,56,Bhopal,1,3,1.56,5,6,9.19,64,1,50000,1,3,0,0,4.58,0,kyc_dropout,1,0.9806277,High Risk,KYC Dropout
USR0227,28,Lucknow,0,11,12.8,3,36,7.22,48,1,50000,1,1,1,0,6.61,1,retained,0,0.103791215,Low Risk,Unclassified
USR0228,37,Bengaluru,0,11,5.5,1,36,7.1,34,0,200000,1,4,1,1,3.44,0,retained,0,0.09814248,Low Risk,Unclassified
USR0229,47,Lucknow,0,17,8.16,1,24,7.99,16,0,200000,0,3,0,0,5.59,1,retained,0,0.10377539,Low Risk,Unclassified
USR0230,23,Patna,1,16,17.48,1,24,9.2,9,0,50000,0,1,1,0,13.33,1,retained,0,0.014344309,Low Risk,Unclassified
USR0231,22,Gorakhpur,1,7,5.03,5,6,7.47,33,1,200000,1,0,1,0,11.89,1,retained,0,0.06989621,Low Risk,Unclassified
USR0232,33,Delhi,0,4,14.41,4,3,8.46,3,0,200000,0,1,0,0,5.92,0,retained,0,0.03633293,Low Risk,Unclassified
USR0233,26,Coimbatore,1,12,14.75,5,6,8.62,28,0,100000,0,0,1,1,2.42,1,comparison_paralysis,1,0.8187231,High Risk,Comparison Paralysis
USR0234,58,Delhi,0,15,21.04,3,3,8.84,45,1,10000,1,5,0,0,6.59,1,kyc_dropout,1,0.98599523,High Risk,KYC Dropout
USR0235,53,Bengaluru,1,11,17.28,4,6,8.19,45,0,500000,1,3,1,0,11.69,0,retained,0,0.08983306,Low Risk,Unclassified
USR0236,30,Mumbai,1,5,17.88,4,12,7.71,58,1,25000,1,0,0,0,1.14,0,retained,0,0.049714856,Low Risk,Unclassified
USR0237,56,Surat,1,5,12.16,3,12,9.4,60,0,50000,1,1,1,0,11.31,1,retained,0,0.009905876,Low Risk,Unclassified
USR0238,40,Patna,1,15,4.92,4,3,8.33,33,0,25000,1,3,1,0,10.36,1,retained,0,0.07957437,Low Risk,Unclassified
USR0239,37,Jaipur,1,11,9.94,2,24,8.69,4,0,50000,0,1,1,0,1.44,1,retained,0,0.024875972,Low Risk,Unclassified
USR0240,24,Mumbai,1,12,12.54,3,3,7.53,8,0,50000,1,1,1,0,9.72,0,retained,0,0.057190616,Low Risk,Unclassified
USR0241,41,Chennai,1,2,15.25,3,6,8.51,19,0,10000,0,2,0,0,4.83,0,retained,0,0.011619663,Low Risk,Unclassified
USR0242,45,Jaipur,1,15,13.76,2,36,7.27,20,0,50000,1,0,0,0,3.07,1,overwhelmed_firsttimer,1,0.88421667,High Risk,Overwhelmed First-Timer
USR0243,54,Bengaluru,0,4,9.27,5,12,7.24,16,0,50000,0,0,1,0,6.08,1,retained,0,0.023484398,Low Risk,Unclassified
USR0244,45,Gorakhpur,1,6,6.57,5,36,8.64,11,1,10000,0,1,1,0,3.48,1,retained,0,0.022870917,Low Risk,Unclassified
USR0245,32,Bengaluru,1,11,4.53,5,12,8.06,4,0,200000,0,5,1,0,12.46,1,retained,0,0.03542496,Low Risk,Unclassified
USR0246,29,Chennai,1,2,15.57,4,6,8.55,59,1,500000,1,0,1,0,11.26,1,retained,0,0.014243346,Low Risk,Unclassified
USR0247,57,Pune,1,8,14.55,2,12,7.31,52,0,25000,1,4,1,1,14.72,0,retained,0,0.052435983,Low Risk,Unclassified
USR0248,59,Mumbai,1,11,15.43,3,3,8.3,51,0,50000,1,5,0,0,8.24,1,overwhelmed_firsttimer,1,0.94250304,High Risk,Overwhelmed First-Timer
USR0249,61,Surat,1,5,8.82,3,36,7.83,47,0,10000,1,5,1,1,1.79,1,retained,0,0.04560624,Low Risk,Unclassified
USR0250,41,Bhopal,1,14,6.51,3,36,8.29,18,0,50000,1,5,1,0,5.83,1,retained,0,0.04035852,Low Risk,Unclassified
USR0251,56,Delhi,0,10,16.95,4,6,7.37,16,0,10000,1,0,1,0,12.66,1,retained,0,0.027186044,Low Risk,Unclassified
USR0252,46,Gorakhpur,1,3,17.25,4,36,8.65,53,0,25000,1,5,1,0,6.25,1,retained,0,0.021097023,Low Risk,Unclassified
USR0253,56,Nagpur,1,9,10.57,6,6,8.92,34,0,100000,1,5,0,0,7.11,1,overwhelmed_firsttimer,1,0.89050066,High Risk,Comparison Paralysis
USR0254,46,Pune,1,3,13.85,5,24,7.28,40,1,200000,1,3,1,0,6.47,0,kyc_dropout,1,0.9712743,High Risk,KYC Dropout
USR0255,50,Lucknow,1,11,8.84,6,3,7.4,12,0,100000,1,0,0,0,3.91,1,overwhelmed_firsttimer,1,0.92832714,High Risk,Overwhelmed First-Timer
USR0256,39,Coimbatore,1,12,15.74,6,12,8.48,32,0,10000,0,5,1,0,1.56,1,comparison_paralysis,1,0.6417004,Medium Risk,Comparison Paralysis
USR0257,39,Pune,1,12,18.55,4,12,8.59,14,0,50000,0,4,1,1,3.12,1,retained,0,0.020799367,Low Risk,Unclassified
USR0258,23,Pune,1,3,15.45,5,12,8.61,62,1,200000,0,5,0,1,5.78,1,kyc_dropout,1,0.96311486,High Risk,KYC Dropout
USR0259,56,Coimbatore,1,7,11.76,5,24,8.55,14,0,25000,1,1,1,0,4.06,1,retained,0,0.0088527715,Low Risk,Unclassified
USR0260,37,Nagpur,1,14,10.63,3,3,7.68,30,1,500000,1,0,1,0,8.8,0,retained,1,0.10329351,Low Risk,Unclassified
USR0261,57,Coimbatore,0,11,14.49,4,36,7.68,27,0,200000,1,3,1,0,9.4,0,retained,0,0.08765221,Low Risk,Unclassified
USR0262,54,Mumbai,1,7,15.28,5,36,7.26,9,1,50000,1,4,0,1,8.77,1,kyc_dropout,1,0.9541855,High Risk,KYC Dropout
USR0263,25,Bhopal,1,10,12.73,6,3,6.97,56,0,100000,1,2,1,0,1.73,1,comparison_paralysis,1,0.82009506,High Risk,Comparison Paralysis
USR0264,54,Bengaluru,1,11,14.12,2,3,8.58,32,1,10000,1,1,1,0,10.17,1,retained,0,0.083155386,Low Risk,Unclassified
USR0265,35,Bengaluru,0,15,3.03,2,12,6.78,6,0,100000,0,1,1,0,6.08,1,retained,0,0.0991085,Low Risk,Unclassified
USR0266,42,Pune,0,16,20.99,4,36,9.31,4,0,200000,1,1,1,0,13.23,1,retained,0,0.12025208,Low Risk,Unclassified
USR0267,41,Bengaluru,1,12,17.61,3,3,8.98,56,0,500000,1,4,1,1,8.12,0,retained,0,0.142687,Low Risk,Unclassified
USR0268,29,Jaipur,0,13,8.85,3,36,9.07,39,0,50000,1,0,1,0,1.73,0,retained,0,0.06536577,Low Risk,Unclassified
USR0269,28,Gorakhpur,1,5,12.82,5,3,9.22,27,1,10000,1,0,0,0,0.63,1,retained,0,0.04447513,Low Risk,Unclassified
USR0270,24,Lucknow,1,4,1.99,4,6,7.73,35,0,50000,1,5,1,0,10.69,0,retained,0,0.0513864,Low Risk,Unclassified
USR0271,38,Jaipur,1,14,1.87,2,12,9.04,55,0,50000,0,5,1,0,6.31,0,inactive_browser,1,0.87287045,High Risk,Silent Churner
USR0272,54,Bhopal,1,8,6.27,6,3,6.97,46,0,500000,1,0,1,1,4.68,0,retained,0,0.17547962,Low Risk,Unclassified
USR0273,33,Coimbatore,1,9,15.48,5,24,6.56,39,0,200000,1,5,0,1,6.98,1,overwhelmed_firsttimer,1,0.90480846,High Risk,Comparison Paralysis
USR0274,43,Gorakhpur,0,3,18.9,6,3,8.85,58,0,100000,1,0,0,0,1.55,1,retained,0,0.12007293,Low Risk,Unclassified
USR0275,43,Delhi,0,5,12.74,5,6,6.72,42,0,50000,0,1,0,0,6.18,1,retained,0,0.07799775,Low Risk,Unclassified
USR0276,51,Gorakhpur,1,1,12.17,1,24,9.47,8,0,50000,0,2,1,0,5.06,1,retained,0,0.027272929,Low Risk,Unclassified
USR0277,59,Patna,1,8,9.45,6,24,8.52,5,0,50000,1,1,0,0,12.1,0,overwhelmed_firsttimer,1,0.90359527,High Risk,Overwhelmed First-Timer
USR0278,59,Nagpur,1,17,4.39,4,3,8.76,64,0,10000,1,5,0,0,3.04,1,overwhelmed_firsttimer,1,0.9454196,High Risk,Comparison Paralysis
USR0279,29,Lucknow,1,17,3.49,6,6,7.24,2,0,50000,0,2,1,0,11.47,1,retained,0,0.04630984,Low Risk,Unclassified
USR0280,48,Lucknow,0,11,16.97,6,24,8.52,36,0,50000,1,2,0,0,7.76,1,comparison_paralysis,1,0.9759995,High Risk,Comparison Paralysis
USR0281,48,Gorakhpur,0,2,20.48,5,12,6.63,32,0,200000,1,0,1,0,1.69,1,retained,1,0.6109405,Medium Risk,Unclassified
USR0282,55,Coimbatore,1,6,10.62,2,12,9.01,8,0,50000,0,3,1,0,14.56,1,retained,0,0.0133006135,Low Risk,Unclassified
USR0283,42,Delhi,0,14,14.85,1,36,7.01,52,1,500000,1,4,1,0,11.15,0,kyc_dropout,1,0.9608881,High Risk,KYC Dropout
USR0284,51,Delhi,1,3,20.2,6,36,8.59,50,1,500000,1,3,0,0,4.27,1,kyc_dropout,1,0.9678218,High Risk,KYC Dropout
USR0285,54,Lucknow,1,12,2.89,2,6,7.17,25,1,50000,1,2,0,0,8.94,1,kyc_dropout,1,0.9583178,High Risk,KYC Dropout
USR0286,49,Bengaluru,1,4,17.18,3,24,6.71,15,0,500000,0,3,0,0,13.55,0,retained,0,0.013614777,Low Risk,Unclassified
USR0287,54,Nagpur,1,12,13.95,1,12,7.94,39,1,200000,0,5,1,0,14.0,0,kyc_dropout,1,0.9559859,High Risk,KYC Dropout
USR0288,26,Nagpur,1,13,13.57,1,12,7.01,50,0,10000,0,2,0,1,11.1,1,retained,0,0.14983122,Low Risk,Unclassified
USR0289,40,Lucknow,1,2,7.14,5,6,8.69,38,0,500000,0,1,0,1,11.05,0,retained,0,0.06150345,Low Risk,Unclassified
USR0290,25,Nagpur,1,2,15.36,6,24,7.21,54,0,500000,1,5,1,1,4.52,1,retained,0,0.05898048,Low Risk,Unclassified
USR0291,56,Bengaluru,1,15,17.69,3,6,7.53,35,1,100000,0,1,0,0,14.85,0,retained,0,0.20163019,Low Risk,Unclassified
USR0292,38,Bengaluru,1,17,3.37,5,3,8.2,64,1,200000,1,5,1,0,4.03,1,kyc_dropout,1,0.99681526,High Risk,KYC Dropout
USR0293,49,Nagpur,1,7,12.2,4,12,7.35,44,0,500000,1,0,1,0,1.8,0,retained,0,0.054400165,Low Risk,Unclassified
USR0294,51,Pune,0,14,3.13,2,6,7.63,8,0,10000,1,5,0,0,14.67,1,overwhelmed_firsttimer,1,0.9399442,High Risk,Overwhelmed First-Timer
USR0295,50,Nagpur,1,12,19.32,2,6,8.95,36,1,100000,1,4,1,0,2.72,1,kyc_dropout,1,0.9751008,High Risk,KYC Dropout
USR0296,27,Bhopal,0,17,11.66,5,3,7.04,0,1,50000,0,1,1,1,8.06,0,retained,0,0.17074245,Low Risk,Unclassified
USR0297,56,Coimbatore,1,14,17.97,2,36,6.75,62,1,200000,0,5,0,0,7.29,1,kyc_dropout,1,0.94591117,High Risk,KYC Dropout
USR0298,58,Jaipur,1,6,8.73,6,12,7.49,42,0,500000,1,4,0,0,12.8,0,retained,0,0.08273863,Low Risk,Unclassified
USR0299,45,Nagpur,1,6,3.63,2,6,7.77,27,0,50000,0,0,1,1,6.25,1,retained,0,0.030894613,Low Risk,Unclassified
USR0300,50,Jaipur,1,5,1.87,6,12,8.13,30,0,200000,1,5,0,0,7.78,1,retained,0,0.18402661,Low Risk,Unclassified
USR0301,52,Nagpur,0,6,6.91,4,36,7.62,7,1,100000,1,4,1,0,1.13,0,kyc_dropout,1,0.9182371,High Risk,KYC Dropout
USR0302,56,Mumbai,1,2,6.13,3,6,8.87,33,1,500000,1,5,1,1,3.51,1,kyc_dropout,1,0.9840185,High Risk,KYC Dropout
USR0303,54,Patna,1,8,12.77,1,3,6.62,48,0,10000,1,1,0,0,12.58,0,overwhelmed_firsttimer,1,0.86025995,High Risk,Overwhelmed First-Timer
USR0304,42,Patna,0,15,1.46,5,12,7.8,57,0,200000,1,1,1,0,7.44,1,comparison_paralysis,1,0.9926565,High Risk,Comparison Paralysis
USR0305,53,Coimbatore,1,15,11.93,5,3,7.65,46,1,10000,1,3,0,0,3.85,1,kyc_dropout,1,0.99386096,High Risk,KYC Dropout
USR0306,44,Jaipur,1,11,9.23,6,36,8.44,24,1,50000,0,3,0,0,5.85,1,kyc_dropout,1,0.98319227,High Risk,KYC Dropout
USR0307,54,Bengaluru,1,1,13.12,4,36,9.4,2,1,50000,1,5,1,0,4.63,1,kyc_dropout,1,0.9676789,High Risk,KYC Dropout
USR0308,24,Jaipur,1,12,15.75,4,12,8.03,44,0,100000,0,3,0,0,8.57,1,retained,0,0.15524244,Low Risk,Unclassified
USR0309,39,Bhopal,1,12,14.32,1,36,9.46,51,1,100000,1,5,1,0,1.25,1,kyc_dropout,1,0.87294096,High Risk,KYC Dropout
USR0310,46,Jaipur,0,11,21.68,3,24,7.41,33,1,25000,1,5,1,0,3.76,1,kyc_dropout,1,0.9713244,High Risk,KYC Dropout
USR0311,52,Bhopal,0,8,3.9,5,12,6.59,7,0,25000,0,4,0,1,5.65,1,retained,0,0.23731804,Low Risk,Unclassified
USR0312,24,Patna,1,7,10.02,6,24,7.0,26,1,100000,0,1,0,0,13.96,1,retained,0,0.03594501,Low Risk,Unclassified
USR0313,61,Coimbatore,1,2,9.92,4,36,7.69,62,0,500000,1,0,0,1,9.54,1,retained,0,0.024742909,Low Risk,Unclassified
USR0314,45,Nagpur,1,11,9.76,5,12,7.45,24,1,50000,1,2,1,0,7.81,1,kyc_dropout,1,0.9840258,High Risk,KYC Dropout
USR0315,53,Patna,1,10,14.94,6,24,6.79,57,1,10000,1,1,0,1,3.27,0,comparison_paralysis,1,0.93822074,High Risk,Comparison Paralysis
USR0316,43,Nagpur,1,3,11.29,2,36,7.8,47,0,100000,1,3,0,0,8.59,0,retained,0,0.054914124,Low Risk,Unclassified
USR0317,44,Nagpur,1,10,11.87,5,6,7.51,0,0,500000,1,5,1,0,13.97,1,retained,0,0.07182415,Low Risk,Unclassified
USR0318,23,Gorakhpur,0,14,10.08,3,6,6.87,7,0,10000,0,3,1,1,8.71,1,retained,0,0.033043537,Low Risk,Unclassified
USR0319,48,Chennai,0,8,21.83,6,3,7.39,20,1,25000,1,4,0,1,2.89,0,kyc_dropout,1,0.9788578,High Risk,KYC Dropout
USR0320,23,Chennai,1,10,20.48,3,6,9.16,28,1,10000,1,3,1,1,14.96,1,kyc_dropout,1,0.94447595,High Risk,KYC Dropout
USR0321,47,Surat,1,13,7.46,5,24,7.41,29,0,100000,0,4,0,0,7.73,1,comparison_paralysis,1,0.8509309,High Risk,Comparison Paralysis
USR0322,38,Bengaluru,1,8,3.34,2,6,8.64,2,1,50000,1,0,1,0,5.13,1,retained,0,0.028673358,Low Risk,Unclassified
USR0323,61,Coimbatore,1,4,18.64,3,12,8.34,6,0,100000,1,5,0,0,7.8,1,retained,0,0.0869621,Low Risk,Unclassified
USR0324,54,Surat,1,4,21.94,4,12,7.78,10,0,200000,1,3,1,0,4.32,1,retained,0,0.018758507,Low Risk,Unclassified
USR0325,30,Surat,1,5,7.14,6,12,7.22,31,0,500000,1,4,0,0,0.94,0,retained,0,0.02844726,Low Risk,Unclassified
USR0326,60,Gorakhpur,1,1,8.51,5,6,7.61,58,1,500000,1,3,0,0,13.4,1,kyc_dropout,0,0.68488806,Medium Risk,KYC Dropout
USR0327,50,Lucknow,1,17,20.77,2,6,8.28,11,0,500000,0,4,0,1,6.72,1,retained,0,0.05193441,Low Risk,Unclassified
USR0328,47,Pune,0,2,15.93,4,3,7.55,37,1,200000,1,5,1,1,11.42,1,kyc_dropout,1,0.9724148,High Risk,KYC Dropout
USR0329,56,Lucknow,0,8,7.21,5,36,7.14,23,0,200000,0,5,0,1,14.58,1,retained,0,0.32116294,Low Risk,Unclassified
USR0330,46,Surat,1,7,13.2,2,3,6.85,64,1,50000,1,1,0,0,9.67,0,retained,0,0.033301637,Low Risk,Unclassified
USR0331,45,Coimbatore,0,15,20.83,4,24,9.14,17,0,500000,0,4,1,0,10.53,1,retained,0,0.02287376,Low Risk,Unclassified
USR0332,34,Surat,1,5,18.05,3,12,7.82,45,1,100000,1,2,0,0,14.18,0,kyc_dropout,1,0.95062006,High Risk,KYC Dropout
USR0333,28,Jaipur,1,2,16.58,5,6,8.38,55,0,200000,0,0,1,0,7.99,1,retained,0,0.022364084,Low Risk,Unclassified
USR0334,57,Gorakhpur,1,7,16.48,5,36,7.97,62,1,100000,0,1,1,0,5.14,0,retained,0,0.041640483,Low Risk,Unclassified
USR0335,41,Chennai,1,8,4.74,3,36,9.12,6,1,25000,1,0,0,0,13.86,0,overwhelmed_firsttimer,1,0.7415321,High Risk,Overwhelmed First-Timer
USR0336,22,Coimbatore,1,7,18.32,1,6,8.14,39,1,500000,0,1,1,1,1.5,1,retained,0,0.05452815,Low Risk,Unclassified
USR0337,29,Coimbatore,0,7,6.8,4,3,7.94,53,1,200000,0,3,0,1,3.61,1,kyc_dropout,1,0.9817472,High Risk,KYC Dropout
USR0338,37,Pune,1,14,20.54,3,36,9.27,30,1,200000,1,4,1,1,5.45,1,kyc_dropout,1,0.98496324,High Risk,KYC Dropout
USR0339,35,Bengaluru,0,6,8.66,5,3,8.66,51,0,50000,0,3,1,0,11.84,1,retained,0,0.04782708,Low Risk,Unclassified
USR0340,33,Nagpur,1,4,19.01,4,6,6.83,30,1,100000,0,0,1,0,13.61,1,retained,0,0.023221392,Low Risk,Unclassified
USR0341,44,Bengaluru,1,10,6.59,4,3,7.03,33,1,50000,0,5,0,1,7.05,1,kyc_dropout,1,0.95659226,High Risk,KYC Dropout
USR0342,36,Lucknow,1,12,11.81,1,12,8.86,6,0,50000,0,0,0,0,4.65,1,retained,0,0.059261765,Low Risk,Unclassified
USR0343,49,Delhi,1,16,3.24,5,6,9.01,15,1,100000,1,1,1,1,5.62,1,retained,0,0.18555348,Low Risk,Unclassified
USR0344,55,Nagpur,1,7,14.86,2,6,8.14,21,1,25000,1,0,1,1,10.02,1,retained,0,0.011392935,Low Risk,Unclassified
USR0345,23,Nagpur,1,6,18.56,1,36,8.16,52,1,100000,1,4,0,0,2.79,0,kyc_dropout,1,0.9820415,High Risk,KYC Dropout
USR0346,53,Pune,1,5,16.09,1,36,8.4,16,1,25000,0,0,0,1,8.44,1,retained,0,0.016077638,Low Risk,Unclassified
USR0347,44,Lucknow,0,3,11.99,2,36,7.82,3,0,50000,1,3,1,0,9.03,1,retained,0,0.041289456,Low Risk,Unclassified
USR0348,43,Lucknow,1,12,1.95,2,12,8.54,60,0,25000,1,5,1,0,10.76,0,inactive_browser,1,0.8093327,High Risk,Silent Churner
USR0349,46,Lucknow,1,15,20.6,1,12,6.83,51,0,500000,1,4,1,0,9.26,1,retained,0,0.08278087,Low Risk,Unclassified
USR0350,43,Mumbai,1,10,15.82,4,24,9.38,34,0,25000,0,0,1,0,1.91,1,retained,0,0.041272845,Low Risk,Unclassified
USR0351,43,Patna,1,16,16.66,3,6,8.75,43,1,25000,0,2,0,0,10.49,1,kyc_dropout,1,0.92722833,High Risk,KYC Dropout
USR0352,27,Delhi,1,11,17.69,3,36,8.39,14,0,200000,0,2,1,0,0.82,0,retained,0,0.012192582,Low Risk,Unclassified
USR0353,36,Patna,1,8,16.7,1,6,7.45,60,0,200000,0,5,1,0,6.16,1,retained,0,0.052725084,Low Risk,Unclassified
USR0354,58,Chennai,1,3,10.26,4,3,6.98,43,1,50000,0,3,0,1,6.55,1,kyc_dropout,1,0.9251178,High Risk,KYC Dropout
USR0355,54,Nagpur,0,7,16.41,2,12,7.73,20,1,100000,1,1,1,0,2.19,0,retained,0,0.0589986,Low Risk,Unclassified
USR0356,29,Patna,1,7,14.13,6,24,8.48,46,0,25000,1,1,1,0,0.64,1,retained,0,0.017363692,Low Risk,Unclassified
USR0357,26,Jaipur,1,14,18.93,1,3,8.4,48,0,500000,1,5,1,0,1.53,0,retained,0,0.10346658,Low Risk,Unclassified
USR0358,60,Lucknow,1,2,17.85,5,6,7.65,52,0,200000,1,0,0,1,6.97,1,retained,0,0.04094797,Low Risk,Unclassified
USR0359,25,Lucknow,0,10,1.87,4,12,8.34,26,0,100000,1,4,1,0,3.99,1,retained,0,0.15152805,Low Risk,Unclassified
USR0360,27,Gorakhpur,1,9,8.96,5,36,8.94,30,1,500000,1,5,0,1,1.5,1,kyc_dropout,1,0.9586549,High Risk,KYC Dropout
USR0361,53,Coimbatore,0,16,1.73,5,3,6.58,43,1,25000,0,1,1,0,4.22,0,comparison_paralysis,1,0.98132986,High Risk,Comparison Paralysis
USR0362,51,Coimbatore,1,9,3.14,1,12,7.85,31,0,100000,1,2,0,0,8.17,1,overwhelmed_firsttimer,1,0.8962885,High Risk,Overwhelmed First-Timer
USR0363,56,Patna,1,16,13.63,4,6,8.78,29,1,500000,1,1,1,0,11.26,1,retained,0,0.16525766,Low Risk,Unclassified
USR0364,61,Nagpur,1,13,19.35,5,6,8.14,17,0,10000,1,2,0,0,6.47,1,overwhelmed_firsttimer,1,0.9264554,High Risk,Comparison Paralysis
USR0365,37,Gorakhpur,0,10,3.52,4,3,8.45,62,1,500000,1,1,1,0,9.39,0,inactive_browser,1,0.871844,High Risk,Comparison Paralysis
USR0366,34,Lucknow,1,14,10.47,3,3,8.05,15,0,500000,0,3,1,0,9.15,1,retained,0,0.04131026,Low Risk,Unclassified
USR0367,51,Bengaluru,0,12,20.13,6,3,9.48,34,1,25000,0,5,1,0,13.5,1,kyc_dropout,1,0.9640853,High Risk,KYC Dropout
USR0368,40,Patna,0,7,18.1,5,24,6.66,61,0,100000,1,4,0,0,3.1,0,retained,0,0.13243985,Low Risk,Unclassified
USR0369,38,Mumbai,1,15,11.91,5,36,7.97,8,0,25000,1,5,0,0,7.41,1,overwhelmed_firsttimer,1,0.8672166,High Risk,Overwhelmed First-Timer
USR0370,40,Chennai,1,16,17.2,4,12,6.77,61,0,25000,0,0,1,1,9.66,1,retained,0,0.030136233,Low Risk,Unclassified
USR0371,49,Surat,0,8,11.98,6,6,6.98,38,0,10000,1,2,1,1,8.04,1,retained,0,0.15097176,Low Risk,Unclassified
USR0372,47,Jaipur,1,10,4.32,3,6,7.65,50,1,500000,0,1,0,0,7.03,0,retained,0,0.3009861,Low Risk,Unclassified
USR0373,58,Surat,0,4,3.62,5,36,6.97,9,0,100000,1,0,1,0,14.62,1,retained,0,0.07882869,Low Risk,Unclassified
USR0374,47,Mumbai,1,15,4.96,1,3,9.39,51,1,50000,0,2,0,0,14.16,0,kyc_dropout,1,0.95879066,High Risk,KYC Dropout
USR0375,44,Mumbai,1,14,8.37,4,3,9.34,11,1,200000,1,5,1,1,9.37,0,kyc_dropout,1,0.9675667,High Risk,KYC Dropout
USR0376,30,Bhopal,0,1,20.54,4,6,7.51,61,1,25000,1,2,0,0,6.87,1,kyc_dropout,1,0.89178133,High Risk,KYC Dropout
USR0377,33,Bhopal,1,16,17.79,5,36,8.42,2,1,25000,1,3,0,0,11.45,0,kyc_dropout,1,0.987723,High Risk,KYC Dropout
USR0378,22,Pune,0,10,10.09,3,6,8.1,10,0,25000,1,1,1,0,7.94,0,retained,1,0.4174204,Medium Risk,Unclassified
USR0379,22,Bhopal,0,3,11.35,5,3,8.95,7,0,25000,1,5,1,0,14.94,1,retained,0,0.021424975,Low Risk,Unclassified
USR0380,55,Lucknow,1,5,6.58,2,12,8.38,22,1,200000,1,0,1,0,10.45,1,retained,0,0.013187914,Low Risk,Unclassified
USR0381,53,Surat,1,9,15.79,5,3,6.5,9,0,50000,1,1,0,0,1.49,1,overwhelmed_firsttimer,1,0.8796716,High Risk,Overwhelmed First-Timer
USR0382,46,Pune,0,11,17.86,6,12,8.79,17,0,10000,0,5,0,0,6.33,1,retained,0,0.07356051,Low Risk,Unclassified
USR0383,61,Surat,1,16,6.02,6,24,8.74,38,1,50000,0,1,1,0,11.09,1,comparison_paralysis,1,0.9157471,High Risk,Comparison Paralysis
USR0384,22,Lucknow,1,2,1.88,2,36,8.03,25,0,200000,0,4,0,1,12.71,1,retained,0,0.060766056,Low Risk,Unclassified
USR0385,37,Chennai,0,12,14.1,6,24,9.21,10,1,100000,1,2,0,0,12.29,0,kyc_dropout,1,0.98717403,High Risk,KYC Dropout
USR0386,60,Bhopal,0,6,12.81,6,3,9.23,9,1,10000,1,2,0,0,14.67,1,kyc_dropout,1,0.9534243,High Risk,KYC Dropout
USR0387,26,Bengaluru,0,11,9.44,1,36,8.07,2,0,10000,0,4,0,0,7.59,0,retained,0,0.053300615,Low Risk,Unclassified
USR0388,43,Bhopal,1,8,14.52,4,3,8.32,61,1,100000,1,4,0,0,2.53,1,kyc_dropout,1,0.98414004,High Risk,KYC Dropout
USR0389,50,Patna,1,12,12.56,6,36,9.49,60,0,500000,1,1,1,0,9.96,1,comparison_paralysis,1,0.92990977,High Risk,Comparison Paralysis
USR0390,24,Mumbai,1,2,6.26,4,36,7.4,3,0,25000,1,2,1,0,1.53,1,retained,0,0.017097494,Low Risk,Unclassified
USR0391,33,Gorakhpur,0,9,9.35,3,3,7.47,60,1,200000,1,0,1,0,14.62,1,retained,0,0.09122465,Low Risk,Unclassified
USR0392,47,Delhi,1,15,9.99,5,3,7.05,7,1,100000,0,3,0,0,11.5,1,kyc_dropout,1,0.9430761,High Risk,KYC Dropout
USR0393,37,Bhopal,1,2,19.49,1,36,9.19,12,1,50000,0,5,1,0,14.74,1,kyc_dropout,1,0.9457562,High Risk,KYC Dropout
USR0394,58,Jaipur,0,1,21.18,2,36,8.73,11,1,50000,1,4,0,0,5.97,1,kyc_dropout,1,0.9491377,High Risk,KYC Dropout
USR0395,43,Patna,1,10,19.75,3,3,6.82,34,0,500000,0,0,0,0,0.73,1,retained,0,0.1078411,Low Risk,Unclassified
USR0396,50,Nagpur,0,2,16.1,1,3,9.45,53,1,100000,1,0,0,0,8.06,1,retained,0,0.08768356,Low Risk,Unclassified
USR0397,35,Lucknow,1,12,13.28,1,6,8.69,50,0,200000,1,1,1,0,2.26,1,retained,0,0.2740208,Low Risk,Unclassified
USR0398,49,Jaipur,1,8,15.47,2,6,9.05,42,0,500000,1,4,1,0,10.35,1,retained,0,0.06705277,Low Risk,Unclassified
USR0399,26,Patna,0,5,20.72,2,6,6.64,14,0,500000,1,0,0,0,7.71,1,retained,0,0.08369911,Low Risk,Unclassified
USR0400,51,Bhopal,0,1,6.25,4,24,8.01,48,1,500000,1,3,1,0,11.42,0,kyc_dropout,1,0.9519006,High Risk,KYC Dropout
USR0401,26,Patna,1,15,12.24,5,36,8.6,33,0,10000,0,0,1,0,4.72,1,comparison_paralysis,1,0.8489515,High Risk,Comparison Paralysis
USR0402,33,Nagpur,0,6,15.48,3,12,8.13,38,1,10000,1,3,0,1,12.52,0,kyc_dropout,1,0.9246016,High Risk,KYC Dropout
USR0403,37,Chennai,0,12,15.26,5,24,8.5,25,1,25000,1,3,0,0,9.94,1,kyc_dropout,1,0.9893471,High Risk,KYC Dropout
USR0404,47,Nagpur,0,8,6.3,3,36,8.95,47,0,200000,0,3,1,0,14.82,1,retained,0,0.1079745,Low Risk,Unclassified
USR0405,47,Nagpur,1,13,13.32,1,12,7.62,50,0,50000,1,4,0,0,3.09,1,overwhelmed_firsttimer,1,0.8990223,High Risk,Overwhelmed First-Timer
USR0406,42,Jaipur,0,1,17.71,6,6,9.05,3,0,50000,1,3,1,1,1.24,1,retained,0,0.03919007,Low Risk,Unclassified
USR0407,60,Jaipur,0,11,10.98,6,12,6.99,26,0,25000,0,4,1,0,12.84,1,comparison_paralysis,1,0.8336536,High Risk,Comparison Paralysis
USR0408,57,Bhopal,0,1,17.66,2,3,7.31,41,1,50000,1,0,1,0,5.41,1,retained,0,0.07309124,Low Risk,Unclassified
USR0409,54,Bengaluru,1,8,8.56,2,3,6.63,55,0,500000,1,3,1,1,6.75,1,retained,0,0.08649527,Low Risk,Unclassified
USR0410,51,Jaipur,1,5,20.71,1,36,7.59,17,1,25000,1,2,1,1,13.92,1,kyc_dropout,1,0.88555497,High Risk,KYC Dropout
USR0411,58,Patna,1,17,12.21,1,24,7.64,60,1,25000,1,0,1,1,6.89,1,retained,0,0.080526374,Low Risk,Unclassified
USR0412,44,Gorakhpur,1,8,13.51,3,6,8.92,3,0,100000,1,5,1,0,4.82,1,retained,0,0.026264712,Low Risk,Unclassified
USR0413,31,Surat,1,10,1.66,1,36,8.46,0,1,10000,1,2,0,0,1.36,1,kyc_dropout,0,0.8982305,High Risk,KYC Dropout
USR0414,26,Mumbai,1,2,4.58,3,6,7.81,49,0,200000,1,2,1,0,6.92,1,retained,0,0.068638824,Low Risk,Unclassified
USR0415,57,Patna,1,9,14.29,5,3,8.46,19,0,200000,1,1,1,0,10.0,0,retained,1,0.28840324,Low Risk,Unclassified
USR0416,55,Pune,1,3,9.82,2,24,6.66,19,0,10000,0,4,1,0,4.4,0,retained,0,0.016423093,Low Risk,Unclassified
USR0417,52,Nagpur,0,7,11.67,2,24,7.04,45,0,500000,0,1,1,1,10.91,1,retained,0,0.050802093,Low Risk,Unclassified
USR0418,31,Patna,0,15,2.32,6,3,8.38,26,0,200000,1,4,1,1,7.43,1,comparison_paralysis,1,0.8314768,High Risk,Comparison Paralysis
USR0419,40,Coimbatore,1,3,18.52,6,12,8.42,25,1,50000,1,1,1,0,12.94,0,retained,0,0.05784337,Low Risk,Unclassified
USR0420,53,Pune,1,14,17.47,2,24,8.82,31,0,50000,0,0,0,0,2.85,0,retained,0,0.124114454,Low Risk,Unclassified
USR0421,22,Jaipur,1,2,4.89,5,12,7.71,9,1,200000,1,2,1,0,11.48,1,kyc_dropout,1,0.7868939,High Risk,KYC Dropout
USR0422,26,Surat,0,14,14.32,5,6,8.67,11,0,100000,1,0,1,0,14.02,0,retained,0,0.037369397,Low Risk,Unclassified
USR0423,25,Bhopal,1,11,18.18,4,24,8.55,23,0,200000,0,4,0,1,11.25,0,retained,0,0.09806983,Low Risk,Unclassified
USR0424,37,Bhopal,1,16,14.46,3,3,9.39,50,0,25000,1,2,1,0,6.39,0,retained,0,0.099286035,Low Risk,Unclassified
USR0425,45,Delhi,1,8,7.52,6,12,7.15,37,1,500000,0,2,1,0,3.84,1,kyc_dropout,1,0.9404861,High Risk,KYC Dropout
USR0426,37,Jaipur,0,7,14.78,3,6,8.16,45,0,25000,1,4,1,0,1.93,0,retained,0,0.16070244,Low Risk,Unclassified
USR0427,23,Lucknow,1,11,5.42,6,6,8.31,7,0,10000,1,0,1,1,9.81,1,retained,0,0.031522553,Low Risk,Unclassified
USR0428,49,Patna,1,3,7.68,4,24,9.5,54,0,500000,1,2,0,0,2.57,1,retained,0,0.09616973,Low Risk,Unclassified
USR0429,53,Jaipur,1,17,6.04,2,24,7.1,30,1,500000,1,5,1,0,12.66,1,kyc_dropout,1,0.9489191,High Risk,KYC Dropout
USR0430,48,Coimbatore,1,14,12.7,3,36,8.07,15,0,50000,1,0,0,0,14.43,0,overwhelmed_firsttimer,1,0.9108027,High Risk,Overwhelmed First-Timer
USR0431,41,Gorakhpur,1,6,3.27,6,36,7.54,19,1,500000,1,0,0,1,2.47,1,retained,1,0.21314897,Low Risk,Unclassified
USR0432,45,Nagpur,0,8,20.6,3,24,8.08,37,0,100000,0,0,1,0,5.95,0,retained,0,0.031847186,Low Risk,Unclassified
USR0433,33,Surat,1,5,8.0,2,36,7.2,14,1,200000,0,2,1,0,14.09,1,kyc_dropout,1,0.9616354,High Risk,KYC Dropout
USR0434,56,Patna,1,8,5.6,1,3,6.64,33,0,25000,1,3,0,0,7.33,1,overwhelmed_firsttimer,1,0.888702,High Risk,Overwhelmed First-Timer
USR0435,54,Bhopal,1,2,11.43,6,3,8.22,18,0,50000,0,1,0,0,8.26,0,retained,0,0.016288321,Low Risk,Unclassified
USR0436,54,Nagpur,1,15,6.82,1,36,7.51,62,0,50000,1,4,1,0,11.34,1,retained,0,0.09205149,Low Risk,Unclassified
USR0437,58,Gorakhpur,0,12,12.23,4,24,7.05,31,1,100000,1,0,1,0,3.55,0,retained,0,0.124177806,Low Risk,Unclassified
USR0438,33,Lucknow,1,17,8.32,5,3,7.47,36,0,100000,1,2,1,1,14.7,1,comparison_paralysis,1,0.7635086,High Risk,Comparison Paralysis
USR0439,24,Pune,0,1,3.77,3,6,6.65,6,1,100000,1,4,0,1,11.82,1,kyc_dropout,1,0.8804207,High Risk,KYC Dropout
USR0440,22,Bhopal,1,15,6.58,6,24,9.35,47,0,100000,1,3,1,0,2.84,1,comparison_paralysis,1,0.8836096,High Risk,Comparison Paralysis
USR0441,54,Surat,1,14,10.21,3,12,8.24,10,0,25000,1,5,0,0,2.11,1,overwhelmed_firsttimer,0,0.9433882,High Risk,Overwhelmed First-Timer
USR0442,61,Patna,1,16,1.64,4,12,8.94,30,0,100000,1,3,0,1,14.06,0,overwhelmed_firsttimer,1,0.9627324,High Risk,Comparison Paralysis
USR0443,31,Delhi,0,9,17.18,4,24,7.77,43,0,50000,1,2,1,0,10.43,1,retained,0,0.05425362,Low Risk,Unclassified
USR0444,50,Patna,1,1,14.06,3,36,9.21,44,1,50000,1,0,1,0,1.06,1,retained,0,0.017003488,Low Risk,Unclassified
USR0445,34,Bengaluru,0,17,13.63,6,3,7.95,55,1,500000,1,3,1,0,2.56,0,kyc_dropout,1,0.99073446,High Risk,KYC Dropout
USR0446,33,Lucknow,1,13,12.47,2,3,8.22,31,1,200000,1,3,1,1,1.19,1,kyc_dropout,1,0.9617665,High Risk,KYC Dropout
USR0447,52,Jaipur,1,5,13.4,2,24,7.98,20,0,50000,1,3,1,0,14.62,1,retained,0,0.014931332,Low Risk,Unclassified
USR0448,23,Bengaluru,1,10,20.63,5,6,8.7,30,0,50000,1,5,1,0,7.72,1,comparison_paralysis,1,0.6979963,Medium Risk,Comparison Paralysis
USR0449,56,Surat,1,6,1.18,3,36,8.2,0,1,25000,0,2,1,0,7.2,1,kyc_dropout,1,0.9297543,High Risk,KYC Dropout
USR0450,44,Nagpur,1,13,2.0,3,6,7.31,10,0,500000,0,4,1,0,14.36,1,retained,0,0.05162806,Low Risk,Unclassified
USR0451,38,Delhi,1,1,5.02,6,24,6.94,35,1,50000,1,1,0,0,7.82,1,retained,0,0.05462077,Low Risk,Unclassified
USR0452,47,Gorakhpur,1,15,4.51,3,24,8.32,58,0,10000,1,2,1,1,8.01,0,retained,0,0.16292095,Low Risk,Unclassified
USR0453,29,Pune,0,14,4.81,6,6,7.97,55,1,50000,1,0,1,1,14.77,1,comparison_paralysis,1,0.8650991,High Risk,Comparison Paralysis
USR0454,50,Pune,1,8,15.11,3,12,6.79,50,1,200000,0,2,0,0,2.12,1,kyc_dropout,1,0.92511696,High Risk,KYC Dropout
USR0455,47,Coimbatore,1,10,10.65,4,24,7.69,28,1,200000,1,2,1,0,14.79,0,kyc_dropout,1,0.9508052,High Risk,KYC Dropout
USR0456,31,Mumbai,1,9,21.83,1,36,8.04,1,0,500000,1,5,0,0,2.9,1,overwhelmed_firsttimer,1,0.8164968,High Risk,Overwhelmed First-Timer
USR0457,47,Coimbatore,1,17,5.76,3,6,8.98,5,0,500000,1,1,0,0,7.36,1,overwhelmed_firsttimer,1,0.94598615,High Risk,Overwhelmed First-Timer
USR0458,55,Coimbatore,1,9,7.53,1,12,6.73,30,0,100000,0,1,1,0,5.4,1,retained,0,0.04260927,Low Risk,Unclassified
USR0459,28,Patna,0,3,21.67,2,6,7.55,53,1,25000,0,1,0,1,14.35,1,retained,0,0.10022776,Low Risk,Unclassified
USR0460,25,Surat,1,11,18.47,5,12,8.97,39,1,200000,1,4,0,0,7.54,0,kyc_dropout,1,0.99403715,High Risk,KYC Dropout
USR0461,32,Jaipur,1,12,10.87,2,12,8.45,16,0,10000,1,2,1,0,0.83,0,retained,0,0.033002105,Low Risk,Unclassified
USR0462,50,Nagpur,1,10,12.65,3,36,7.37,4,0,10000,1,5,1,0,3.71,1,retained,0,0.06457828,Low Risk,Unclassified
USR0463,57,Jaipur,0,17,18.71,6,24,9.04,1,0,100000,1,0,1,0,6.75,1,retained,0,0.09713574,Low Risk,Unclassified
USR0464,46,Jaipur,1,17,11.1,2,12,7.98,57,1,25000,1,1,1,0,10.31,0,retained,0,0.120327674,Low Risk,Unclassified
USR0465,42,Lucknow,0,11,5.33,4,24,8.0,11,0,25000,1,1,1,0,8.65,1,retained,0,0.041805178,Low Risk,Unclassified
USR0466,57,Pune,0,4,18.4,1,36,9.43,4,1,500000,1,2,1,0,12.82,1,kyc_dropout,1,0.9569788,High Risk,KYC Dropout
USR0467,31,Gorakhpur,1,7,12.29,6,24,9.34,59,0,50000,1,0,1,0,12.51,0,retained,0,0.030367108,Low Risk,Unclassified
USR0468,58,Bengaluru,1,14,4.21,6,3,7.58,40,0,10000,0,5,1,1,9.06,1,comparison_paralysis,1,0.9192302,High Risk,Comparison Paralysis
USR0469,30,Delhi,1,7,11.62,3,12,6.92,19,1,10000,1,1,0,0,8.78,1,retained,0,0.032141794,Low Risk,Unclassified
USR0470,45,Surat,1,8,9.68,4,36,7.48,0,0,10000,1,2,0,0,4.53,1,overwhelmed_firsttimer,1,0.88369477,High Risk,Overwhelmed First-Timer
USR0471,56,Lucknow,1,1,19.41,1,6,6.59,55,0,10000,1,3,1,1,14.39,1,retained,0,0.026325904,Low Risk,Unclassified
USR0472,56,Bengaluru,1,4,3.65,4,36,6.56,55,0,200000,1,5,0,0,1.61,1,inactive_browser,1,0.4980449,Medium Risk,Unclassified
USR0473,57,Surat,0,12,19.38,2,12,7.69,53,0,25000,1,4,0,0,6.26,1,overwhelmed_firsttimer,1,0.93422955,High Risk,Overwhelmed First-Timer
USR0474,39,Mumbai,0,3,11.76,3,36,9.32,10,0,50000,1,5,1,0,10.08,0,retained,0,0.019715898,Low Risk,Unclassified
USR0475,60,Surat,1,13,9.49,6,6,9.11,2,0,200000,1,2,1,0,14.21,1,retained,0,0.116710715,Low Risk,Unclassified
USR0476,53,Surat,1,6,4.4,6,3,8.03,27,1,25000,0,1,0,0,7.77,1,retained,0,0.030177172,Low Risk,Unclassified
USR0477,45,Jaipur,1,11,15.72,2,12,8.2,4,0,100000,1,5,1,1,13.49,0,retained,0,0.020992493,Low Risk,Unclassified
USR0478,44,Surat,1,4,20.46,6,12,6.52,15,1,10000,0,0,0,0,2.02,1,retained,0,0.072180405,Low Risk,Unclassified
USR0479,53,Gorakhpur,1,16,8.88,5,36,7.15,30,1,50000,1,3,1,0,8.21,0,kyc_dropout,1,0.98890615,High Risk,KYC Dropout
USR0480,58,Coimbatore,1,7,6.07,3,24,6.57,27,1,25000,0,0,1,0,5.08,1,retained,0,0.02198682,Low Risk,Unclassified
USR0481,33,Coimbatore,0,11,12.65,2,24,8.76,6,1,100000,1,0,0,0,12.04,1,overwhelmed_firsttimer,1,0.89649606,High Risk,Overwhelmed First-Timer
USR0482,34,Mumbai,0,1,17.72,3,6,6.94,8,0,10000,1,0,1,0,6.95,1,retained,0,0.030643193,Low Risk,Unclassified
USR0483,44,Surat,1,7,1.08,1,3,9.11,38,0,100000,0,2,1,0,7.39,1,inactive_browser,1,0.90577894,High Risk,Silent Churner
USR0484,46,Jaipur,1,12,14.26,3,3,8.43,42,1,100000,1,2,0,0,1.44,0,kyc_dropout,1,0.9532865,High Risk,KYC Dropout
USR0485,56,Bhopal,1,7,13.53,3,36,7.19,26,0,200000,1,5,0,0,6.85,1,retained,0,0.06795469,Low Risk,Unclassified
USR0486,51,Bhopal,1,7,7.68,1,36,6.97,32,0,100000,0,4,0,0,1.67,1,retained,0,0.060759168,Low Risk,Unclassified
USR0487,38,Bengaluru,0,10,10.48,2,24,8.38,55,0,200000,0,3,1,0,4.84,0,retained,0,0.11081302,Low Risk,Unclassified
USR0488,41,Patna,1,16,6.19,3,3,9.2,1,0,500000,1,5,0,0,2.34,1,overwhelmed_firsttimer,1,0.94811,High Risk,Overwhelmed First-Timer
USR0489,46,Coimbatore,0,8,17.59,4,3,8.66,13,0,200000,0,0,0,0,5.35,1,retained,0,0.04189062,Low Risk,Unclassified
USR0490,43,Coimbatore,1,9,14.33,3,3,7.55,12,0,100000,1,5,1,0,3.8,1,retained,0,0.032540455,Low Risk,Unclassified
USR0491,34,Chennai,1,9,12.19,2,6,8.26,23,0,25000,1,1,0,0,4.64,1,overwhelmed_firsttimer,1,0.8590894,High Risk,Overwhelmed First-Timer
USR0492,40,Jaipur,1,2,9.24,6,6,7.43,33,1,100000,1,5,0,0,2.65,1,kyc_dropout,1,0.965722,High Risk,KYC Dropout
USR0493,57,Surat,0,13,7.12,1,36,9.5,18,0,100000,0,5,1,0,6.87,1,retained,0,0.049330577,Low Risk,Unclassified
USR0494,33,Nagpur,1,13,18.28,6,24,8.75,29,1,25000,0,0,0,1,7.71,1,comparison_paralysis,1,0.7320294,High Risk,Comparison Paralysis
USR0495,40,Jaipur,1,4,10.48,2,12,8.34,48,0,10000,0,5,1,1,12.63,1,retained,0,0.02728877,Low Risk,Unclassified
USR0496,33,Chennai,1,12,11.53,5,24,7.77,42,1,50000,1,3,1,0,8.31,1,kyc_dropout,1,0.9905132,High Risk,KYC Dropout
USR0497,30,Coimbatore,1,17,11.94,6,6,8.35,15,0,500000,1,0,1,0,3.82,0,retained,0,0.04593149,Low Risk,Unclassified
USR0498,28,Bengaluru,1,2,10.42,3,6,7.52,51,0,10000,0,2,1,1,11.17,1,retained,0,0.018028459,Low Risk,Unclassified
USR0499,49,Jaipur,1,13,6.38,3,36,6.59,48,0,100000,1,2,1,0,4.81,1,retained,0,0.110200286,Low Risk,Unclassified
USR0500,35,Coimbatore,0,15,3.53,1,12,7.69,10,0,10000,1,5,1,0,11.47,1,retained,0,0.049526997,Low Risk,Unclassified
USR0501,52,Gorakhpur,1,8,3.07,3,3,9.29,46,1,50000,0,5,0,1,6.11,1,kyc_dropout,1,0.9929404,High Risk,KYC Dropout
USR0502,40,Delhi,1,15,16.91,4,12,8.38,34,1,10000,0,3,0,0,7.95,0,kyc_dropout,1,0.9323677,High Risk,KYC Dropout
USR0503,37,Coimbatore,1,1,5.69,4,12,6.75,28,0,50000,0,4,1,0,7.8,1,retained,0,0.035011195,Low Risk,Unclassified
USR0504,26,Patna,1,10,2.17,6,12,9.15,53,0,10000,0,0,0,0,14.36,1,comparison_paralysis,1,0.92691845,High Risk,Comparison Paralysis
USR0505,56,Surat,1,12,17.75,2,36,7.31,22,0,200000,1,3,1,0,2.73,0,retained,0,0.109444164,Low Risk,Unclassified
USR0506,33,Pune,0,5,4.24,1,6,7.23,23,0,100000,1,5,1,1,14.11,1,retained,0,0.037638642,Low Risk,Unclassified
USR0507,46,Chennai,1,9,14.13,5,3,7.39,9,0,50000,1,5,0,0,8.65,1,overwhelmed_firsttimer,1,0.85731184,High Risk,Overwhelmed First-Timer
USR0508,42,Bhopal,1,8,8.11,6,12,8.23,60,1,500000,1,5,1,0,14.91,1,kyc_dropout,1,0.952778,High Risk,KYC Dropout
USR0509,57,Patna,1,16,3.66,2,3,8.13,7,0,100000,0,5,1,0,8.81,1,retained,0,0.059528463,Low Risk,Unclassified
USR0510,44,Bengaluru,1,14,9.7,1,12,7.97,47,1,200000,0,1,0,0,10.02,1,retained,0,0.17764135,Low Risk,Unclassified
USR0511,37,Nagpur,1,13,1.31,1,6,8.65,28,1,10000,1,5,1,0,11.37,1,kyc_dropout,1,0.9040327,High Risk,KYC Dropout
USR0512,60,Coimbatore,1,13,18.66,6,3,7.45,25,1,100000,1,5,0,0,12.42,0,kyc_dropout,1,0.9946772,High Risk,KYC Dropout
USR0513,60,Patna,1,5,11.78,2,24,8.85,36,0,10000,0,1,1,0,7.42,1,retained,0,0.012742243,Low Risk,Unclassified
USR0514,35,Delhi,1,16,3.92,2,6,7.03,51,1,10000,0,4,1,1,10.34,0,kyc_dropout,1,0.9841031,High Risk,KYC Dropout
USR0515,52,Coimbatore,0,11,5.98,3,3,8.85,37,1,100000,1,2,1,0,9.42,1,kyc_dropout,0,0.65489054,Medium Risk,KYC Dropout
USR0516,26,Surat,1,5,10.41,5,12,8.49,5,0,50000,1,5,0,0,6.4,0,retained,0,0.05006709,Low Risk,Unclassified
USR0517,56,Gorakhpur,1,13,4.97,4,12,8.55,7,0,50000,1,5,0,0,12.4,1,overwhelmed_firsttimer,1,0.92374086,High Risk,Overwhelmed First-Timer
USR0518,44,Jaipur,1,11,6.64,3,6,7.94,16,1,100000,0,3,1,0,3.29,0,kyc_dropout,1,0.9523724,High Risk,KYC Dropout
USR0519,50,Bhopal,1,3,12.22,1,6,8.5,61,1,50000,0,0,1,0,2.92,0,retained,0,0.028247567,Low Risk,Unclassified
USR0520,32,Patna,1,15,18.48,5,12,6.74,33,0,25000,1,3,1,0,11.18,1,comparison_paralysis,1,0.8932672,High Risk,Comparison Paralysis
USR0521,39,Surat,1,7,9.44,5,3,9.05,18,0,10000,0,5,1,0,9.74,0,retained,0,0.016271919,Low Risk,Unclassified
USR0522,33,Lucknow,1,7,16.06,2,24,6.67,36,0,100000,1,4,1,0,5.11,1,retained,0,0.02581145,Low Risk,Unclassified
USR0523,30,Coimbatore,1,6,19.41,5,36,6.95,37,0,500000,1,3,0,0,9.71,1,retained,0,0.032367248,Low Risk,Unclassified
USR0524,31,Mumbai,1,3,5.54,6,6,8.23,14,0,200000,0,4,1,0,11.67,1,retained,0,0.024745574,Low Risk,Unclassified
USR0525,38,Surat,1,13,17.95,5,12,8.72,39,0,100000,1,4,1,0,3.65,1,comparison_paralysis,1,0.88117325,High Risk,Comparison Paralysis
USR0526,59,Nagpur,1,7,16.91,1,3,6.73,8,1,100000,0,5,0,1,8.93,1,kyc_dropout,1,0.95829844,High Risk,KYC Dropout
USR0527,28,Surat,1,5,8.5,6,6,9.26,52,1,10000,1,4,1,1,12.46,1,kyc_dropout,1,0.90091443,High Risk,KYC Dropout
USR0528,34,Gorakhpur,1,8,21.78,6,3,9.42,51,1,200000,1,3,1,0,6.46,1,kyc_dropout,1,0.97223526,High Risk,KYC Dropout
USR0529,61,Nagpur,1,17,6.51,3,6,8.32,0,0,10000,0,1,0,1,8.79,1,retained,0,0.098647825,Low Risk,Unclassified
USR0530,30,Patna,1,1,6.35,5,12,7.94,29,1,500000,1,0,0,0,1.64,0,retained,0,0.04512649,Low Risk,Unclassified
USR0531,48,Gorakhpur,1,14,17.22,2,3,8.72,0,0,50000,1,4,1,1,12.54,0,retained,0,0.025803538,Low Risk,Unclassified
USR0532,23,Surat,0,17,10.13,3,12,7.49,38,0,100000,0,5,0,0,12.04,1,retained,0,0.17187993,Low Risk,Unclassified
USR0533,26,Delhi,1,10,7.95,2,3,7.98,15,1,10000,0,2,1,0,7.12,0,kyc_dropout,1,0.9125931,High Risk,KYC Dropout
USR0534,50,Bhopal,1,12,4.75,5,6,9.25,16,0,500000,0,4,1,1,2.23,1,retained,0,0.08402252,Low Risk,Unclassified
USR0535,58,Coimbatore,1,16,17.07,3,36,9.37,21,0,500000,1,3,0,1,10.08,1,overwhelmed_firsttimer,1,0.95418394,High Risk,Overwhelmed First-Timer
USR0536,59,Jaipur,1,14,17.51,5,36,9.28,30,0,25000,0,4,1,0,8.81,1,comparison_paralysis,1,0.80425423,High Risk,Comparison Paralysis
USR0537,40,Lucknow,1,16,12.9,1,24,7.29,39,0,100000,1,2,0,0,13.83,0,overwhelmed_firsttimer,1,0.9476927,High Risk,Overwhelmed First-Timer
USR0538,29,Nagpur,1,8,21.1,3,24,7.2,26,1,500000,1,1,0,1,4.56,1,overwhelmed_firsttimer,1,0.8786713,High Risk,Overwhelmed First-Timer
USR0539,22,Coimbatore,1,10,7.68,2,12,7.39,35,1,50000,1,3,0,0,0.97,0,kyc_dropout,1,0.9673496,High Risk,KYC Dropout
USR0540,43,Patna,1,17,5.61,1,3,7.82,3,1,10000,0,3,1,0,4.19,1,kyc_dropout,1,0.9393661,High Risk,KYC Dropout
USR0541,38,Lucknow,1,16,15.23,4,24,7.44,24,1,10000,0,5,0,0,6.7,1,kyc_dropout,1,0.95387614,High Risk,KYC Dropout
USR0542,28,Jaipur,0,17,16.93,2,6,7.62,29,1,25000,0,3,0,1,2.75,0,kyc_dropout,1,0.976153,High Risk,KYC Dropout
USR0543,46,Mumbai,1,16,5.72,5,36,8.36,46,1,50000,0,2,1,1,14.71,1,kyc_dropout,1,0.9747209,High Risk,KYC Dropout
USR0544,25,Delhi,1,8,2.61,2,3,8.79,11,0,500000,1,3,1,1,3.72,1,retained,0,0.019342426,Low Risk,Unclassified
USR0545,57,Gorakhpur,1,6,18.02,4,36,8.71,26,1,25000,0,1,0,0,10.33,1,retained,0,0.02801374,Low Risk,Unclassified
USR0546,27,Gorakhpur,1,6,21.51,2,3,8.94,44,0,500000,1,0,0,0,7.08,1,retained,0,0.043546926,Low Risk,Unclassified
USR0547,52,Jaipur,1,9,14.54,1,24,6.6,62,1,500000,0,0,1,0,8.55,0,retained,0,0.046801087,Low Risk,Unclassified
USR0548,40,Patna,1,4,6.84,6,24,6.64,54,0,100000,0,4,1,0,14.02,1,retained,0,0.055999395,Low Risk,Unclassified
USR0549,60,Patna,1,12,21.93,2,12,8.87,29,1,200000,0,0,1,0,8.21,1,retained,0,0.05420402,Low Risk,Unclassified
USR0550,48,Nagpur,1,12,19.76,3,3,8.1,13,1,500000,0,2,0,0,4.93,0,kyc_dropout,1,0.917524,High Risk,KYC Dropout
USR0551,31,Delhi,1,17,11.78,4,6,8.23,55,1,10000,0,0,0,0,3.7,1,retained,0,0.14594632,Low Risk,Unclassified
USR0552,47,Surat,1,15,18.33,2,24,6.66,18,1,500000,1,2,1,0,13.43,1,kyc_dropout,1,0.92696697,High Risk,KYC Dropout
USR0553,40,Delhi,0,9,18.13,4,12,7.27,25,0,25000,1,2,1,0,14.81,1,retained,0,0.05010352,Low Risk,Unclassified
USR0554,60,Gorakhpur,0,7,20.63,6,24,8.42,37,0,500000,0,4,1,0,4.15,0,retained,0,0.062342994,Low Risk,Unclassified
USR0555,24,Gorakhpur,1,10,18.66,1,36,9.08,35,0,10000,1,0,1,1,10.97,1,retained,0,0.069646,Low Risk,Unclassified
USR0556,34,Bhopal,1,16,14.52,3,24,9.25,17,0,10000,0,4,1,0,7.83,1,retained,0,0.024212645,Low Risk,Unclassified
USR0557,49,Jaipur,1,12,13.8,5,3,8.0,56,0,25000,0,3,0,0,10.63,0,comparison_paralysis,1,0.77127886,High Risk,Comparison Paralysis
USR0558,41,Surat,1,7,10.81,2,12,8.14,22,0,10000,1,1,1,0,14.48,1,retained,0,0.019132258,Low Risk,Unclassified
USR0559,49,Bengaluru,1,15,14.16,1,3,9.0,13,0,50000,1,0,0,0,4.5,1,overwhelmed_firsttimer,1,0.91900975,High Risk,Overwhelmed First-Timer
USR0560,29,Delhi,1,6,17.7,4,6,8.11,21,1,50000,1,3,1,0,11.23,0,kyc_dropout,1,0.9667763,High Risk,KYC Dropout
USR0561,60,Surat,1,12,21.35,6,6,8.05,27,1,200000,0,5,1,1,6.85,1,kyc_dropout,1,0.98683864,High Risk,KYC Dropout
USR0562,22,Nagpur,1,11,10.81,4,24,9.22,42,0,50000,1,3,1,1,9.96,0,retained,0,0.15678178,Low Risk,Unclassified
USR0563,24,Bhopal,0,3,13.05,6,12,8.87,17,0,25000,1,4,0,0,6.4,1,retained,0,0.022228323,Low Risk,Unclassified
USR0564,34,Pune,1,2,10.34,6,12,9.23,35,0,500000,1,4,1,0,10.77,1,retained,0,0.066809714,Low Risk,Unclassified
USR0565,49,Gorakhpur,1,6,15.04,1,12,7.15,6,0,50000,1,1,0,0,5.39,0,retained,0,0.035936527,Low Risk,Unclassified
USR0566,46,Mumbai,1,5,14.23,2,12,8.07,22,0,200000,1,1,0,0,7.58,1,retained,0,0.03060273,Low Risk,Unclassified
USR0567,54,Bengaluru,0,16,1.37,5,24,9.03,33,0,100000,1,1,1,0,10.78,1,comparison_paralysis,1,0.9325587,High Risk,Comparison Paralysis
USR0568,59,Patna,1,8,12.36,2,3,6.83,20,0,100000,1,1,1,0,1.12,1,retained,0,0.07149097,Low Risk,Unclassified
USR0569,27,Nagpur,1,11,2.86,3,24,8.88,46,0,25000,1,4,1,1,5.26,1,inactive_browser,0,0.3776251,Low Risk,Unclassified
USR0570,53,Patna,1,10,1.55,2,3,7.05,52,0,200000,1,2,1,1,8.42,0,inactive_browser,1,0.90304625,High Risk,Silent Churner
USR0571,42,Bengaluru,1,12,17.62,6,36,8.92,40,0,50000,0,4,0,1,1.57,0,comparison_paralysis,1,0.8353367,High Risk,Comparison Paralysis
USR0572,37,Jaipur,1,6,6.43,6,36,8.34,31,1,200000,1,2,0,1,10.7,0,kyc_dropout,1,0.93264145,High Risk,KYC Dropout
USR0573,42,Coimbatore,1,5,8.15,3,3,7.08,13,1,10000,1,4,0,0,12.29,1,kyc_dropout,1,0.9201116,High Risk,KYC Dropout
USR0574,32,Pune,1,9,2.35,4,24,7.92,16,0,200000,1,5,1,0,2.87,1,retained,0,0.045245614,Low Risk,Unclassified
USR0575,58,Gorakhpur,1,16,4.77,6,6,8.55,24,0,50000,1,4,1,0,11.14,1,comparison_paralysis,1,0.8709638,High Risk,Comparison Paralysis
USR0576,57,Bengaluru,1,14,17.08,3,24,8.4,63,0,25000,1,1,1,0,9.87,1,retained,0,0.098283984,Low Risk,Unclassified
USR0577,56,Jaipur,1,8,11.36,6,6,7.78,47,0,10000,1,2,1,0,6.46,1,retained,0,0.1451076,Low Risk,Unclassified
USR0578,40,Patna,1,14,19.49,5,24,9.2,34,0,200000,1,3,1,1,2.89,0,comparison_paralysis,1,0.92466927,High Risk,Comparison Paralysis
USR0579,41,Jaipur,1,7,9.34,6,12,8.06,36,0,100000,1,5,0,0,14.35,1,retained,0,0.082613245,Low Risk,Unclassified
USR0580,39,Lucknow,1,5,6.64,1,12,8.02,54,0,50000,0,3,0,0,7.23,0,retained,0,0.08483918,Low Risk,Unclassified
USR0581,35,Lucknow,1,2,8.3,3,36,6.69,16,0,25000,1,5,1,0,3.16,0,retained,0,0.018521432,Low Risk,Unclassified
USR0582,36,Surat,0,11,15.97,2,36,9.27,27,1,500000,1,3,1,0,10.91,1,kyc_dropout,1,0.9796011,High Risk,KYC Dropout
USR0583,52,Bengaluru,1,8,12.66,3,3,7.03,0,0,50000,0,1,1,0,9.31,1,retained,1,0.17342883,Low Risk,Unclassified
USR0584,22,Chennai,1,1,19.99,4,6,8.09,52,0,200000,0,3,1,1,12.33,1,retained,0,0.0433167,Low Risk,Unclassified
USR0585,24,Nagpur,1,12,13.65,6,12,8.91,54,0,25000,0,4,1,0,14.94,0,comparison_paralysis,0,0.38294712,Low Risk,Unclassified
USR0586,37,Surat,1,2,11.35,3,24,7.15,60,0,100000,0,1,0,0,1.15,1,retained,0,0.031591106,Low Risk,Unclassified
USR0587,44,Lucknow,0,7,17.5,5,3,8.08,12,1,10000,1,3,0,1,11.22,0,kyc_dropout,1,0.9433425,High Risk,KYC Dropout
USR0588,32,Pune,1,17,20.9,3,24,7.22,46,1,200000,1,1,1,0,14.84,1,retained,0,0.1332624,Low Risk,Unclassified
USR0589,33,Lucknow,0,14,8.47,5,12,8.78,63,0,25000,1,4,0,0,8.3,1,comparison_paralysis,1,0.96237874,High Risk,Comparison Paralysis
USR0590,31,Gorakhpur,1,7,6.25,6,12,8.19,31,1,10000,0,1,1,0,10.88,0,retained,0,0.0477125,Low Risk,Unclassified
USR0591,53,Pune,1,3,13.94,2,12,9.07,27,0,25000,1,3,0,0,6.9,1,retained,0,0.03315853,Low Risk,Unclassified
USR0592,37,Nagpur,1,6,11.48,6,12,9.18,52,0,500000,1,1,1,1,5.67,0,retained,0,0.060227193,Low Risk,Unclassified
USR0593,29,Chennai,1,2,21.77,4,24,8.45,30,0,200000,1,5,0,0,10.6,1,retained,0,0.03935146,Low Risk,Unclassified
USR0594,59,Gorakhpur,1,17,10.71,1,3,8.68,7,1,25000,1,0,0,0,14.83,0,overwhelmed_firsttimer,1,0.875117,High Risk,Overwhelmed First-Timer
USR0595,33,Surat,1,12,2.56,2,12,8.15,24,0,100000,0,3,1,0,1.83,1,retained,0,0.121179976,Low Risk,Unclassified
USR0596,45,Lucknow,1,12,21.52,2,36,7.65,32,0,25000,1,4,0,0,6.62,0,overwhelmed_firsttimer,1,0.90280175,High Risk,Overwhelmed First-Timer
USR0597,49,Mumbai,1,17,18.72,1,3,8.44,6,0,200000,1,2,0,0,14.14,1,overwhelmed_firsttimer,1,0.9586643,High Risk,Overwhelmed First-Timer
USR0598,29,Chennai,0,10,4.74,3,36,9.22,45,1,25000,1,1,1,0,2.14,1,retained,0,0.17159374,Low Risk,Unclassified
USR0599,49,Gorakhpur,1,3,20.0,6,24,7.75,4,1,10000,1,5,1,0,9.94,1,kyc_dropout,1,0.90971285,High Risk,KYC Dropout
USR0600,57,Surat,1,13,8.15,3,12,7.44,16,1,10000,1,1,0,0,6.74,1,overwhelmed_firsttimer,1,0.90354127,High Risk,Overwhelmed First-Timer
USR0601,47,Coimbatore,1,12,8.92,3,3,7.67,51,1,500000,1,3,0,0,5.96,1,kyc_dropout,1,0.9847839,High Risk,KYC Dropout
USR0602,29,Patna,1,17,20.03,6,12,7.81,11,1,50000,1,5,1,0,3.54,0,kyc_dropout,1,0.9669548,High Risk,KYC Dropout
USR0603,49,Patna,1,4,12.13,4,12,6.72,61,1,500000,0,3,1,1,3.06,0,kyc_dropout,1,0.92518795,High Risk,KYC Dropout
USR0604,49,Lucknow,1,10,3.89,2,3,8.0,34,1,50000,1,0,1,0,7.99,1,retained,0,0.1513358,Low Risk,Unclassified
USR0605,58,Surat,1,11,8.75,5,12,7.98,61,1,100000,0,4,0,0,5.97,0,kyc_dropout,1,0.98405313,High Risk,KYC Dropout
USR0606,57,Delhi,1,6,16.16,1,12,8.27,20,0,10000,0,5,1,0,7.63,1,retained,0,0.010671121,Low Risk,Unclassified
USR0607,48,Lucknow,1,6,4.66,2,6,7.59,52,0,50000,0,5,0,0,3.34,1,retained,0,0.07411388,Low Risk,Unclassified
USR0608,38,Lucknow,1,9,13.39,3,6,8.34,20,1,25000,0,1,0,0,5.58,1,retained,0,0.07629895,Low Risk,Unclassified
USR0609,30,Patna,0,15,15.6,1,3,9.13,14,1,100000,0,1,0,0,14.95,0,retained,0,0.14048108,Low Risk,Unclassified
USR0610,54,Chennai,1,2,8.22,5,3,9.37,22,1,200000,1,2,0,0,5.84,0,kyc_dropout,1,0.9685056,High Risk,KYC Dropout
USR0611,41,Jaipur,1,4,15.57,2,12,8.25,30,1,50000,0,5,1,0,6.48,0,kyc_dropout,1,0.9696651,High Risk,KYC Dropout
USR0612,34,Bhopal,1,5,19.57,2,36,6.63,53,1,500000,1,1,0,0,0.79,1,retained,0,0.17384498,Low Risk,Unclassified
USR0613,49,Mumbai,0,17,10.91,4,3,9.41,54,0,50000,1,1,1,1,6.02,1,retained,0,0.14673927,Low Risk,Unclassified
USR0614,50,Bengaluru,0,8,9.04,2,12,8.62,25,0,500000,0,0,1,1,11.57,1,retained,0,0.029843094,Low Risk,Unclassified
USR0615,34,Jaipur,1,8,6.27,2,36,7.51,52,0,500000,1,2,0,0,7.98,0,overwhelmed_firsttimer,1,0.87632394,High Risk,Overwhelmed First-Timer
USR0616,56,Bengaluru,0,12,13.69,5,6,6.94,38,0,10000,1,1,1,0,10.03,0,comparison_paralysis,1,0.9194586,High Risk,Comparison Paralysis
USR0617,27,Gorakhpur,1,8,19.48,5,3,6.93,6,0,100000,1,1,1,0,8.57,1,retained,0,0.043813102,Low Risk,Unclassified
USR0618,39,Pune,0,3,7.82,1,12,7.0,38,0,500000,1,4,1,0,2.03,0,retained,0,0.13681121,Low Risk,Unclassified
USR0619,26,Nagpur,0,15,9.32,3,6,6.64,31,0,10000,1,5,0,1,5.32,1,overwhelmed_firsttimer,1,0.964177,High Risk,Overwhelmed First-Timer
USR0620,46,Nagpur,0,6,9.54,5,24,9.21,25,1,10000,1,1,0,0,10.57,0,retained,0,0.0772272,Low Risk,Unclassified
USR0621,23,Surat,1,16,12.78,1,6,8.12,28,0,500000,0,0,0,0,8.45,0,retained,0,0.07652335,Low Risk,Unclassified
USR0622,31,Mumbai,0,8,5.8,2,12,8.6,24,1,100000,1,1,1,0,10.29,1,retained,0,0.07221734,Low Risk,Unclassified
USR0623,51,Bhopal,1,16,18.27,1,36,8.98,55,1,25000,1,5,0,0,5.72,0,kyc_dropout,1,0.991704,High Risk,KYC Dropout
USR0624,26,Mumbai,1,16,7.21,1,24,8.87,30,0,50000,1,1,1,0,3.31,1,retained,0,0.07016933,Low Risk,Unclassified
USR0625,54,Patna,1,11,15.81,1,24,9.15,1,0,10000,0,3,0,0,12.53,1,retained,0,0.078401364,Low Risk,Unclassified
USR0626,22,Nagpur,1,7,11.78,6,24,9.4,46,1,50000,1,1,1,0,5.96,1,retained,0,0.035286598,Low Risk,Unclassified
USR0627,39,Surat,1,17,13.3,1,3,7.82,28,1,100000,0,2,1,0,10.0,1,kyc_dropout,1,0.93806744,High Risk,KYC Dropout
USR0628,53,Coimbatore,1,17,4.77,5,12,9.35,48,0,25000,1,5,0,0,6.03,0,comparison_paralysis,1,0.98161143,High Risk,Comparison Paralysis
USR0629,32,Gorakhpur,1,12,16.44,6,24,8.67,31,0,200000,1,5,1,1,13.95,0,comparison_paralysis,1,0.81001294,High Risk,Comparison Paralysis
USR0630,42,Coimbatore,1,13,4.96,3,6,6.71,29,0,25000,1,3,1,0,14.88,0,retained,0,0.098753914,Low Risk,Unclassified
USR0631,47,Nagpur,1,10,3.38,1,36,8.55,14,0,100000,1,2,1,0,9.91,1,retained,0,0.050239988,Low Risk,Unclassified
USR0632,46,Nagpur,1,7,12.48,4,12,8.56,61,0,25000,1,2,1,0,9.23,1,retained,1,0.018402914,Low Risk,Unclassified
USR0633,43,Patna,1,14,15.9,2,6,9.22,16,0,200000,1,5,1,0,12.69,1,retained,0,0.043149017,Low Risk,Unclassified
USR0634,48,Coimbatore,1,1,2.05,2,3,7.62,21,0,10000,1,0,1,0,7.99,0,retained,0,0.016145358,Low Risk,Unclassified
USR0635,34,Lucknow,0,17,2.46,6,24,8.25,29,1,25000,1,1,1,0,13.11,1,comparison_paralysis,1,0.9469355,High Risk,Comparison Paralysis
USR0636,54,Lucknow,1,4,17.86,2,6,6.54,15,1,500000,1,2,0,0,6.49,0,kyc_dropout,1,0.9310034,High Risk,KYC Dropout
USR0637,55,Patna,1,5,17.99,2,12,7.5,51,1,500000,0,1,0,0,0.96,0,retained,0,0.021704182,Low Risk,Unclassified
USR0638,56,Lucknow,1,7,6.15,6,6,6.69,7,1,100000,1,1,0,0,13.94,1,retained,0,0.03585854,Low Risk,Unclassified
USR0639,22,Chennai,1,10,13.92,2,3,8.07,63,1,25000,1,0,0,0,10.96,1,overwhelmed_firsttimer,1,0.76296705,High Risk,Overwhelmed First-Timer
USR0640,42,Surat,1,17,10.31,1,36,8.95,38,0,200000,0,0,1,0,7.91,0,retained,0,0.07744552,Low Risk,Unclassified
USR0641,27,Surat,1,7,14.29,3,24,7.12,30,0,100000,1,2,1,0,14.2,0,retained,0,0.017179342,Low Risk,Unclassified
USR0642,49,Patna,1,1,19.12,6,12,8.08,11,1,25000,0,2,1,0,13.36,1,kyc_dropout,1,0.8918275,High Risk,KYC Dropout
USR0643,38,Mumbai,1,7,2.68,4,24,7.11,32,1,100000,1,5,0,0,2.07,1,kyc_dropout,1,0.98033464,High Risk,KYC Dropout
USR0644,26,Coimbatore,1,11,17.34,6,24,6.86,57,0,500000,0,3,1,1,9.55,1,comparison_paralysis,1,0.85414016,High Risk,Comparison Paralysis
USR0645,52,Patna,1,9,11.35,5,24,8.03,11,0,200000,1,1,1,1,8.3,0,retained,0,0.054484136,Low Risk,Unclassified
USR0646,26,Lucknow,1,12,12.85,4,6,6.74,24,1,10000,0,5,1,0,11.76,1,kyc_dropout,1,0.95845914,High Risk,KYC Dropout
USR0647,59,Coimbatore,1,3,14.73,5,6,8.26,37,0,200000,1,1,0,1,4.86,1,retained,0,0.07443504,Low Risk,Unclassified
USR0648,24,Bhopal,1,4,20.38,6,36,6.59,47,0,10000,1,0,0,0,0.62,1,retained,0,0.0738278,Low Risk,Unclassified
USR0649,44,Lucknow,1,4,2.19,5,3,6.82,54,1,50000,1,0,0,0,3.19,0,inactive_browser,1,0.71767414,High Risk,Silent Churner
USR0650,58,Chennai,1,13,1.62,4,12,8.15,2,0,500000,1,5,1,0,3.56,0,retained,0,0.069061466,Low Risk,Unclassified
USR0651,58,Gorakhpur,1,10,4.74,1,6,8.27,34,1,500000,1,2,0,0,4.73,1,kyc_dropout,1,0.9794973,High Risk,KYC Dropout
USR0652,31,Jaipur,1,5,21.72,6,24,6.59,50,1,500000,1,3,1,0,5.87,1,kyc_dropout,1,0.9435105,High Risk,KYC Dropout
USR0653,31,Coimbatore,0,7,16.02,6,3,8.22,26,0,200000,0,3,0,0,10.75,0,retained,0,0.044283956,Low Risk,Unclassified
USR0654,40,Chennai,0,16,13.91,2,12,9.02,36,0,10000,0,0,0,0,1.58,1,retained,0,0.1248965,Low Risk,Unclassified
USR0655,38,Mumbai,1,1,1.99,6,12,8.67,15,0,50000,0,0,0,1,7.55,1,retained,0,0.023879804,Low Risk,Unclassified
USR0656,42,Coimbatore,1,12,19.46,6,12,6.89,24,0,50000,1,3,1,0,7.73,1,comparison_paralysis,1,0.89498067,High Risk,Comparison Paralysis
USR0657,35,Coimbatore,1,2,18.07,1,12,8.28,32,1,50000,1,3,1,0,9.43,1,kyc_dropout,1,0.95586246,High Risk,KYC Dropout
USR0658,30,Lucknow,1,7,14.96,2,36,8.52,61,0,100000,1,2,1,1,5.0,1,retained,0,0.01958982,Low Risk,Unclassified
USR0659,22,Pune,1,11,8.12,3,12,6.61,16,0,200000,1,3,0,0,4.27,0,overwhelmed_firsttimer,1,0.9344388,High Risk,Overwhelmed First-Timer
USR0660,34,Chennai,1,13,2.48,5,3,9.07,42,0,200000,1,1,0,0,7.52,1,comparison_paralysis,1,0.99405694,High Risk,Comparison Paralysis
USR0661,25,Coimbatore,1,2,13.18,4,6,9.22,29,0,500000,0,3,1,0,10.06,1,retained,0,0.027131397,Low Risk,Unclassified
USR0662,22,Bengaluru,1,7,16.11,3,3,9.05,40,0,200000,0,4,0,0,1.15,1,retained,0,0.04741266,Low Risk,Unclassified
USR0663,61,Nagpur,1,15,2.98,2,24,8.97,3,1,200000,1,3,0,0,4.76,1,kyc_dropout,1,0.9850855,High Risk,KYC Dropout
USR0664,53,Coimbatore,1,11,14.31,1,36,8.73,59,0,100000,0,0,0,1,11.92,1,retained,0,0.11024537,Low Risk,Unclassified
USR0665,55,Bengaluru,1,2,7.01,4,36,8.4,8,0,200000,1,0,0,0,7.52,0,retained,0,0.054600395,Low Risk,Unclassified
USR0666,49,Coimbatore,1,7,17.05,5,24,8.54,30,0,10000,0,4,0,1,14.3,1,retained,0,0.028805422,Low Risk,Unclassified
USR0667,52,Mumbai,0,4,12.33,6,3,8.92,23,1,50000,1,1,0,0,13.08,1,retained,0,0.05008022,Low Risk,Unclassified
USR0668,29,Jaipur,1,11,3.71,6,3,8.49,23,0,100000,1,3,1,0,5.49,0,comparison_paralysis,1,0.7525981,High Risk,Comparison Paralysis
USR0669,60,Bengaluru,0,2,12.06,3,24,7.48,44,1,100000,1,3,1,0,11.03,1,kyc_dropout,1,0.9279445,High Risk,KYC Dropout
USR0670,47,Surat,1,16,9.31,5,12,7.63,36,0,500000,1,4,1,1,4.48,0,comparison_paralysis,1,0.84637064,High Risk,Comparison Paralysis
USR0671,55,Jaipur,1,7,4.79,2,12,9.19,57,1,200000,0,2,0,0,3.04,1,kyc_dropout,1,0.9675899,High Risk,KYC Dropout
USR0672,24,Bhopal,1,13,18.67,5,6,6.55,22,0,50000,0,2,1,1,13.27,1,comparison_paralysis,1,0.8568534,High Risk,Comparison Paralysis
USR0673,33,Surat,1,5,1.23,1,3,8.6,34,1,10000,0,1,0,0,5.58,1,retained,1,0.40828574,Medium Risk,Unclassified
USR0674,22,Patna,1,17,7.55,3,3,9.36,62,0,50000,0,3,1,0,3.45,0,retained,0,0.095456935,Low Risk,Unclassified
USR0675,26,Patna,1,12,1.26,3,24,8.62,5,1,25000,1,3,1,0,14.49,1,kyc_dropout,0,0.37801322,Low Risk,Unclassified
USR0676,51,Gorakhpur,1,7,3.02,1,24,9.48,5,0,50000,1,3,1,0,0.95,1,retained,0,0.039737295,Low Risk,Unclassified
USR0677,51,Mumbai,0,6,7.24,5,12,8.56,29,1,10000,0,0,1,0,5.82,1,retained,0,0.037612546,Low Risk,Unclassified
USR0678,38,Bengaluru,1,8,2.14,1,3,6.6,0,1,10000,1,5,0,0,1.06,0,kyc_dropout,1,0.9477934,High Risk,KYC Dropout
USR0679,44,Lucknow,1,13,13.53,4,3,8.98,62,0,10000,1,2,1,0,7.81,1,retained,0,0.069706425,Low Risk,Unclassified
USR0680,36,Mumbai,1,5,2.82,1,36,7.35,7,0,100000,1,5,1,1,6.32,0,retained,0,0.03759189,Low Risk,Unclassified
USR0681,58,Nagpur,1,2,15.74,5,6,7.84,27,1,100000,1,4,1,1,10.95,1,kyc_dropout,1,0.9544163,High Risk,KYC Dropout
USR0682,42,Surat,1,9,2.11,1,6,7.44,32,0,25000,1,5,1,0,14.33,1,retained,0,0.13752703,Low Risk,Unclassified
USR0683,35,Surat,0,11,2.25,2,12,7.31,52,1,50000,1,0,0,0,8.04,1,overwhelmed_firsttimer,1,0.94513404,High Risk,Overwhelmed First-Timer
USR0684,23,Mumbai,1,6,7.41,6,3,7.79,37,0,200000,1,0,0,0,4.64,1,retained,0,0.043321814,Low Risk,Unclassified
USR0685,32,Patna,0,7,19.83,1,36,7.64,51,0,500000,1,2,1,1,13.15,1,retained,1,0.2534736,Low Risk,Unclassified
USR0686,60,Gorakhpur,0,7,14.47,6,3,8.4,10,1,25000,0,3,0,1,9.27,1,kyc_dropout,1,0.932442,High Risk,KYC Dropout
USR0687,59,Pune,1,6,17.17,1,24,8.94,1,0,200000,0,1,0,0,8.53,1,retained,0,0.035790905,Low Risk,Unclassified
USR0688,55,Bhopal,0,11,3.97,5,12,7.39,52,1,200000,1,5,1,0,3.23,0,kyc_dropout,1,0.99525577,High Risk,KYC Dropout
USR0689,59,Gorakhpur,1,11,18.52,4,6,7.14,6,1,25000,0,4,0,0,1.09,1,kyc_dropout,1,0.913774,High Risk,KYC Dropout
USR0690,55,Lucknow,0,7,1.17,4,3,8.5,8,0,50000,1,2,1,0,7.19,1,retained,0,0.03263949,Low Risk,Unclassified
USR0691,39,Delhi,1,2,5.47,6,12,8.51,62,1,500000,1,1,1,1,8.16,1,retained,0,0.104445346,Low Risk,Unclassified
USR0692,51,Mumbai,0,4,13.94,5,6,9.2,10,1,200000,1,2,0,1,2.34,0,kyc_dropout,1,0.9637943,High Risk,KYC Dropout
USR0693,36,Jaipur,1,6,8.88,5,3,6.55,36,0,100000,0,2,1,0,1.36,0,retained,0,0.08836787,Low Risk,Unclassified
USR0694,48,Patna,1,17,21.67,5,36,9.06,13,1,100000,1,2,0,1,3.63,1,kyc_dropout,1,0.98864424,High Risk,KYC Dropout
USR0695,55,Lucknow,0,5,1.64,2,12,8.06,18,0,25000,0,2,0,0,1.41,1,retained,0,0.08445086,Low Risk,Unclassified
USR0696,59,Bhopal,1,7,21.97,3,3,8.36,7,0,500000,0,3,0,0,1.31,1,retained,0,0.033563472,Low Risk,Unclassified
USR0697,54,Nagpur,1,9,14.1,1,6,6.77,6,0,500000,1,0,1,0,6.94,1,retained,0,0.016309323,Low Risk,Unclassified
USR0698,45,Nagpur,0,1,12.73,5,6,7.8,58,1,200000,0,5,1,0,12.25,1,kyc_dropout,1,0.962994,High Risk,KYC Dropout
USR0699,36,Coimbatore,1,1,2.25,5,36,7.18,62,0,25000,1,2,1,0,10.13,1,inactive_browser,1,0.7952112,High Risk,Silent Churner
USR0700,51,Coimbatore,0,6,6.74,5,12,7.26,6,0,500000,0,1,1,0,10.35,1,retained,1,0.023000851,Low Risk,Unclassified
USR0701,38,Lucknow,1,10,20.42,4,12,8.01,54,0,500000,1,5,0,0,4.31,1,overwhelmed_firsttimer,1,0.9283835,High Risk,Comparison Paralysis
USR0702,26,Lucknow,0,11,8.44,5,3,8.94,2,0,100000,1,1,1,0,0.66,0,retained,0,0.042366717,Low Risk,Unclassified
USR0703,50,Mumbai,1,1,14.89,1,6,8.73,17,1,25000,1,1,1,1,7.03,1,retained,0,0.015658466,Low Risk,Unclassified
USR0704,25,Pune,1,1,21.99,5,6,8.27,44,1,200000,1,0,0,0,5.97,1,retained,0,0.20262133,Low Risk,Unclassified
USR0705,31,Surat,0,13,6.52,1,36,8.12,35,0,200000,1,0,1,0,14.23,1,retained,0,0.14131238,Low Risk,Unclassified
USR0706,38,Bhopal,1,5,13.1,2,36,7.78,15,0,100000,0,1,1,0,1.54,0,retained,0,0.013513848,Low Risk,Unclassified
USR0707,31,Jaipur,0,1,15.63,3,12,9.42,28,0,10000,1,3,1,0,11.76,1,retained,0,0.01236947,Low Risk,Unclassified
USR0708,38,Lucknow,0,3,4.46,4,6,8.18,58,0,10000,0,0,0,0,6.09,1,retained,1,0.5494177,Medium Risk,Unclassified
USR0709,41,Patna,1,9,4.12,1,3,7.26,17,0,500000,1,0,1,0,12.53,1,retained,0,0.016831124,Low Risk,Unclassified
USR0710,45,Bhopal,1,14,10.58,6,24,7.19,48,0,50000,1,3,0,0,7.68,1,comparison_paralysis,1,0.97125477,High Risk,Comparison Paralysis
USR0711,26,Bhopal,0,17,9.1,2,3,8.33,45,0,100000,1,2,1,0,12.4,0,retained,0,0.074222036,Low Risk,Unclassified
USR0712,55,Jaipur,1,14,16.0,3,36,8.07,28,0,50000,0,0,0,0,7.27,1,retained,0,0.0749639,Low Risk,Unclassified
USR0713,27,Gorakhpur,1,4,2.46,3,3,6.52,49,0,500000,0,5,1,0,6.33,1,inactive_browser,1,0.93973446,High Risk,Silent Churner
USR0714,23,Delhi,0,5,21.42,3,6,8.99,54,1,100000,1,1,0,0,14.47,0,retained,0,0.17906392,Low Risk,Unclassified
USR0715,34,Lucknow,0,17,1.3,1,12,8.61,26,0,200000,1,1,1,0,5.85,1,retained,0,0.22941387,Low Risk,Unclassified
USR0716,32,Nagpur,1,2,13.63,2,24,8.49,6,1,100000,1,3,0,0,12.18,1,kyc_dropout,1,0.960828,High Risk,KYC Dropout
USR0717,44,Bengaluru,1,5,12.82,5,12,6.71,40,0,25000,1,1,1,0,1.47,1,retained,0,0.03084673,Low Risk,Unclassified
USR0718,37,Bengaluru,0,4,3.83,6,24,7.59,10,0,50000,0,4,1,0,1.41,0,retained,0,0.01792081,Low Risk,Unclassified
USR0719,52,Lucknow,1,4,4.17,2,24,9.31,4,0,100000,1,1,1,0,6.85,0,retained,1,0.2855068,Low Risk,Unclassified
USR0720,32,Bengaluru,1,6,17.65,2,6,9.09,55,1,50000,0,3,0,0,8.99,1,kyc_dropout,1,0.96883196,High Risk,KYC Dropout
USR0721,37,Coimbatore,0,13,19.64,2,6,7.36,11,1,500000,0,3,0,0,9.32,1,kyc_dropout,1,0.9567656,High Risk,KYC Dropout
USR0722,29,Gorakhpur,1,5,6.94,1,36,6.97,41,1,100000,0,3,0,0,1.03,1,kyc_dropout,1,0.913137,High Risk,KYC Dropout
USR0723,25,Surat,1,7,10.2,6,36,7.85,9,1,10000,1,5,1,0,10.6,0,kyc_dropout,1,0.90873283,High Risk,KYC Dropout
USR0724,61,Nagpur,1,1,8.45,1,24,7.57,27,0,50000,0,4,1,0,2.38,1,retained,0,0.047393396,Low Risk,Unclassified
USR0725,25,Coimbatore,0,14,2.52,6,36,8.55,6,1,200000,1,0,1,0,14.35,1,retained,0,0.087365724,Low Risk,Unclassified
USR0726,46,Mumbai,1,4,15.14,6,6,9.4,13,1,200000,0,2,0,0,5.34,1,kyc_dropout,1,0.9407623,High Risk,KYC Dropout
USR0727,24,Bhopal,0,17,18.33,1,36,7.59,60,1,100000,0,1,0,0,4.29,0,retained,0,0.3693731,Low Risk,Unclassified
USR0728,53,Nagpur,0,14,7.4,6,24,6.69,50,1,200000,1,5,1,1,4.72,1,kyc_dropout,1,0.9810752,High Risk,KYC Dropout
USR0729,24,Patna,1,16,21.79,2,12,9.19,41,1,200000,1,0,0,0,14.09,0,overwhelmed_firsttimer,1,0.9242982,High Risk,Overwhelmed First-Timer
USR0730,48,Surat,0,14,2.59,1,3,6.61,7,0,50000,1,3,0,0,7.5,1,overwhelmed_firsttimer,1,0.95732445,High Risk,Overwhelmed First-Timer
USR0731,50,Gorakhpur,0,16,14.9,6,36,9.36,49,1,100000,1,0,0,0,6.8,1,comparison_paralysis,1,0.975155,High Risk,Comparison Paralysis
USR0732,53,Lucknow,1,8,10.41,3,6,8.49,0,1,50000,0,0,0,0,8.71,1,retained,0,0.109822325,Low Risk,Unclassified
USR0733,40,Coimbatore,0,3,10.38,1,12,9.33,10,1,100000,1,4,0,0,14.0,1,kyc_dropout,1,0.9465805,High Risk,KYC Dropout
USR0734,42,Jaipur,0,1,10.61,4,6,7.1,47,0,200000,1,3,1,0,4.97,1,retained,0,0.05738657,Low Risk,Unclassified
USR0735,26,Coimbatore,1,2,6.43,1,36,6.62,9,0,100000,1,5,0,0,3.12,0,retained,0,0.07965665,Low Risk,Unclassified
USR0736,39,Surat,1,15,16.03,1,24,7.96,14,1,500000,1,5,1,1,9.13,1,kyc_dropout,0,0.9543987,High Risk,KYC Dropout
USR0737,49,Pune,1,10,16.15,1,3,7.85,46,1,100000,1,3,1,1,7.63,1,kyc_dropout,1,0.9246533,High Risk,KYC Dropout
USR0738,43,Jaipur,1,14,6.93,6,3,7.49,24,1,25000,0,1,1,0,1.4,1,comparison_paralysis,1,0.7867029,High Risk,Comparison Paralysis
USR0739,42,Chennai,1,17,18.54,1,12,9.37,5,0,100000,0,5,0,1,8.07,1,retained,0,0.09585901,Low Risk,Unclassified
USR0740,27,Surat,1,13,7.65,4,3,8.97,10,1,25000,1,5,0,0,8.66,0,kyc_dropout,1,0.9875968,High Risk,KYC Dropout
USR0741,22,Jaipur,1,1,16.23,5,24,8.48,16,0,50000,0,1,0,0,10.57,1,retained,0,0.012354054,Low Risk,Unclassified
USR0742,26,Surat,1,5,3.54,1,6,6.99,14,1,25000,1,1,1,0,14.94,0,retained,0,0.06273935,Low Risk,Unclassified
USR0743,33,Surat,0,13,4.54,3,24,8.7,15,0,50000,1,5,1,0,6.61,1,retained,0,0.035687175,Low Risk,Unclassified
USR0744,47,Lucknow,1,14,7.63,4,12,8.68,55,1,100000,1,5,1,1,7.9,1,kyc_dropout,1,0.9466903,High Risk,KYC Dropout
USR0745,55,Bhopal,1,3,13.47,5,12,7.78,35,0,50000,0,5,0,0,1.59,1,retained,0,0.027784077,Low Risk,Unclassified
USR0746,35,Jaipur,0,15,14.56,6,3,9.27,37,0,200000,0,1,1,0,12.56,1,comparison_paralysis,1,0.93140686,High Risk,Comparison Paralysis
USR0747,47,Gorakhpur,1,17,9.32,1,24,7.0,2,0,500000,1,5,1,0,1.92,1,retained,0,0.07103587,Low Risk,Unclassified
USR0748,48,Lucknow,1,3,2.63,5,6,7.3,17,0,100000,1,0,0,0,14.04,1,retained,0,0.059760164,Low Risk,Unclassified
USR0749,30,Gorakhpur,1,16,8.85,3,24,6.69,53,1,25000,1,0,0,1,5.55,0,overwhelmed_firsttimer,1,0.8585626,High Risk,Overwhelmed First-Timer
USR0750,47,Delhi,1,14,15.46,4,6,8.89,16,1,500000,1,1,1,1,5.39,1,retained,0,0.036687747,Low Risk,Unclassified
USR0751,43,Nagpur,1,12,15.09,4,6,8.37,12,1,10000,1,1,0,0,5.26,0,overwhelmed_firsttimer,0,0.5459711,Medium Risk,Overwhelmed First-Timer
USR0752,51,Bengaluru,1,12,4.36,6,24,7.44,62,0,500000,1,1,1,0,14.28,0,comparison_paralysis,1,0.9528964,High Risk,Comparison Paralysis
USR0753,38,Gorakhpur,1,11,1.16,6,36,6.99,13,1,100000,1,2,0,0,14.71,1,kyc_dropout,1,0.9047334,High Risk,KYC Dropout
USR0754,47,Bhopal,1,17,16.81,6,24,6.62,58,0,500000,0,1,0,0,14.61,1,comparison_paralysis,1,0.8804521,High Risk,Comparison Paralysis
USR0755,57,Coimbatore,1,8,3.23,5,6,7.0,35,1,500000,1,2,1,1,10.72,0,kyc_dropout,1,0.92758423,High Risk,KYC Dropout
USR0756,22,Jaipur,1,17,2.73,1,12,7.86,17,1,200000,1,1,0,0,2.11,0,overwhelmed_firsttimer,1,0.91697866,High Risk,Overwhelmed First-Timer
USR0757,29,Bhopal,0,11,1.06,2,12,7.24,4,0,50000,0,3,1,0,6.1,0,retained,0,0.038950037,Low Risk,Unclassified
USR0758,56,Jaipur,1,2,10.08,4,3,7.28,13,0,500000,0,4,1,0,4.69,1,retained,0,0.028280778,Low Risk,Unclassified
USR0759,36,Bengaluru,0,10,11.57,2,12,9.13,24,0,25000,1,5,1,0,10.77,1,retained,0,0.07362761,Low Risk,Unclassified
USR0760,43,Surat,1,10,14.39,4,36,8.05,43,1,25000,0,5,1,0,7.64,1,kyc_dropout,1,0.9255819,High Risk,KYC Dropout
USR0761,35,Bengaluru,1,11,7.22,6,6,8.69,38,0,200000,0,0,0,0,9.44,1,comparison_paralysis,1,0.8725074,High Risk,Comparison Paralysis
USR0762,47,Jaipur,1,6,15.92,1,24,6.61,11,1,500000,1,3,1,0,0.63,1,kyc_dropout,1,0.870198,High Risk,KYC Dropout
USR0763,49,Chennai,1,4,4.56,1,24,7.6,60,0,500000,0,4,1,0,11.85,1,retained,0,0.048197713,Low Risk,Unclassified
USR0764,44,Surat,0,12,18.47,4,36,7.94,61,1,200000,0,5,1,0,14.3,1,kyc_dropout,1,0.95169216,High Risk,KYC Dropout
USR0765,35,Pune,0,11,13.01,5,12,7.06,52,1,100000,1,5,0,0,10.21,1,kyc_dropout,1,0.9917064,High Risk,KYC Dropout
USR0766,45,Coimbatore,1,13,13.26,6,6,6.86,52,0,10000,1,2,0,0,12.85,0,comparison_paralysis,1,0.9597005,High Risk,Comparison Paralysis
USR0767,23,Nagpur,1,5,5.41,1,12,9.11,27,1,10000,1,0,1,0,7.43,0,retained,0,0.026762942,Low Risk,Unclassified
USR0768,47,Bhopal,0,6,2.56,1,3,9.32,34,1,50000,1,2,1,0,0.79,1,kyc_dropout,1,0.9210771,High Risk,KYC Dropout
USR0769,35,Lucknow,1,1,10.76,3,12,6.74,64,1,25000,1,2,0,0,14.86,1,kyc_dropout,1,0.7874365,High Risk,KYC Dropout
USR0770,28,Bhopal,1,6,13.93,1,3,7.55,2,0,100000,1,0,1,0,1.35,1,retained,0,0.012956073,Low Risk,Unclassified
USR0771,24,Mumbai,0,9,3.0,3,24,9.37,42,0,25000,0,4,0,0,3.3,0,inactive_browser,1,0.87175393,High Risk,Silent Churner
USR0772,44,Gorakhpur,1,15,20.96,1,6,6.75,49,0,100000,0,0,1,0,1.26,1,retained,0,0.04107322,Low Risk,Unclassified
USR0773,39,Patna,1,8,21.59,1,3,8.43,8,0,200000,1,1,1,0,9.56,1,retained,0,0.042837627,Low Risk,Unclassified
USR0774,59,Jaipur,1,16,12.45,5,12,9.42,35,0,50000,1,2,1,0,8.96,0,comparison_paralysis,1,0.93045384,High Risk,Comparison Paralysis
USR0775,56,Delhi,1,6,20.95,5,12,9.43,22,0,200000,1,1,1,1,3.54,1,retained,0,0.03228051,Low Risk,Unclassified
USR0776,36,Patna,1,6,4.77,6,24,7.91,49,1,25000,1,0,0,1,14.37,1,retained,0,0.058633123,Low Risk,Unclassified
USR0777,46,Bengaluru,1,3,1.53,1,36,6.99,54,0,50000,1,0,0,1,13.75,1,inactive_browser,1,0.91570294,High Risk,Silent Churner
USR0778,58,Surat,1,10,1.83,6,36,7.11,11,1,500000,0,5,0,1,4.56,1,kyc_dropout,1,0.93013626,High Risk,KYC Dropout
USR0779,49,Surat,0,1,13.34,6,12,9.17,31,0,100000,1,4,1,0,10.05,0,retained,0,0.08582943,Low Risk,Unclassified
USR0780,31,Jaipur,0,14,2.29,6,36,9.24,23,1,100000,1,2,0,1,12.9,0,kyc_dropout,1,0.9761376,High Risk,KYC Dropout
USR0781,60,Coimbatore,1,4,21.13,6,6,8.32,26,1,50000,1,3,0,0,5.72,1,kyc_dropout,1,0.9317432,High Risk,KYC Dropout
USR0782,38,Bhopal,1,12,3.98,4,36,8.8,60,0,200000,0,0,1,0,4.18,1,inactive_browser,1,0.7545742,High Risk,Comparison Paralysis
USR0783,60,Bhopal,1,6,7.4,4,6,8.72,18,1,50000,1,5,1,0,4.21,1,kyc_dropout,1,0.9654619,High Risk,KYC Dropout
USR0784,43,Patna,1,11,18.27,1,12,8.49,50,0,200000,1,3,1,0,12.4,1,retained,0,0.116834946,Low Risk,Unclassified
USR0785,47,Nagpur,1,12,5.59,4,12,8.98,63,1,50000,0,2,1,1,7.21,1,kyc_dropout,1,0.92057246,High Risk,KYC Dropout
USR0786,46,Bhopal,0,10,6.1,1,12,8.56,1,0,200000,1,1,0,0,10.87,1,overwhelmed_firsttimer,1,0.9459679,High Risk,Overwhelmed First-Timer
USR0787,38,Lucknow,1,7,14.49,5,24,8.1,35,0,10000,1,2,0,0,9.93,0,retained,0,0.03720503,Low Risk,Unclassified
USR0788,34,Pune,1,7,6.8,2,36,7.21,10,0,50000,1,4,1,1,4.94,0,retained,0,0.017750917,Low Risk,Unclassified
USR0789,41,Patna,1,11,5.57,3,3,8.73,63,0,200000,0,3,0,0,3.52,1,retained,0,0.23006776,Low Risk,Unclassified
USR0790,46,Lucknow,1,4,6.34,4,3,7.92,0,0,500000,0,5,0,1,2.32,1,retained,0,0.1195392,Low Risk,Unclassified
USR0791,25,Jaipur,0,1,11.3,4,12,7.38,25,0,25000,1,3,1,1,0.85,1,retained,0,0.012977964,Low Risk,Unclassified
USR0792,31,Surat,1,13,21.29,5,36,8.91,10,0,25000,1,1,1,0,1.68,1,retained,0,0.08365909,Low Risk,Unclassified
USR0793,24,Jaipur,1,9,18.48,4,6,8.59,1,1,50000,1,5,0,0,4.22,1,kyc_dropout,1,0.9935363,High Risk,KYC Dropout
USR0794,39,Surat,1,9,6.98,1,3,9.31,39,0,50000,1,1,0,0,10.85,0,overwhelmed_firsttimer,1,0.9358147,High Risk,Overwhelmed First-Timer
USR0795,57,Jaipur,1,9,8.63,1,12,7.0,3,0,100000,0,0,1,1,2.75,0,retained,0,0.012127206,Low Risk,Unclassified
USR0796,43,Bhopal,1,10,10.75,2,3,8.45,36,0,200000,1,2,0,0,8.09,1,overwhelmed_firsttimer,1,0.94090104,High Risk,Overwhelmed First-Timer
USR0797,55,Lucknow,1,2,21.56,2,3,7.23,60,1,50000,1,4,0,0,4.05,1,kyc_dropout,1,0.9693788,High Risk,KYC Dropout
USR0798,29,Pune,1,6,4.62,2,3,9.21,4,0,25000,1,0,1,0,7.92,0,retained,0,0.018007956,Low Risk,Unclassified
USR0799,61,Mumbai,1,15,8.51,1,12,6.8,14,0,25000,1,2,0,0,11.38,1,overwhelmed_firsttimer,1,0.9544119,High Risk,Overwhelmed First-Timer
USR0800,40,Lucknow,1,3,16.32,6,12,8.47,25,0,25000,1,1,0,0,4.36,1,retained,0,0.025674632,Low Risk,Unclassified
USR0801,58,Mumbai,0,11,21.24,6,24,8.87,5,0,200000,1,4,1,1,5.54,1,retained,0,0.04924478,Low Risk,Unclassified
USR0802,27,Lucknow,1,6,4.27,2,24,7.56,43,0,10000,0,1,1,0,10.98,1,retained,0,0.032474864,Low Risk,Unclassified
USR0803,47,Jaipur,1,3,5.77,2,24,9.36,57,0,50000,0,5,1,1,8.42,1,retained,0,0.0581385,Low Risk,Unclassified
USR0804,55,Surat,1,11,5.74,1,3,9.05,45,0,10000,0,1,1,0,1.87,1,retained,0,0.061601542,Low Risk,Unclassified
USR0805,27,Surat,1,15,1.44,5,36,7.38,41,0,200000,1,3,1,0,11.49,1,comparison_paralysis,1,0.97833186,High Risk,Comparison Paralysis
USR0806,58,Nagpur,1,13,13.69,4,12,6.52,47,0,500000,0,2,1,0,4.52,1,retained,0,0.064969294,Low Risk,Unclassified
USR0807,54,Chennai,1,10,15.08,3,24,7.39,26,0,50000,1,0,1,0,6.08,0,retained,0,0.09262318,Low Risk,Unclassified
USR0808,43,Mumbai,1,6,13.65,6,36,7.34,19,0,100000,1,3,1,0,4.06,1,retained,0,0.036888994,Low Risk,Unclassified
USR0809,42,Patna,1,15,2.5,6,24,9.17,34,1,50000,1,5,0,0,8.38,1,kyc_dropout,1,0.9949732,High Risk,KYC Dropout
USR0810,27,Patna,0,7,2.45,1,24,9.4,47,0,50000,0,2,1,0,10.76,0,inactive_browser,1,0.9109969,High Risk,Silent Churner
USR0811,27,Chennai,0,15,5.42,1,36,6.71,51,1,50000,1,5,1,0,12.15,0,kyc_dropout,1,0.95430154,High Risk,KYC Dropout
USR0812,25,Mumbai,1,9,7.1,3,24,7.91,3,0,50000,1,2,1,0,13.87,0,retained,0,0.038672175,Low Risk,Unclassified
USR0813,51,Patna,0,2,17.52,3,3,8.14,38,0,500000,1,2,0,0,5.71,0,retained,0,0.073823944,Low Risk,Unclassified
USR0814,32,Coimbatore,1,8,4.35,2,3,6.78,20,1,50000,1,4,1,0,14.02,1,kyc_dropout,1,0.8819888,High Risk,KYC Dropout
USR0815,51,Lucknow,1,2,1.93,3,3,7.63,15,0,200000,1,3,1,0,9.45,1,retained,0,0.03984932,Low Risk,Unclassified
USR0816,52,Jaipur,1,11,9.27,4,6,7.45,6,0,50000,1,0,0,0,6.15,1,overwhelmed_firsttimer,1,0.93137956,High Risk,Overwhelmed First-Timer
USR0817,45,Patna,0,7,9.74,4,24,8.11,8,0,500000,1,3,1,0,13.37,1,retained,0,0.028192922,Low Risk,Unclassified
USR0818,30,Jaipur,1,6,10.47,6,6,8.48,16,0,200000,1,5,1,0,8.9,1,retained,0,0.025418608,Low Risk,Unclassified
USR0819,24,Pune,1,10,18.36,4,12,8.61,11,1,50000,1,1,1,1,7.09,0,retained,0,0.05154356,Low Risk,Unclassified
USR0820,52,Chennai,1,5,3.06,4,36,6.91,56,0,50000,1,5,1,0,0.67,1,inactive_browser,1,0.5798258,Medium Risk,Silent Churner
USR0821,61,Mumbai,0,11,15.78,4,12,8.94,44,0,200000,1,2,1,0,10.9,1,retained,0,0.0780062,Low Risk,Unclassified
USR0822,58,Bhopal,1,1,8.1,2,6,8.54,10,1,50000,1,1,1,0,1.62,1,retained,0,0.043711267,Low Risk,Unclassified
USR0823,57,Jaipur,1,2,7.51,6,3,9.17,12,1,500000,1,3,1,0,4.7,1,kyc_dropout,1,0.9704999,High Risk,KYC Dropout
USR0824,45,Bhopal,1,1,20.58,1,24,7.85,30,1,25000,0,0,1,0,14.44,1,retained,0,0.024649993,Low Risk,Unclassified
USR0825,52,Delhi,1,2,6.22,6,24,9.18,25,0,50000,1,1,0,0,2.75,1,retained,0,0.053737715,Low Risk,Unclassified
USR0826,27,Lucknow,1,4,14.49,6,3,9.1,62,1,100000,1,1,0,0,5.02,1,retained,0,0.070740744,Low Risk,Unclassified
USR0827,23,Bhopal,1,12,6.78,6,24,7.82,30,1,200000,1,4,0,1,14.02,1,kyc_dropout,1,0.98843783,High Risk,KYC Dropout
USR0828,41,Bhopal,0,1,11.65,3,36,7.64,21,1,500000,0,3,1,1,5.4,1,kyc_dropout,1,0.96577835,High Risk,KYC Dropout
USR0829,49,Jaipur,1,1,17.51,1,36,9.3,5,1,50000,1,1,1,0,5.27,1,retained,0,0.035739556,Low Risk,Unclassified
USR0830,32,Delhi,1,14,19.52,3,36,8.65,19,1,50000,1,3,1,1,9.9,1,kyc_dropout,1,0.93345934,High Risk,KYC Dropout
USR0831,25,Nagpur,1,4,18.61,2,12,9.28,9,0,200000,1,0,1,0,2.4,1,retained,0,0.019523801,Low Risk,Unclassified
USR0832,36,Nagpur,1,5,13.23,2,3,8.89,34,0,10000,1,1,1,0,14.6,1,retained,0,0.008463255,Low Risk,Unclassified
USR0833,27,Delhi,0,11,6.23,5,36,8.33,25,1,500000,1,0,1,0,4.49,1,comparison_paralysis,1,0.8208045,High Risk,Comparison Paralysis
USR0834,51,Lucknow,0,13,14.89,5,6,6.85,36,0,500000,1,5,0,1,11.89,0,comparison_paralysis,1,0.974026,High Risk,Comparison Paralysis
USR0835,59,Gorakhpur,1,16,15.91,2,36,7.37,7,0,25000,1,1,1,1,4.67,1,retained,0,0.03730831,Low Risk,Unclassified
USR0836,23,Chennai,0,13,1.22,2,12,9.41,4,0,25000,0,2,1,0,4.49,1,retained,0,0.05494925,Low Risk,Unclassified
USR0837,36,Jaipur,1,2,10.22,3,6,7.46,43,1,50000,1,4,1,0,1.33,1,kyc_dropout,1,0.9308718,High Risk,KYC Dropout
USR0838,32,Pune,1,16,18.71,2,3,6.78,48,0,200000,1,4,1,1,2.23,0,retained,0,0.37289476,Low Risk,Unclassified
USR0839,29,Pune,1,6,11.28,1,3,8.62,35,1,100000,0,4,1,0,8.07,1,kyc_dropout,1,0.9510213,High Risk,KYC Dropout
USR0840,47,Nagpur,1,14,7.54,3,36,8.7,25,0,50000,1,0,0,0,8.86,1,overwhelmed_firsttimer,1,0.91062963,High Risk,Overwhelmed First-Timer
USR0841,26,Lucknow,1,1,19.31,2,6,7.36,44,0,25000,0,3,0,0,12.33,1,retained,0,0.027213542,Low Risk,Unclassified
USR0842,27,Surat,1,17,4.27,3,6,7.39,60,0,50000,1,4,1,0,1.37,1,retained,0,0.09775045,Low Risk,Unclassified
USR0843,47,Chennai,1,11,5.34,3,36,7.91,43,0,200000,1,5,0,0,5.66,1,overwhelmed_firsttimer,1,0.9574346,High Risk,Overwhelmed First-Timer
USR0844,25,Lucknow,0,3,15.43,4,36,6.57,3,1,500000,1,1,0,0,3.4,1,retained,0,0.06389059,Low Risk,Unclassified
USR0845,40,Surat,1,11,8.4,5,24,8.87,57,1,500000,1,1,0,0,5.69,1,comparison_paralysis,1,0.97640127,High Risk,Comparison Paralysis
USR0846,41,Jaipur,1,5,15.97,3,24,7.45,25,1,500000,1,2,0,1,5.64,1,kyc_dropout,1,0.9624366,High Risk,KYC Dropout
USR0847,54,Jaipur,1,17,4.31,6,36,9.06,28,0,500000,1,0,1,0,5.64,0,comparison_paralysis,1,0.93151695,High Risk,Comparison Paralysis
USR0848,41,Bengaluru,1,7,6.3,3,12,8.91,8,0,100000,1,1,1,0,4.99,1,retained,0,0.012693531,Low Risk,Unclassified
USR0849,33,Patna,1,10,4.29,6,24,8.48,35,0,10000,1,1,1,1,11.58,0,comparison_paralysis,1,0.88275576,High Risk,Comparison Paralysis
USR0850,22,Gorakhpur,0,11,21.01,4,36,7.47,3,0,100000,0,2,1,1,10.5,0,retained,0,0.019284878,Low Risk,Unclassified
USR0851,47,Bhopal,0,3,9.51,2,6,8.05,58,0,50000,1,2,0,0,5.45,1,retained,0,0.1242497,Low Risk,Unclassified
USR0852,35,Gorakhpur,1,10,8.08,3,24,7.83,36,1,25000,0,3,0,0,2.62,0,kyc_dropout,1,0.9654786,High Risk,KYC Dropout
USR0853,59,Nagpur,0,10,1.3,4,12,7.52,12,0,200000,1,3,1,0,8.02,1,retained,1,0.439158,Medium Risk,Unclassified
USR0854,58,Coimbatore,1,14,4.22,1,3,9.04,19,0,50000,0,3,1,0,13.82,1,retained,0,0.029258253,Low Risk,Unclassified
USR0855,32,Surat,0,12,9.84,4,6,7.95,16,1,10000,0,1,0,1,2.29,1,retained,0,0.49339297,Medium Risk,Unclassified
USR0856,57,Coimbatore,1,15,2.44,5,12,9.0,50,0,200000,0,2,1,0,11.42,0,comparison_paralysis,1,0.9731748,High Risk,Comparison Paralysis
USR0857,34,Bhopal,0,10,11.73,5,12,6.82,54,1,200000,0,5,0,0,9.19,0,kyc_dropout,1,0.9838245,High Risk,KYC Dropout
USR0858,24,Pune,1,10,10.56,2,12,6.92,32,1,200000,1,0,0,0,9.03,1,overwhelmed_firsttimer,1,0.85776883,High Risk,Overwhelmed First-Timer
USR0859,54,Chennai,0,1,17.11,6,6,9.43,20,0,50000,1,3,0,1,14.05,1,retained,1,0.034967788,Low Risk,Unclassified
USR0860,27,Bhopal,1,10,14.86,2,12,8.26,21,0,10000,1,5,1,0,14.36,0,retained,0,0.05992773,Low Risk,Unclassified
USR0861,31,Jaipur,1,2,10.36,6,3,8.03,24,1,50000,1,4,1,0,4.04,1,kyc_dropout,1,0.9640969,High Risk,KYC Dropout
USR0862,26,Mumbai,1,17,5.72,6,24,8.07,11,0,200000,0,1,0,0,12.22,0,retained,0,0.08043464,Low Risk,Unclassified
USR0863,44,Bengaluru,0,7,16.26,6,6,7.15,14,0,200000,1,0,1,0,9.5,1,retained,0,0.01278819,Low Risk,Unclassified
USR0864,31,Nagpur,1,7,15.87,6,12,8.66,1,1,25000,0,1,1,1,6.43,1,retained,0,0.009256378,Low Risk,Unclassified
USR0865,23,Gorakhpur,0,9,4.22,5,36,6.75,3,0,100000,1,5,1,0,10.15,0,retained,0,0.029906519,Low Risk,Unclassified
USR0866,34,Bhopal,1,2,20.21,5,24,8.22,44,0,50000,1,3,0,0,14.36,1,retained,0,0.028624527,Low Risk,Unclassified
USR0867,61,Gorakhpur,1,14,2.35,3,6,8.21,12,1,10000,1,5,0,1,7.99,1,kyc_dropout,1,0.9701313,High Risk,KYC Dropout
USR0868,23,Surat,1,17,2.16,5,36,9.24,54,1,200000,0,5,0,0,14.13,1,kyc_dropout,1,0.9920757,High Risk,KYC Dropout
USR0869,41,Lucknow,0,1,4.93,2,36,8.08,31,0,50000,0,1,1,0,9.82,0,retained,1,0.41432256,Medium Risk,Unclassified
USR0870,22,Jaipur,1,9,20.1,5,12,6.91,21,0,100000,1,3,1,1,7.5,0,retained,0,0.092333995,Low Risk,Unclassified
USR0871,58,Gorakhpur,1,4,11.92,2,6,8.22,54,0,50000,1,1,0,0,9.84,1,retained,0,0.034068353,Low Risk,Unclassified
USR0872,30,Gorakhpur,1,8,17.55,1,12,6.77,16,0,100000,1,3,1,0,9.24,1,retained,0,0.02991619,Low Risk,Unclassified
USR0873,38,Lucknow,0,13,5.78,5,3,7.11,50,1,50000,1,2,1,0,6.61,1,kyc_dropout,1,0.9753407,High Risk,KYC Dropout
USR0874,30,Pune,1,4,11.29,2,36,6.59,7,1,25000,1,2,1,0,8.66,0,kyc_dropout,1,0.83654034,High Risk,KYC Dropout
USR0875,32,Bengaluru,1,9,8.52,6,3,8.04,60,1,50000,1,2,1,0,10.7,1,kyc_dropout,1,0.9021704,High Risk,KYC Dropout
USR0876,36,Lucknow,1,9,18.38,4,12,6.75,9,0,500000,0,2,1,0,12.66,1,retained,0,0.0256005,Low Risk,Unclassified
USR0877,45,Patna,1,12,1.47,6,24,7.91,18,0,25000,1,2,1,0,4.91,0,retained,0,0.069028854,Low Risk,Unclassified
USR0878,59,Nagpur,1,10,6.12,3,36,9.3,13,0,100000,0,4,0,0,0.71,0,retained,0,0.0822554,Low Risk,Unclassified
USR0879,56,Jaipur,1,11,4.2,2,24,8.66,54,0,200000,1,1,0,0,8.49,1,overwhelmed_firsttimer,1,0.95757216,High Risk,Overwhelmed First-Timer
USR0880,51,Surat,1,7,19.04,6,6,6.73,60,0,200000,1,5,1,0,7.59,1,retained,0,0.0921002,Low Risk,Unclassified
USR0881,52,Nagpur,1,9,10.82,5,36,7.17,55,0,50000,1,2,1,1,1.29,0,retained,0,0.13260832,Low Risk,Unclassified
USR0882,26,Jaipur,1,6,9.49,5,3,8.52,62,0,10000,0,4,1,0,9.67,1,retained,0,0.023123417,Low Risk,Unclassified
USR0883,35,Chennai,1,16,10.44,1,24,9.18,10,1,50000,1,4,1,0,14.15,1,kyc_dropout,1,0.9620677,High Risk,KYC Dropout
USR0884,32,Nagpur,0,15,21.41,4,6,6.6,46,1,25000,1,1,1,1,6.33,1,retained,1,0.70496106,High Risk,Comparison Paralysis
USR0885,30,Jaipur,1,7,18.86,2,36,8.94,5,0,25000,1,1,1,0,13.47,0,retained,0,0.01242155,Low Risk,Unclassified
USR0886,55,Patna,1,16,15.83,6,6,8.19,33,0,100000,1,3,1,0,12.29,1,comparison_paralysis,1,0.914056,High Risk,Comparison Paralysis
USR0887,33,Coimbatore,0,5,7.1,4,3,8.14,64,1,50000,0,3,0,1,2.84,0,kyc_dropout,1,0.9842322,High Risk,KYC Dropout
USR0888,56,Mumbai,1,16,4.47,1,36,9.37,63,1,100000,1,2,1,0,11.92,0,kyc_dropout,1,0.9340495,High Risk,KYC Dropout
USR0889,56,Jaipur,1,1,20.35,3,6,8.74,30,0,10000,1,0,1,1,7.99,0,retained,0,0.009027,Low Risk,Unclassified
USR0890,22,Chennai,1,5,9.88,4,12,9.05,61,1,200000,1,3,1,1,13.82,0,kyc_dropout,1,0.9335572,High Risk,KYC Dropout
USR0891,61,Gorakhpur,1,7,6.85,1,36,7.56,53,1,200000,0,0,1,0,3.25,0,retained,1,0.030772641,Low Risk,Unclassified
USR0892,43,Delhi,0,5,10.89,2,36,8.16,7,0,50000,1,5,1,0,2.31,1,retained,1,0.3281389,Low Risk,Unclassified
USR0893,50,Nagpur,1,17,20.27,3,36,8.35,41,0,100000,1,3,0,1,4.0,1,overwhelmed_firsttimer,1,0.93587106,High Risk,Overwhelmed First-Timer
USR0894,29,Coimbatore,1,8,9.13,5,36,7.46,40,0,100000,0,5,0,0,1.36,0,retained,0,0.10802723,Low Risk,Unclassified
USR0895,32,Jaipur,1,1,12.82,1,12,8.21,58,0,10000,1,4,1,0,5.14,1,retained,0,0.02441836,Low Risk,Unclassified
USR0896,58,Surat,1,2,17.86,5,3,7.21,39,0,100000,1,4,1,1,4.6,1,retained,0,0.04429086,Low Risk,Unclassified
USR0897,35,Bengaluru,1,15,9.97,3,12,6.93,21,1,500000,1,5,1,0,6.54,0,kyc_dropout,1,0.96659005,High Risk,KYC Dropout
USR0898,51,Bhopal,1,11,5.9,1,12,7.62,23,1,500000,1,4,1,0,7.21,0,kyc_dropout,1,0.92931336,High Risk,KYC Dropout
USR0899,56,Coimbatore,1,10,21.89,1,6,8.72,37,0,25000,1,5,0,1,2.6,1,overwhelmed_firsttimer,1,0.91478354,High Risk,Overwhelmed First-Timer
USR0900,42,Nagpur,1,4,21.09,3,24,9.25,1,0,500000,0,0,0,0,9.48,1,retained,0,0.023703698,Low Risk,Unclassified
USR0901,58,Pune,1,5,18.71,2,24,7.87,40,1,500000,1,2,1,1,3.74,1,kyc_dropout,1,0.9558821,High Risk,KYC Dropout
USR0902,26,Surat,1,4,15.46,1,6,8.43,18,0,25000,1,5,1,0,2.27,1,retained,0,0.06102564,Low Risk,Unclassified
USR0903,40,Delhi,0,13,7.19,3,12,6.81,1,0,500000,1,3,1,0,10.78,0,retained,0,0.033069354,Low Risk,Unclassified
USR0904,35,Coimbatore,1,13,20.18,4,6,9.21,61,1,500000,0,3,1,0,0.83,1,kyc_dropout,1,0.9467551,High Risk,KYC Dropout
USR0905,47,Bhopal,0,2,6.79,5,36,8.21,15,0,25000,1,0,1,0,5.84,0,retained,0,0.02533074,Low Risk,Unclassified
USR0906,25,Surat,0,16,17.82,1,6,8.84,21,0,50000,1,5,1,0,2.59,1,retained,0,0.12386665,Low Risk,Unclassified
USR0907,46,Nagpur,0,1,20.28,4,6,8.88,13,0,25000,0,4,0,0,13.3,1,retained,0,0.012568344,Low Risk,Unclassified
USR0908,46,Patna,1,9,13.66,1,36,7.27,55,0,25000,0,2,0,0,12.45,1,retained,0,0.10507002,Low Risk,Unclassified
USR0909,39,Chennai,0,3,17.86,2,24,8.09,64,0,500000,0,3,0,0,1.38,1,retained,0,0.052228734,Low Risk,Unclassified
USR0910,61,Bengaluru,1,7,17.63,3,36,9.38,44,0,200000,1,2,0,1,8.48,0,retained,0,0.108035274,Low Risk,Unclassified
USR0911,29,Nagpur,1,10,5.06,1,3,6.77,53,0,500000,1,2,0,0,4.78,1,overwhelmed_firsttimer,1,0.9367305,High Risk,Overwhelmed First-Timer
USR0912,60,Lucknow,1,1,15.03,3,6,8.55,45,0,50000,0,1,1,1,3.29,1,retained,0,0.018872995,Low Risk,Unclassified
USR0913,61,Coimbatore,0,10,2.96,6,6,9.39,32,0,25000,0,2,0,0,5.02,1,comparison_paralysis,1,0.91152084,High Risk,Comparison Paralysis
USR0914,35,Jaipur,0,9,11.66,1,24,7.4,49,0,10000,1,5,0,0,12.33,1,overwhelmed_firsttimer,1,0.7383691,High Risk,Overwhelmed First-Timer
USR0915,53,Patna,0,15,4.41,2,12,9.08,21,0,25000,0,1,1,0,1.34,0,retained,0,0.052855566,Low Risk,Unclassified
USR0916,59,Gorakhpur,1,15,9.74,2,36,9.3,39,1,50000,1,0,0,1,9.9,1,overwhelmed_firsttimer,1,0.9476201,High Risk,Overwhelmed First-Timer
USR0917,54,Bhopal,0,3,18.49,4,12,8.74,38,0,100000,1,4,0,0,13.74,1,retained,0,0.034593288,Low Risk,Unclassified
USR0918,44,Bhopal,1,5,21.73,2,3,7.19,40,1,500000,1,1,1,0,7.0,0,retained,0,0.04475265,Low Risk,Unclassified
USR0919,36,Pune,1,9,7.68,3,36,7.5,6,0,200000,1,2,0,0,13.57,1,overwhelmed_firsttimer,1,0.9247072,High Risk,Overwhelmed First-Timer
USR0920,54,Gorakhpur,1,9,12.17,6,3,6.61,3,0,200000,0,4,0,0,13.65,0,retained,0,0.16855575,Low Risk,Unclassified
USR0921,46,Nagpur,1,7,11.74,2,3,8.99,58,1,500000,0,2,0,1,9.34,1,kyc_dropout,1,0.954499,High Risk,KYC Dropout
USR0922,38,Coimbatore,1,12,21.04,1,3,9.05,25,0,500000,1,2,1,0,7.11,1,retained,0,0.06503832,Low Risk,Unclassified
USR0923,54,Surat,1,9,11.05,2,36,8.4,30,1,50000,1,1,1,0,11.2,1,retained,0,0.07534685,Low Risk,Unclassified
USR0924,23,Nagpur,1,6,15.68,6,36,7.56,51,0,25000,1,0,0,1,13.79,1,retained,0,0.013837382,Low Risk,Unclassified
USR0925,35,Gorakhpur,1,2,20.36,3,24,6.73,20,0,10000,0,2,1,1,10.36,1,retained,0,0.009171568,Low Risk,Unclassified
USR0926,61,Coimbatore,1,9,8.84,1,6,8.76,15,1,25000,1,5,0,0,3.54,1,kyc_dropout,1,0.98146653,High Risk,KYC Dropout
USR0927,61,Jaipur,0,17,19.94,4,12,8.68,50,0,25000,1,1,1,0,12.39,1,retained,0,0.23218232,Low Risk,Unclassified
USR0928,60,Coimbatore,0,1,20.27,4,12,9.24,15,0,10000,1,5,1,0,14.3,1,retained,0,0.018345466,Low Risk,Unclassified
USR0929,27,Jaipur,1,6,20.54,4,3,8.69,17,1,200000,1,5,0,0,6.45,0,kyc_dropout,1,0.9819505,High Risk,KYC Dropout
USR0930,27,Bengaluru,0,5,6.68,1,36,8.99,46,1,25000,0,2,1,0,10.62,1,kyc_dropout,1,0.91007656,High Risk,KYC Dropout
USR0931,24,Patna,1,2,9.41,4,36,8.74,55,0,100000,1,5,1,0,8.01,1,retained,0,0.032292735,Low Risk,Unclassified
USR0932,28,Gorakhpur,0,9,19.28,2,3,8.39,27,0,100000,1,4,1,1,2.12,1,retained,0,0.15952916,Low Risk,Unclassified
USR0933,29,Nagpur,1,14,8.54,1,6,7.78,55,0,50000,1,0,1,0,5.57,1,retained,0,0.03828205,Low Risk,Unclassified
USR0934,36,Nagpur,1,4,13.61,1,12,9.21,36,0,50000,1,2,1,0,2.88,0,retained,0,0.042469457,Low Risk,Unclassified
USR0935,50,Lucknow,1,4,3.48,1,24,8.45,15,0,10000,1,5,1,1,10.27,1,retained,0,0.029134586,Low Risk,Unclassified
USR0936,54,Chennai,1,15,2.18,5,6,7.7,64,1,10000,1,0,1,0,8.94,1,comparison_paralysis,1,0.9503969,High Risk,Comparison Paralysis
USR0937,51,Gorakhpur,0,8,9.65,3,36,6.75,59,0,50000,1,0,1,0,0.99,0,retained,0,0.06748059,Low Risk,Unclassified
USR0938,60,Lucknow,1,4,13.16,5,3,7.37,60,1,500000,0,4,1,0,1.39,0,kyc_dropout,1,0.9166647,High Risk,KYC Dropout
USR0939,48,Pune,1,16,9.25,5,12,8.13,10,0,25000,1,4,1,1,4.28,0,retained,0,0.06909388,Low Risk,Unclassified
USR0940,57,Patna,1,4,13.13,5,3,7.33,31,0,500000,1,3,1,1,11.3,1,retained,0,0.078791134,Low Risk,Unclassified
USR0941,50,Mumbai,1,16,11.82,3,36,7.16,18,1,200000,0,0,1,0,2.34,1,retained,0,0.03520238,Low Risk,Unclassified
USR0942,59,Gorakhpur,1,12,15.4,5,3,8.08,55,0,100000,1,2,0,0,3.47,1,comparison_paralysis,1,0.97684926,High Risk,Comparison Paralysis
USR0943,54,Chennai,0,16,14.64,4,12,7.01,4,0,10000,0,4,0,0,13.66,0,retained,0,0.04603565,Low Risk,Unclassified
USR0944,58,Coimbatore,0,8,9.91,1,3,8.9,2,0,50000,0,2,1,0,8.42,1,retained,0,0.043770354,Low Risk,Unclassified
USR0945,48,Patna,1,6,9.92,1,12,7.95,27,1,100000,1,0,1,0,9.5,1,retained,0,0.009788728,Low Risk,Unclassified
USR0946,54,Pune,1,10,3.96,2,3,8.22,28,0,500000,1,4,1,0,7.11,1,retained,0,0.13957435,Low Risk,Unclassified
USR0947,25,Gorakhpur,0,5,11.78,6,3,6.94,58,0,10000,1,3,1,0,4.85,1,retained,0,0.027011262,Low Risk,Unclassified
USR0948,43,Surat,1,10,13.33,4,12,7.47,24,1,10000,0,0,1,0,4.11,1,retained,0,0.092262626,Low Risk,Unclassified
USR0949,23,Nagpur,1,10,11.01,3,3,7.73,21,0,25000,0,2,0,0,9.04,0,retained,0,0.13702334,Low Risk,Unclassified
USR0950,31,Patna,0,7,7.84,6,6,8.92,22,1,10000,1,3,0,0,7.33,1,kyc_dropout,1,0.911188,High Risk,KYC Dropout
USR0951,26,Jaipur,1,1,16.15,1,24,8.81,39,0,200000,1,0,1,0,6.34,0,retained,0,0.027562844,Low Risk,Unclassified
USR0952,31,Jaipur,1,7,2.57,5,6,7.17,13,0,10000,0,4,1,0,10.57,1,retained,0,0.027435424,Low Risk,Unclassified
USR0953,54,Coimbatore,1,1,20.2,2,24,8.35,28,1,200000,1,5,1,0,6.36,0,kyc_dropout,1,0.9731557,High Risk,KYC Dropout
USR0954,59,Patna,1,15,1.43,2,6,7.23,15,1,500000,1,0,1,0,1.03,1,retained,0,0.058293086,Low Risk,Unclassified
USR0955,34,Mumbai,1,4,21.21,1,24,9.46,9,1,25000,1,1,1,0,12.68,1,retained,0,0.03468064,Low Risk,Unclassified
USR0956,52,Patna,1,10,10.71,4,3,9.36,46,1,200000,1,2,1,1,5.12,0,kyc_dropout,1,0.94765556,High Risk,KYC Dropout
USR0957,57,Bhopal,1,9,9.67,6,12,8.19,3,0,500000,0,4,1,0,14.22,0,retained,0,0.062323652,Low Risk,Unclassified
USR0958,45,Surat,1,2,6.39,2,12,8.6,11,0,100000,1,4,0,0,13.25,0,retained,0,0.05255372,Low Risk,Unclassified
USR0959,36,Patna,1,14,1.21,1,36,8.9,41,0,10000,1,1,0,1,3.89,1,overwhelmed_firsttimer,1,0.9739688,High Risk,Overwhelmed First-Timer
USR0960,50,Patna,1,16,6.77,4,24,8.66,3,1,50000,0,5,1,0,14.5,1,kyc_dropout,1,0.9575741,High Risk,KYC Dropout
USR0961,29,Gorakhpur,1,1,3.3,1,36,8.6,5,1,50000,1,3,0,0,12.88,1,kyc_dropout,1,0.8736304,High Risk,KYC Dropout
USR0962,26,Delhi,1,2,14.86,1,36,9.38,13,1,200000,1,4,1,1,14.78,0,kyc_dropout,1,0.9417128,High Risk,KYC Dropout
USR0963,50,Gorakhpur,1,7,7.7,4,24,8.29,34,0,25000,1,3,0,0,10.33,0,retained,0,0.08510927,Low Risk,Unclassified
USR0964,25,Chennai,1,10,17.11,4,12,8.41,46,0,200000,0,3,1,0,14.0,0,retained,0,0.05275965,Low Risk,Unclassified
USR0965,33,Gorakhpur,1,1,5.35,4,24,9.05,57,0,500000,1,3,1,0,10.51,0,retained,1,0.34378877,Low Risk,Unclassified
USR0966,23,Nagpur,1,13,19.9,1,3,8.51,64,1,500000,1,5,0,0,12.9,1,kyc_dropout,1,0.98871523,High Risk,KYC Dropout
USR0967,48,Mumbai,0,1,11.98,2,36,8.7,18,0,200000,0,0,1,0,9.35,1,retained,0,0.039854884,Low Risk,Unclassified
USR0968,52,Mumbai,0,5,3.4,3,36,7.2,56,1,200000,1,1,1,0,13.97,0,inactive_browser,1,0.9271796,High Risk,Silent Churner
USR0969,57,Nagpur,1,16,9.42,3,24,7.61,64,0,100000,1,2,1,0,8.01,1,retained,0,0.08619699,Low Risk,Unclassified
USR0970,57,Nagpur,1,15,5.34,1,36,6.94,12,0,500000,1,1,0,0,11.18,1,overwhelmed_firsttimer,1,0.941862,High Risk,Overwhelmed First-Timer
USR0971,47,Nagpur,1,17,5.19,1,12,8.02,7,0,100000,1,4,1,0,13.8,1,retained,0,0.044537224,Low Risk,Unclassified
USR0972,48,Patna,1,16,11.63,2,36,7.87,17,0,200000,0,1,1,0,6.62,1,retained,0,0.024739113,Low Risk,Unclassified
USR0973,26,Lucknow,0,13,15.11,4,24,9.49,34,0,25000,0,2,1,1,0.88,1,retained,0,0.021052005,Low Risk,Unclassified
USR0974,41,Patna,1,11,20.14,1,12,8.33,25,0,10000,0,0,1,0,2.14,1,retained,0,0.048866633,Low Risk,Unclassified
USR0975,32,Jaipur,1,17,11.55,5,12,8.86,37,0,500000,1,4,1,1,14.59,1,comparison_paralysis,0,0.5008907,Medium Risk,Comparison Paralysis
USR0976,31,Pune,1,17,21.28,4,36,7.5,25,0,50000,0,0,0,0,13.16,0,retained,0,0.071520634,Low Risk,Unclassified
USR0977,61,Bengaluru,0,2,20.77,1,24,8.99,56,1,100000,1,4,0,0,7.51,1,kyc_dropout,1,0.9450065,High Risk,KYC Dropout
USR0978,59,Mumbai,0,13,19.17,5,36,8.35,24,1,500000,0,2,1,0,14.43,1,kyc_dropout,1,0.9903148,High Risk,KYC Dropout
USR0979,27,Mumbai,1,14,11.5,6,3,8.59,29,0,10000,1,0,1,0,3.19,1,comparison_paralysis,1,0.89583904,High Risk,Comparison Paralysis
USR0980,29,Surat,1,11,3.96,2,3,7.38,6,0,100000,0,2,0,0,2.11,1,retained,1,0.522765,Medium Risk,Unclassified
USR0981,44,Surat,1,10,5.58,5,12,8.15,26,0,500000,1,2,1,1,9.22,0,comparison_paralysis,1,0.8769739,High Risk,Comparison Paralysis
USR0982,47,Jaipur,1,3,14.6,1,36,8.4,10,1,100000,0,5,1,1,6.04,0,kyc_dropout,1,0.9447384,High Risk,KYC Dropout
USR0983,33,Bengaluru,1,17,9.86,3,3,8.27,7,0,100000,1,1,0,0,5.43,0,overwhelmed_firsttimer,1,0.9517822,High Risk,Overwhelmed First-Timer
USR0984,47,Patna,1,15,4.08,1,6,9.25,10,0,200000,1,4,0,1,11.15,1,overwhelmed_firsttimer,1,0.9494461,High Risk,Overwhelmed First-Timer
USR0985,34,Patna,0,9,11.06,3,3,9.19,29,1,200000,0,3,1,0,2.68,1,kyc_dropout,1,0.9841648,High Risk,KYC Dropout
USR0986,61,Delhi,0,10,1.37,2,36,9.41,14,0,100000,1,3,0,0,11.79,1,overwhelmed_firsttimer,1,0.97492796,High Risk,Overwhelmed First-Timer
USR0987,39,Gorakhpur,1,8,16.41,2,36,8.5,55,1,100000,1,0,0,0,5.71,1,overwhelmed_firsttimer,1,0.7455232,High Risk,Overwhelmed First-Timer
USR0988,46,Nagpur,0,13,2.55,4,3,9.42,34,0,50000,1,2,0,0,14.81,1,overwhelmed_firsttimer,1,0.96352494,High Risk,Comparison Paralysis
USR0989,54,Jaipur,0,5,14.21,4,36,9.0,38,0,10000,1,1,1,1,12.23,0,retained,0,0.015561769,Low Risk,Unclassified
USR0990,61,Nagpur,1,6,17.65,3,36,7.31,23,0,10000,0,4,1,0,9.87,0,retained,0,0.015102424,Low Risk,Unclassified
USR0991,33,Mumbai,1,17,3.79,3,6,7.78,7,1,25000,0,0,0,0,3.83,1,retained,0,0.13107738,Low Risk,Unclassified
USR0992,57,Patna,1,11,11.89,2,12,7.22,42,1,25000,1,2,0,0,14.37,0,kyc_dropout,1,0.97310233,High Risk,KYC Dropout
USR0993,25,Bengaluru,1,16,17.36,5,36,6.51,41,0,25000,1,5,1,0,0.98,1,comparison_paralysis,0,0.3654352,Low Risk,Unclassified
USR0994,26,Lucknow,1,9,6.47,3,24,7.06,40,0,200000,1,3,0,1,3.74,1,overwhelmed_firsttimer,1,0.8740437,High Risk,Overwhelmed First-Timer
USR0995,58,Chennai,1,2,4.42,3,12,6.51,46,0,200000,1,3,1,1,1.03,1,retained,0,0.07657802,Low Risk,Unclassified
USR0996,29,Surat,1,5,8.07,5,12,8.66,25,1,50000,0,4,1,1,14.51,1,kyc_dropout,1,0.9333252,High Risk,KYC Dropout
USR0997,49,Gorakhpur,1,1,12.65,4,24,7.78,51,0,200000,0,4,1,0,13.14,0,retained,0,0.043687616,Low Risk,Unclassified
USR0998,52,Gorakhpur,1,4,13.08,4,3,7.44,21,1,25000,1,4,0,0,14.31,1,kyc_dropout,1,0.8757717,High Risk,KYC Dropout
USR0999,30,Pune,1,4,3.75,3,6,8.79,4,0,500000,1,0,1,1,10.87,1,retained,0,0.013961131,Low Risk,Unclassified
USR1000,50,Lucknow,1,3,10.61,4,36,9.0,14,0,100000,1,4,0,1,0.9,1,retained,0,0.018462213,Low Risk,Unclassified
USR1001,35,Patna,1,9,6.63,4,3,9.43,35,0,25000,0,0,1,0,14.01,1,retained,0,0.041439462,Low Risk,Unclassified
USR1002,61,Bhopal,0,12,18.68,6,24,8.43,62,1,50000,1,1,1,1,6.6,0,comparison_paralysis,1,0.8729242,High Risk,Comparison Paralysis
USR1003,43,Bhopal,0,10,7.59,4,6,7.88,48,1,100000,0,2,0,0,5.84,1,kyc_dropout,1,0.94850266,High Risk,KYC Dropout
USR1004,32,Surat,1,2,18.61,2,6,7.42,54,0,200000,1,3,0,1,4.62,1,retained,0,0.13847524,Low Risk,Unclassified
USR1005,44,Bhopal,0,11,10.0,1,6,7.17,59,0,100000,0,0,1,0,4.66,0,retained,0,0.07529119,Low Risk,Unclassified
USR1006,22,Gorakhpur,1,10,16.26,3,24,7.14,56,0,500000,1,2,0,1,12.11,1,overwhelmed_firsttimer,1,0.8995427,High Risk,Overwhelmed First-Timer
USR1007,58,Pune,0,6,11.71,3,3,7.73,28,0,50000,1,5,1,0,4.22,1,retained,0,0.03387522,Low Risk,Unclassified
USR1008,42,Patna,0,2,14.06,2,36,9.48,18,1,200000,1,4,1,0,3.72,1,kyc_dropout,1,0.93644744,High Risk,KYC Dropout
USR1009,47,Pune,1,2,9.3,1,6,6.5,9,0,10000,1,3,0,0,10.62,1,retained,0,0.06507354,Low Risk,Unclassified
USR1010,57,Lucknow,1,10,17.13,1,6,7.09,9,1,25000,1,5,1,0,4.67,1,kyc_dropout,1,0.9365115,High Risk,KYC Dropout
USR1011,44,Nagpur,1,16,9.93,2,3,7.07,56,1,500000,1,0,1,0,0.69,1,retained,0,0.057582255,Low Risk,Unclassified
USR1012,22,Pune,1,12,10.61,5,6,8.65,53,1,500000,1,4,1,0,14.01,1,kyc_dropout,1,0.97815806,High Risk,KYC Dropout
USR1013,61,Gorakhpur,1,1,11.87,5,6,7.56,55,1,25000,1,2,0,0,5.05,1,kyc_dropout,1,0.89929396,High Risk,KYC Dropout
USR1014,36,Jaipur,1,8,18.47,1,24,7.87,54,0,50000,0,1,1,0,11.58,1,retained,0,0.054287978,Low Risk,Unclassified
USR1015,42,Bhopal,1,16,14.85,5,12,6.95,0,1,50000,1,2,0,0,7.3,0,kyc_dropout,1,0.9695612,High Risk,KYC Dropout
USR1016,30,Mumbai,1,13,8.33,5,3,7.71,11,0,500000,1,0,1,0,2.44,1,retained,0,0.04240132,Low Risk,Unclassified
USR1017,30,Patna,1,15,15.08,5,3,6.81,34,0,25000,0,1,0,0,10.1,1,comparison_paralysis,1,0.83841324,High Risk,Comparison Paralysis
USR1018,31,Patna,1,12,14.49,1,3,8.1,32,1,100000,0,1,1,0,3.86,0,retained,0,0.08176598,Low Risk,Unclassified
USR1019,47,Gorakhpur,0,8,20.55,5,24,6.79,24,0,10000,0,4,0,1,4.67,1,retained,0,0.10089837,Low Risk,Unclassified
USR1020,56,Bhopal,1,10,18.67,3,24,8.87,15,1,10000,1,2,1,1,0.97,1,kyc_dropout,1,0.8932805,High Risk,KYC Dropout
USR1021,46,Jaipur,1,14,14.6,6,36,8.2,7,1,50000,0,0,1,0,0.74,1,retained,0,0.071489915,Low Risk,Unclassified
USR1022,47,Mumbai,1,5,8.17,1,24,8.67,34,1,50000,0,5,1,0,7.95,1,kyc_dropout,1,0.9720979,High Risk,KYC Dropout
USR1023,32,Chennai,1,15,17.37,2,3,7.76,45,0,100000,0,5,1,0,1.34,1,retained,0,0.03797076,Low Risk,Unclassified
USR1024,59,Bhopal,1,6,13.08,5,36,7.64,10,1,50000,0,1,1,1,3.54,0,retained,0,0.0287474,Low Risk,Unclassified
USR1025,23,Gorakhpur,1,11,21.69,4,12,6.79,60,0,10000,1,4,1,0,13.9,0,retained,0,0.07029405,Low Risk,Unclassified
USR1026,28,Mumbai,1,11,6.2,1,6,8.07,43,1,25000,1,5,1,1,1.7,0,kyc_dropout,1,0.96617526,High Risk,KYC Dropout
USR1027,39,Gorakhpur,0,10,2.67,2,6,8.04,10,0,500000,0,1,1,0,4.72,1,retained,0,0.058946762,Low Risk,Unclassified
USR1028,48,Bengaluru,1,2,2.47,6,36,7.9,10,0,10000,0,2,0,0,11.03,0,retained,0,0.049849607,Low Risk,Unclassified
USR1029,55,Gorakhpur,1,9,14.44,3,12,8.72,21,0,100000,1,5,1,0,13.32,1,retained,0,0.040548407,Low Risk,Unclassified
USR1030,48,Bhopal,0,14,20.72,2,6,9.0,61,0,25000,1,3,1,1,1.17,0,retained,0,0.12557082,Low Risk,Unclassified
USR1031,38,Bhopal,1,10,1.04,5,36,8.75,47,0,25000,0,0,1,0,3.19,1,comparison_paralysis,1,0.97006553,High Risk,Comparison Paralysis
USR1032,45,Delhi,1,4,16.24,4,24,6.93,62,0,500000,0,3,1,0,6.12,1,retained,0,0.01323128,Low Risk,Unclassified
USR1033,46,Gorakhpur,1,6,14.8,5,3,8.37,50,0,10000,1,2,1,1,5.73,1,retained,0,0.029201444,Low Risk,Unclassified
USR1034,28,Bhopal,1,14,16.38,2,12,6.74,44,1,25000,1,3,1,0,4.68,1,kyc_dropout,1,0.91038424,High Risk,KYC Dropout
USR1035,27,Chennai,1,4,8.46,1,6,8.58,32,0,25000,1,2,0,0,4.01,0,retained,0,0.09700085,Low Risk,Unclassified
USR1036,45,Patna,1,15,18.23,4,3,7.65,59,0,50000,0,2,0,0,4.4,0,retained,0,0.20712334,Low Risk,Unclassified
USR1037,54,Surat,0,16,1.94,4,36,6.9,1,0,25000,1,4,0,0,2.43,0,overwhelmed_firsttimer,1,0.8646415,High Risk,Overwhelmed First-Timer
USR1038,50,Nagpur,1,7,16.86,2,6,9.09,12,1,100000,1,3,1,1,2.87,1,kyc_dropout,1,0.9716169,High Risk,KYC Dropout
USR1039,43,Pune,1,17,6.61,6,3,8.34,56,0,25000,1,1,0,1,9.3,1,comparison_paralysis,1,0.9635545,High Risk,Comparison Paralysis
USR1040,47,Surat,1,17,11.01,6,24,7.56,42,0,50000,1,2,1,0,4.74,1,comparison_paralysis,1,0.88887805,High Risk,Comparison Paralysis
USR1041,49,Nagpur,1,6,18.28,5,12,6.59,44,0,200000,0,3,0,0,6.3,0,retained,0,0.098805,Low Risk,Unclassified
USR1042,42,Delhi,1,11,6.7,2,36,8.11,30,0,200000,1,1,0,0,6.47,1,overwhelmed_firsttimer,1,0.9672065,High Risk,Overwhelmed First-Timer
USR1043,28,Coimbatore,1,16,4.89,4,6,9.27,9,0,100000,0,0,1,0,2.09,1,retained,0,0.02127446,Low Risk,Unclassified
USR1044,38,Bhopal,0,8,15.31,2,24,8.29,22,0,500000,1,1,1,0,12.38,1,retained,0,0.070287846,Low Risk,Unclassified
USR1045,41,Jaipur,0,11,12.2,4,12,9.41,28,1,500000,1,3,0,0,14.37,1,kyc_dropout,1,0.9927651,High Risk,KYC Dropout
USR1046,41,Bengaluru,0,7,11.8,5,12,6.91,30,0,100000,1,3,1,0,4.32,1,retained,0,0.057750445,Low Risk,Unclassified
USR1047,43,Delhi,1,10,6.39,1,24,8.2,17,0,25000,0,1,0,0,4.77,1,retained,0,0.06540698,Low Risk,Unclassified
USR1048,49,Pune,1,9,1.73,1,6,8.89,10,0,25000,0,1,1,1,10.55,0,retained,0,0.04021993,Low Risk,Unclassified
USR1049,61,Nagpur,0,4,9.62,2,12,8.08,46,0,200000,0,5,0,1,1.67,1,retained,0,0.096861124,Low Risk,Unclassified
USR1050,28,Bengaluru,1,15,3.24,4,36,6.77,2,1,200000,0,2,1,0,13.66,1,kyc_dropout,1,0.80995715,High Risk,KYC Dropout
USR1051,22,Lucknow,0,13,20.03,1,3,8.25,1,0,10000,1,3,0,0,2.25,1,overwhelmed_firsttimer,1,0.97150254,High Risk,Overwhelmed First-Timer
USR1052,53,Gorakhpur,1,2,1.87,4,36,8.34,53,1,200000,1,2,1,0,11.11,1,kyc_dropout,0,0.7325126,High Risk,KYC Dropout
USR1053,34,Nagpur,0,2,10.06,5,12,8.69,30,1,200000,1,2,0,1,4.73,0,kyc_dropout,1,0.9772674,High Risk,KYC Dropout
USR1054,51,Bhopal,0,16,2.1,2,3,8.78,7,0,100000,1,0,1,1,5.19,0,retained,0,0.03381169,Low Risk,Unclassified
USR1055,44,Bhopal,1,9,3.01,4,24,8.81,42,1,10000,1,3,0,1,2.54,1,kyc_dropout,1,0.9897565,High Risk,KYC Dropout
USR1056,40,Lucknow,1,13,14.84,2,3,8.49,47,0,500000,1,2,1,0,9.87,1,retained,0,0.08602017,Low Risk,Unclassified
USR1057,53,Surat,1,3,14.59,4,3,7.15,1,1,10000,1,0,1,0,12.03,0,retained,0,0.01614535,Low Risk,Unclassified
USR1058,51,Gorakhpur,1,9,1.69,6,3,7.71,21,0,25000,0,5,1,1,14.28,0,retained,1,0.6397777,Medium Risk,Comparison Paralysis
USR1059,50,Bengaluru,1,13,1.02,6,12,8.83,4,0,25000,0,2,1,1,5.31,1,retained,0,0.053885892,Low Risk,Unclassified
USR1060,50,Patna,1,2,2.66,4,6,9.36,6,0,10000,1,2,1,1,9.51,1,retained,0,0.042108774,Low Risk,Unclassified
USR1061,51,Patna,1,8,17.02,5,12,6.74,19,0,10000,1,5,1,0,6.52,0,retained,0,0.049960867,Low Risk,Unclassified
USR1062,37,Delhi,1,9,13.28,2,6,8.11,1,0,25000,1,3,1,0,8.59,1,retained,0,0.070413776,Low Risk,Unclassified
USR1063,61,Jaipur,0,16,1.8,3,24,7.44,31,0,100000,1,1,1,0,2.86,0,retained,0,0.23792274,Low Risk,Unclassified
USR1064,40,Mumbai,0,2,11.25,4,24,7.18,2,0,100000,1,5,1,1,8.94,1,retained,0,0.031655084,Low Risk,Unclassified
USR1065,39,Chennai,1,6,15.95,4,24,8.02,40,0,100000,1,1,0,1,12.81,0,retained,0,0.02660907,Low Risk,Unclassified
USR1066,22,Bhopal,0,8,19.25,6,24,8.32,41,0,100000,1,3,0,0,13.02,1,overwhelmed_firsttimer,1,0.8250003,High Risk,Comparison Paralysis
USR1067,35,Delhi,1,5,20.61,1,24,6.53,44,0,25000,1,1,1,0,7.51,1,retained,0,0.026559893,Low Risk,Unclassified
USR1068,23,Patna,1,9,7.88,6,36,8.84,16,0,50000,0,4,1,0,3.92,1,retained,0,0.023761356,Low Risk,Unclassified
USR1069,49,Mumbai,1,1,3.85,2,12,8.96,46,0,200000,0,1,1,0,12.63,1,inactive_browser,1,0.8598371,High Risk,Silent Churner
USR1070,51,Patna,0,9,5.98,6,6,9.4,23,0,200000,1,5,0,0,14.99,1,overwhelmed_firsttimer,1,0.88155293,High Risk,Comparison Paralysis
USR1071,59,Chennai,1,10,17.3,3,24,7.04,33,0,200000,1,2,1,0,5.97,0,retained,0,0.15503973,Low Risk,Unclassified
USR1072,25,Surat,1,4,21.4,5,36,8.28,49,0,200000,1,2,1,0,13.9,1,retained,0,0.0369169,Low Risk,Unclassified
USR1073,22,Pune,1,3,10.79,3,36,7.78,41,1,25000,0,0,0,0,14.76,1,retained,0,0.03629689,Low Risk,Unclassified
USR1074,29,Chennai,1,10,7.41,5,36,7.5,32,0,50000,1,5,1,1,6.24,1,comparison_paralysis,1,0.7052725,High Risk,Comparison Paralysis
USR1075,50,Coimbatore,0,15,10.01,3,12,8.2,26,0,25000,0,3,1,0,10.89,1,retained,0,0.08726689,Low Risk,Unclassified
USR1076,60,Patna,0,11,7.4,6,24,8.85,58,0,50000,1,0,0,1,8.93,0,comparison_paralysis,1,0.98374593,High Risk,Comparison Paralysis
USR1077,24,Lucknow,1,14,6.39,3,36,6.57,18,0,25000,1,2,1,0,10.97,1,retained,0,0.038395796,Low Risk,Unclassified
USR1078,53,Gorakhpur,1,6,13.47,6,36,9.41,2,0,10000,0,2,1,1,2.74,1,retained,0,0.04020124,Low Risk,Unclassified
USR1079,31,Patna,1,12,1.33,6,24,8.93,24,0,50000,0,0,0,1,5.82,0,comparison_paralysis,1,0.8054804,High Risk,Comparison Paralysis
USR1080,31,Bhopal,1,13,6.45,2,12,8.75,14,0,200000,0,5,0,0,1.41,1,retained,0,0.07600042,Low Risk,Unclassified
USR1081,40,Coimbatore,1,17,14.89,6,36,8.78,59,0,50000,0,4,0,0,9.39,1,comparison_paralysis,1,0.87718976,High Risk,Comparison Paralysis
USR1082,55,Chennai,0,16,1.67,1,6,7.67,22,1,500000,1,1,0,0,13.94,0,overwhelmed_firsttimer,1,0.93380797,High Risk,Overwhelmed First-Timer
USR1083,54,Delhi,1,3,2.75,3,3,8.75,10,0,100000,0,4,1,0,8.62,1,retained,0,0.0424246,Low Risk,Unclassified
USR1084,44,Coimbatore,1,2,7.16,4,3,7.66,58,0,50000,1,4,0,0,1.52,0,retained,0,0.037185572,Low Risk,Unclassified
USR1085,49,Nagpur,1,11,19.43,4,3,9.2,33,1,500000,0,4,1,0,13.99,1,kyc_dropout,1,0.9604402,High Risk,KYC Dropout
USR1086,53,Nagpur,1,9,17.06,4,12,7.03,6,0,100000,0,5,0,1,2.43,1,retained,0,0.07706535,Low Risk,Unclassified
USR1087,28,Pune,1,3,1.47,1,36,7.38,43,1,500000,1,4,1,0,13.3,1,kyc_dropout,1,0.9811271,High Risk,KYC Dropout
USR1088,50,Patna,1,15,11.54,6,3,8.15,63,1,100000,1,1,0,0,10.86,1,comparison_paralysis,1,0.9529506,High Risk,Comparison Paralysis
USR1089,29,Bengaluru,1,14,6.77,3,3,7.46,22,0,10000,1,3,1,0,9.73,0,retained,0,0.05896277,Low Risk,Unclassified
USR1090,22,Surat,0,2,14.62,5,24,7.77,57,0,50000,0,0,0,0,9.01,1,retained,0,0.045214314,Low Risk,Unclassified
USR1091,24,Coimbatore,1,17,16.15,5,36,7.98,19,1,500000,0,4,0,0,2.4,1,kyc_dropout,1,0.97456557,High Risk,KYC Dropout
USR1092,45,Delhi,1,8,19.12,2,36,9.07,26,1,10000,1,4,0,0,7.76,1,kyc_dropout,1,0.98541313,High Risk,KYC Dropout
USR1093,44,Chennai,1,10,10.98,1,24,8.07,59,1,200000,1,0,0,1,3.35,1,overwhelmed_firsttimer,1,0.8667307,High Risk,Overwhelmed First-Timer
USR1094,29,Nagpur,1,8,21.88,3,36,7.59,7,0,50000,0,0,0,0,8.79,1,retained,0,0.053792097,Low Risk,Unclassified
USR1095,58,Pune,1,8,21.58,6,6,7.24,1,0,25000,1,3,1,0,6.99,1,retained,0,0.07465938,Low Risk,Unclassified
USR1096,24,Nagpur,1,3,19.53,4,12,7.73,21,1,25000,1,2,0,0,10.36,1,kyc_dropout,1,0.88494873,High Risk,KYC Dropout
USR1097,54,Bhopal,0,3,13.07,1,24,8.05,35,0,25000,0,3,1,0,14.75,1,retained,0,0.01577272,Low Risk,Unclassified
USR1098,49,Coimbatore,1,12,9.36,1,3,8.74,23,1,500000,1,2,1,1,5.73,1,kyc_dropout,1,0.90256053,High Risk,KYC Dropout
USR1099,29,Jaipur,1,17,8.65,3,36,6.86,11,0,500000,0,5,1,1,9.44,1,retained,0,0.031062009,Low Risk,Unclassified
USR1100,55,Surat,1,4,1.25,6,6,7.16,21,1,100000,1,1,1,0,13.03,1,retained,0,0.1053823,Low Risk,Unclassified
USR1101,56,Jaipur,1,17,6.23,2,6,7.64,22,0,25000,1,3,1,1,1.85,1,retained,0,0.082132295,Low Risk,Unclassified
USR1102,53,Gorakhpur,1,14,16.09,6,12,7.58,62,0,200000,0,1,1,0,12.1,1,comparison_paralysis,1,0.93492615,High Risk,Comparison Paralysis
USR1103,45,Lucknow,1,9,13.68,2,6,7.68,29,1,500000,1,0,0,0,3.97,0,overwhelmed_firsttimer,0,0.5613994,Medium Risk,Overwhelmed First-Timer
USR1104,35,Chennai,1,12,20.24,2,36,8.88,18,0,50000,1,3,1,0,8.33,1,retained,0,0.053593498,Low Risk,Unclassified
USR1105,53,Patna,0,5,2.05,4,36,7.47,25,0,500000,0,5,1,1,14.88,1,retained,1,0.5436381,Medium Risk,Unclassified
USR1106,37,Bengaluru,1,11,4.26,4,6,8.01,10,0,50000,1,0,0,0,14.77,1,overwhelmed_firsttimer,1,0.9088324,High Risk,Overwhelmed First-Timer
USR1107,25,Lucknow,1,3,17.57,3,36,8.37,19,1,500000,1,5,1,0,5.08,1,kyc_dropout,1,0.9656226,High Risk,KYC Dropout
USR1108,58,Jaipur,0,15,8.53,6,36,7.2,55,1,100000,1,5,0,0,2.41,1,kyc_dropout,1,0.9874978,High Risk,KYC Dropout
USR1109,42,Chennai,1,14,3.49,2,3,8.66,44,0,100000,0,4,0,1,14.1,1,inactive_browser,1,0.8123482,High Risk,Silent Churner
USR1110,35,Patna,1,11,21.93,3,24,8.14,46,0,100000,1,0,1,0,13.46,1,retained,1,0.124139905,Low Risk,Unclassified
USR1111,52,Delhi,0,8,17.53,2,36,7.84,57,0,200000,0,5,0,0,9.43,1,retained,0,0.17708437,Low Risk,Unclassified
USR1112,39,Mumbai,1,4,9.58,1,36,8.93,9,1,500000,1,4,0,1,0.97,1,kyc_dropout,0,0.6360844,Medium Risk,KYC Dropout
USR1113,28,Chennai,1,12,18.29,5,12,7.23,21,0,50000,1,2,0,1,11.39,1,comparison_paralysis,1,0.9589548,High Risk,Comparison Paralysis
USR1114,31,Surat,1,8,15.29,5,24,9.15,23,0,500000,0,4,0,1,2.83,1,retained,0,0.28031552,Low Risk,Unclassified
USR1115,28,Patna,1,6,17.59,2,24,8.18,60,0,10000,1,2,0,1,14.17,0,retained,0,0.032834653,Low Risk,Unclassified
USR1116,54,Chennai,1,15,18.12,3,24,8.33,6,0,100000,1,4,0,1,6.81,1,overwhelmed_firsttimer,1,0.921435,High Risk,Overwhelmed First-Timer
USR1117,44,Lucknow,1,12,2.78,4,6,9.13,37,1,25000,1,4,0,0,9.42,1,kyc_dropout,1,0.9874713,High Risk,KYC Dropout
USR1118,42,Lucknow,0,16,14.08,6,3,8.95,20,0,10000,1,1,0,0,4.58,1,overwhelmed_firsttimer,1,0.95352787,High Risk,Comparison Paralysis
USR1119,40,Surat,1,16,1.14,2,3,8.3,7,0,10000,0,1,0,0,7.39,0,retained,0,0.1188618,Low Risk,Unclassified
USR1120,40,Patna,1,4,1.91,2,12,8.76,27,0,100000,1,0,1,1,11.44,1,retained,0,0.03745272,Low Risk,Unclassified
USR1121,57,Patna,1,11,19.98,6,24,7.8,53,1,25000,0,5,0,1,7.63,1,kyc_dropout,1,0.97129625,High Risk,KYC Dropout
USR1122,50,Bhopal,0,13,12.08,4,24,8.14,30,0,100000,1,1,1,0,12.78,0,retained,0,0.19526942,Low Risk,Unclassified
USR1123,39,Patna,1,9,16.45,2,36,6.69,40,0,100000,1,2,1,0,10.84,1,retained,0,0.065784775,Low Risk,Unclassified
USR1124,23,Delhi,0,4,18.61,1,6,6.77,36,0,25000,1,1,1,1,1.62,1,retained,1,0.62939346,Medium Risk,Unclassified
USR1125,22,Delhi,1,12,20.94,4,6,8.99,37,1,10000,0,0,1,0,9.3,1,retained,0,0.050130762,Low Risk,Unclassified
USR1126,26,Bengaluru,0,9,19.26,1,12,6.68,50,0,10000,1,3,0,0,9.38,1,overwhelmed_firsttimer,1,0.7297861,High Risk,Overwhelmed First-Timer
USR1127,41,Chennai,1,13,11.15,5,3,7.01,36,0,500000,1,2,1,0,6.02,1,comparison_paralysis,1,0.8773233,High Risk,Comparison Paralysis
USR1128,32,Lucknow,1,16,8.06,6,24,8.89,30,0,25000,0,3,0,0,5.18,1,comparison_paralysis,1,0.7942076,High Risk,Comparison Paralysis
USR1129,23,Patna,1,6,4.24,4,12,6.5,61,0,10000,1,2,0,1,1.41,1,retained,0,0.0641942,Low Risk,Unclassified
USR1130,24,Bhopal,1,10,9.41,4,6,7.35,17,1,200000,1,5,0,1,6.97,1,kyc_dropout,1,0.993009,High Risk,KYC Dropout
USR1131,44,Gorakhpur,1,13,8.7,3,6,8.25,5,0,100000,1,5,1,1,5.38,1,retained,0,0.029462952,Low Risk,Unclassified
USR1132,33,Delhi,1,7,12.75,3,6,8.29,8,1,200000,0,5,1,0,14.29,1,kyc_dropout,1,0.97457576,High Risk,KYC Dropout
USR1133,41,Gorakhpur,1,17,14.98,6,24,8.83,10,0,200000,0,0,1,1,10.28,1,retained,0,0.03495772,Low Risk,Unclassified
USR1134,26,Chennai,1,13,21.54,4,24,8.02,1,0,500000,1,1,1,0,7.17,1,retained,0,0.03608574,Low Risk,Unclassified
USR1135,58,Coimbatore,1,13,16.3,5,24,8.03,28,0,500000,1,3,1,0,11.44,0,comparison_paralysis,1,0.88770694,High Risk,Comparison Paralysis
USR1136,59,Coimbatore,1,2,14.52,2,36,8.68,50,1,500000,1,3,0,0,11.79,1,kyc_dropout,1,0.9624563,High Risk,KYC Dropout
USR1137,51,Lucknow,0,10,8.04,6,3,8.0,22,0,200000,1,1,1,1,7.47,1,comparison_paralysis,1,0.92415524,High Risk,Comparison Paralysis
USR1138,30,Bhopal,1,13,1.72,6,6,8.33,6,1,50000,0,0,1,0,1.6,0,retained,0,0.045883983,Low Risk,Unclassified
USR1139,55,Nagpur,0,9,7.05,3,6,9.19,55,0,50000,1,1,1,0,11.82,1,retained,0,0.0976497,Low Risk,Unclassified
USR1140,56,Nagpur,1,1,17.14,5,36,7.7,61,0,200000,0,4,0,1,1.81,1,retained,0,0.09221913,Low Risk,Unclassified
USR1141,43,Bhopal,1,14,5.31,6,6,7.66,14,1,100000,1,4,1,0,12.79,1,kyc_dropout,0,0.63620985,Medium Risk,KYC Dropout
USR1142,45,Jaipur,1,16,15.96,5,6,6.51,52,1,200000,1,5,0,1,5.35,0,kyc_dropout,0,0.9924183,High Risk,KYC Dropout
USR1143,38,Nagpur,0,15,13.18,6,24,8.34,42,0,200000,1,4,0,1,9.75,1,comparison_paralysis,1,0.9750744,High Risk,Comparison Paralysis
USR1144,31,Coimbatore,1,1,4.61,3,24,6.59,34,0,500000,1,3,1,0,11.24,0,retained,0,0.0647936,Low Risk,Unclassified
USR1145,51,Surat,1,17,6.49,2,3,8.01,13,0,500000,1,5,0,0,1.01,1,overwhelmed_firsttimer,1,0.85316426,High Risk,Overwhelmed First-Timer
USR1146,44,Bhopal,0,13,11.42,3,6,8.91,48,0,500000,1,3,0,0,6.08,1,overwhelmed_firsttimer,1,0.9030054,High Risk,Overwhelmed First-Timer
USR1147,53,Patna,1,15,9.79,6,12,8.15,17,0,50000,1,0,1,1,9.26,0,retained,0,0.07645969,Low Risk,Unclassified
USR1148,38,Coimbatore,0,16,17.35,5,6,7.31,50,0,200000,1,2,1,0,12.8,0,comparison_paralysis,1,0.9455043,High Risk,Comparison Paralysis
USR1149,38,Surat,1,16,16.42,1,6,8.86,0,0,100000,1,1,0,0,10.91,1,overwhelmed_firsttimer,1,0.9537112,High Risk,Overwhelmed First-Timer
USR1150,35,Surat,1,2,13.07,3,3,7.31,26,0,100000,1,2,0,0,13.49,1,retained,0,0.067518614,Low Risk,Unclassified
USR1151,30,Bhopal,1,17,18.27,5,12,8.7,63,1,500000,1,3,1,0,1.7,1,kyc_dropout,1,0.99112964,High Risk,KYC Dropout
USR1152,61,Surat,0,11,12.82,3,6,8.33,59,1,500000,1,1,0,0,1.54,1,overwhelmed_firsttimer,1,0.90158474,High Risk,Overwhelmed First-Timer
USR1153,23,Bhopal,0,8,21.25,6,12,7.01,40,0,200000,1,3,1,1,10.85,1,retained,0,0.16205993,Low Risk,Unclassified
USR1154,46,Nagpur,0,3,5.56,5,24,9.22,20,1,100000,1,0,1,0,6.28,1,retained,0,0.03934587,Low Risk,Unclassified
USR1155,60,Delhi,1,12,16.0,2,24,7.1,13,0,200000,1,5,1,0,7.48,1,retained,0,0.045039635,Low Risk,Unclassified
USR1156,30,Coimbatore,0,16,8.77,5,12,9.47,19,0,50000,1,1,0,0,9.26,1,overwhelmed_firsttimer,1,0.91543114,High Risk,Comparison Paralysis
USR1157,43,Jaipur,1,14,6.86,4,6,6.52,10,0,200000,0,3,0,1,14.8,1,retained,0,0.10387298,Low Risk,Unclassified
USR1158,25,Lucknow,1,16,4.79,1,12,7.29,23,0,500000,1,4,1,0,1.47,1,retained,0,0.04888168,Low Risk,Unclassified
USR1159,47,Coimbatore,0,17,12.6,6,12,7.1,36,1,10000,0,4,1,0,2.08,1,kyc_dropout,1,0.9886204,High Risk,KYC Dropout
USR1160,50,Bengaluru,0,11,5.52,5,24,6.54,23,0,50000,1,3,1,0,12.53,0,comparison_paralysis,1,0.912625,High Risk,Comparison Paralysis
USR1161,55,Mumbai,1,17,5.21,6,12,8.7,14,0,100000,1,2,0,0,0.8,1,overwhelmed_firsttimer,1,0.90631974,High Risk,Overwhelmed First-Timer
USR1162,44,Chennai,1,1,21.8,3,36,8.58,11,0,100000,1,5,0,0,7.03,0,retained,0,0.045927852,Low Risk,Unclassified
USR1163,58,Bhopal,1,12,17.84,3,36,8.88,63,1,500000,0,0,0,1,11.72,0,retained,1,0.32308638,Low Risk,Unclassified
USR1164,32,Chennai,0,15,16.71,5,24,7.27,30,1,500000,0,0,1,0,3.33,1,comparison_paralysis,1,0.88508725,High Risk,Comparison Paralysis
USR1165,27,Pune,0,14,17.68,4,6,7.83,52,1,50000,1,3,1,0,3.21,1,kyc_dropout,1,0.96409565,High Risk,KYC Dropout
USR1166,39,Patna,1,1,21.35,5,6,8.48,43,0,500000,0,0,0,0,5.0,0,retained,0,0.055062048,Low Risk,Unclassified
USR1167,42,Gorakhpur,1,13,13.04,2,24,7.82,29,0,10000,0,1,1,0,2.68,0,retained,1,0.2576608,Low Risk,Unclassified
USR1168,57,Gorakhpur,1,15,5.63,4,6,8.59,34,0,50000,1,0,1,0,10.34,1,retained,0,0.047904998,Low Risk,Unclassified
USR1169,59,Mumbai,1,7,19.11,6,3,8.4,20,0,500000,1,4,1,0,3.4,0,retained,0,0.070670314,Low Risk,Unclassified
USR1170,55,Patna,0,15,16.6,5,36,6.84,62,0,25000,1,3,1,0,3.79,1,comparison_paralysis,1,0.8439106,High Risk,Comparison Paralysis
USR1171,38,Surat,1,10,9.7,6,3,8.84,16,1,10000,1,1,1,1,8.84,1,retained,0,0.07757598,Low Risk,Unclassified
USR1172,58,Delhi,1,14,10.94,1,3,8.66,11,0,50000,1,0,1,0,14.53,1,retained,0,0.024185942,Low Risk,Unclassified
USR1173,46,Jaipur,1,6,9.64,4,3,8.47,17,0,25000,1,4,1,0,13.75,1,retained,0,0.00650509,Low Risk,Unclassified
USR1174,59,Pune,0,14,20.53,5,24,6.97,59,1,200000,1,5,1,0,13.04,1,kyc_dropout,1,0.9942291,High Risk,KYC Dropout
USR1175,33,Mumbai,1,12,8.21,1,3,7.3,14,1,10000,0,2,1,1,8.2,1,kyc_dropout,1,0.93423975,High Risk,KYC Dropout
USR1176,44,Bhopal,1,11,21.23,5,12,7.68,15,0,200000,1,0,0,1,4.82,1,overwhelmed_firsttimer,1,0.87285984,High Risk,Overwhelmed First-Timer
USR1177,43,Lucknow,0,2,20.12,2,6,7.34,21,0,25000,1,4,1,0,10.73,1,retained,0,0.017702661,Low Risk,Unclassified
USR1178,42,Patna,1,1,14.24,3,24,7.18,62,0,100000,1,5,0,0,6.15,1,retained,0,0.075690344,Low Risk,Unclassified
USR1179,48,Chennai,1,8,13.18,6,12,8.92,30,1,100000,0,5,1,0,11.78,1,kyc_dropout,1,0.94857025,High Risk,KYC Dropout
USR1180,52,Jaipur,1,14,8.77,5,12,8.41,0,1,500000,1,4,0,0,0.73,1,kyc_dropout,1,0.9572317,High Risk,KYC Dropout
USR1181,27,Chennai,1,9,1.39,4,36,8.2,5,0,100000,1,4,0,0,8.18,1,overwhelmed_firsttimer,1,0.8404253,High Risk,Overwhelmed First-Timer
USR1182,48,Coimbatore,1,2,3.68,5,36,7.18,8,1,200000,1,4,0,1,5.39,1,kyc_dropout,0,0.9094698,High Risk,KYC Dropout
USR1183,61,Bhopal,0,5,16.84,5,12,9.25,51,1,10000,1,2,0,1,4.11,0,kyc_dropout,1,0.9487065,High Risk,KYC Dropout
USR1184,55,Gorakhpur,0,8,10.9,5,36,7.07,61,0,200000,1,3,0,0,10.1,1,overwhelmed_firsttimer,1,0.7198119,High Risk,Comparison Paralysis
USR1185,33,Jaipur,0,16,4.15,5,6,8.88,57,1,200000,1,4,0,0,10.05,0,kyc_dropout,1,0.9940301,High Risk,KYC Dropout
USR1186,28,Coimbatore,1,16,6.54,4,6,9.4,18,0,100000,1,3,0,0,1.04,1,overwhelmed_firsttimer,1,0.92022204,High Risk,Comparison Paralysis
USR1187,31,Surat,1,13,20.9,4,36,8.68,12,0,200000,0,5,0,0,14.24,1,retained,0,0.04432371,Low Risk,Unclassified
USR1188,38,Lucknow,1,15,8.71,5,3,9.48,31,0,25000,1,2,1,0,5.75,1,comparison_paralysis,1,0.8721393,High Risk,Comparison Paralysis
USR1189,47,Coimbatore,1,1,20.06,3,12,8.45,8,0,50000,1,5,0,0,13.8,1,retained,0,0.03171588,Low Risk,Unclassified
USR1190,42,Patna,0,3,7.4,5,6,7.15,48,1,50000,1,2,1,0,8.96,1,kyc_dropout,1,0.9026903,High Risk,KYC Dropout
USR1191,49,Jaipur,1,6,12.41,6,36,7.11,36,1,50000,1,5,1,0,9.96,1,kyc_dropout,1,0.9286191,High Risk,KYC Dropout
USR1192,23,Surat,1,14,1.43,6,36,7.47,30,1,500000,0,1,0,1,14.43,0,comparison_paralysis,1,0.92254096,High Risk,Comparison Paralysis
USR1193,22,Mumbai,1,4,11.96,4,6,6.52,30,0,100000,1,1,0,1,12.42,0,retained,0,0.03359945,Low Risk,Unclassified
USR1194,57,Patna,1,15,14.38,6,6,8.55,58,0,100000,0,4,0,1,2.53,0,comparison_paralysis,1,0.8662114,High Risk,Comparison Paralysis
USR1195,47,Jaipur,0,9,5.92,6,3,7.31,54,0,50000,0,3,1,0,0.58,1,retained,0,0.2827619,Low Risk,Unclassified
USR1196,50,Pune,0,3,13.16,2,36,8.95,18,0,10000,1,5,1,0,4.97,1,retained,0,0.019593338,Low Risk,Unclassified
USR1197,42,Delhi,1,10,14.59,5,36,7.58,62,0,500000,1,2,0,0,7.58,1,comparison_paralysis,1,0.96689725,High Risk,Comparison Paralysis
USR1198,32,Patna,1,17,15.42,5,24,7.94,1,0,50000,1,0,0,0,11.12,1,overwhelmed_firsttimer,1,0.9216473,High Risk,Overwhelmed First-Timer
USR1199,61,Pune,1,7,17.3,5,3,9.4,44,0,200000,1,1,1,0,10.09,1,retained,0,0.054553658,Low Risk,Unclassified
USR1200,32,Surat,1,15,7.54,5,6,7.23,42,0,50000,0,1,0,0,5.04,1,comparison_paralysis,1,0.87765557,High Risk,Comparison Paralysis
USR1201,57,Bhopal,1,1,12.92,1,6,8.66,0,0,50000,0,5,1,0,8.36,1,retained,0,0.08639935,Low Risk,Unclassified
USR1202,60,Mumbai,1,11,21.61,5,12,8.77,60,0,10000,1,0,0,1,9.94,0,comparison_paralysis,1,0.9024179,High Risk,Comparison Paralysis
USR1203,61,Chennai,1,17,19.86,4,6,7.16,2,1,100000,1,3,0,0,7.95,1,kyc_dropout,1,0.98586684,High Risk,KYC Dropout
USR1204,56,Surat,0,5,21.01,4,36,8.0,43,0,100000,0,3,0,0,10.49,0,retained,0,0.022735558,Low Risk,Unclassified
USR1205,55,Pune,1,7,9.11,1,6,7.55,6,0,200000,1,3,1,0,7.54,0,retained,0,0.031507324,Low Risk,Unclassified
USR1206,45,Jaipur,1,15,17.53,5,36,8.82,32,1,50000,1,4,0,0,8.18,1,kyc_dropout,1,0.9958215,High Risk,KYC Dropout
USR1207,43,Coimbatore,1,3,14.02,3,36,8.37,8,1,25000,1,4,0,0,14.14,1,kyc_dropout,1,0.9183937,High Risk,KYC Dropout
USR1208,26,Lucknow,0,15,2.74,5,3,7.93,29,1,200000,0,5,0,0,6.14,1,kyc_dropout,1,0.9913999,High Risk,KYC Dropout
USR1209,54,Gorakhpur,0,5,18.3,4,6,8.84,17,0,100000,1,0,0,0,11.46,1,retained,0,0.028095834,Low Risk,Unclassified
USR1210,57,Gorakhpur,1,12,15.22,2,3,7.21,55,0,10000,1,5,1,1,5.35,0,retained,0,0.065854706,Low Risk,Unclassified
USR1211,41,Mumbai,1,5,5.18,6,36,8.76,30,1,100000,0,2,0,0,5.31,1,kyc_dropout,1,0.9522851,High Risk,KYC Dropout
USR1212,40,Gorakhpur,1,3,2.67,2,6,9.1,62,1,100000,0,0,1,0,13.94,1,inactive_browser,1,0.9359808,High Risk,Silent Churner
USR1213,56,Coimbatore,1,9,18.58,3,6,9.14,49,0,10000,0,2,0,0,10.63,1,retained,0,0.110659756,Low Risk,Unclassified
USR1214,38,Patna,1,9,2.66,5,3,8.85,0,0,50000,1,0,1,0,13.97,1,retained,0,0.025947763,Low Risk,Unclassified
USR1215,55,Chennai,1,7,2.92,1,3,7.72,18,0,50000,1,4,1,0,14.92,1,retained,0,0.043708697,Low Risk,Unclassified
USR1216,30,Lucknow,1,2,9.98,5,36,9.45,63,0,100000,0,3,1,0,0.5,1,retained,0,0.020437673,Low Risk,Unclassified
USR1217,47,Bhopal,0,16,3.83,3,36,7.64,52,0,200000,1,1,1,0,14.76,1,inactive_browser,1,0.85091096,High Risk,Silent Churner
USR1218,23,Coimbatore,0,9,20.19,3,6,8.42,5,0,25000,1,0,0,1,1.96,0,overwhelmed_firsttimer,1,0.90006995,High Risk,Overwhelmed First-Timer
USR1219,30,Lucknow,1,13,10.88,6,6,6.98,16,1,200000,1,0,1,0,1.52,1,retained,0,0.07232577,Low Risk,Unclassified
USR1220,30,Bhopal,1,17,12.95,3,24,9.44,45,0,500000,1,1,1,0,11.63,0,retained,0,0.1299918,Low Risk,Unclassified
USR1221,61,Surat,1,6,20.49,2,24,8.61,54,1,200000,1,0,0,0,5.58,0,retained,0,0.13105692,Low Risk,Unclassified
USR1222,38,Jaipur,1,4,12.14,6,12,8.76,5,0,100000,0,3,0,0,13.81,1,retained,0,0.030391943,Low Risk,Unclassified
USR1223,22,Patna,0,1,8.43,5,36,6.7,39,0,100000,1,5,0,0,8.4,1,retained,0,0.058068983,Low Risk,Unclassified
USR1224,46,Surat,1,9,17.74,5,12,8.79,8,0,25000,0,1,1,0,6.1,1,retained,0,0.012309833,Low Risk,Unclassified
USR1225,61,Nagpur,0,13,10.3,1,12,8.82,10,1,25000,1,1,0,0,1.56,1,overwhelmed_firsttimer,0,0.82869685,High Risk,Overwhelmed First-Timer
USR1226,46,Chennai,0,8,7.69,3,3,8.52,19,0,25000,1,3,1,0,7.24,1,retained,0,0.016949615,Low Risk,Unclassified
USR1227,60,Pune,1,13,16.19,3,3,7.38,42,0,100000,0,3,0,0,4.53,1,retained,0,0.17306773,Low Risk,Unclassified
USR1228,56,Jaipur,1,15,17.83,4,24,7.97,57,1,100000,0,1,1,0,1.61,1,retained,0,0.078876466,Low Risk,Unclassified
USR1229,24,Pune,0,11,17.63,6,12,6.83,25,0,200000,1,3,1,0,10.22,1,comparison_paralysis,1,0.8687435,High Risk,Comparison Paralysis
USR1230,58,Bhopal,1,12,21.53,4,24,7.91,37,1,100000,0,5,1,0,14.67,0,kyc_dropout,1,0.9497824,High Risk,KYC Dropout
USR1231,51,Lucknow,0,14,17.52,6,36,7.23,35,1,500000,0,3,0,0,5.99,1,kyc_dropout,1,0.9846079,High Risk,KYC Dropout
USR1232,59,Bhopal,0,4,17.17,2,6,7.55,54,1,50000,1,5,1,0,4.81,0,kyc_dropout,1,0.98231435,High Risk,KYC Dropout
USR1233,55,Surat,1,1,19.01,6,3,6.99,5,0,50000,1,3,1,1,1.8,1,retained,0,0.12230839,Low Risk,Unclassified
USR1234,33,Patna,1,4,1.0,5,36,7.19,2,0,25000,0,1,1,1,3.74,1,retained,0,0.031478506,Low Risk,Unclassified
USR1235,40,Bhopal,1,9,8.61,1,36,6.73,64,1,100000,1,0,1,1,4.63,1,retained,0,0.059928272,Low Risk,Unclassified
USR1236,58,Patna,1,10,16.49,6,3,9.26,63,0,500000,1,2,1,0,5.49,1,comparison_paralysis,0,0.6848752,Medium Risk,Comparison Paralysis
USR1237,38,Lucknow,1,4,13.59,6,3,8.09,57,0,50000,1,1,1,0,9.69,0,retained,0,0.027018983,Low Risk,Unclassified
USR1238,31,Lucknow,1,9,4.73,6,12,7.69,57,1,200000,1,2,1,0,2.17,1,kyc_dropout,1,0.9486753,High Risk,KYC Dropout
USR1239,33,Surat,1,13,7.38,1,24,8.11,17,0,10000,0,3,1,0,1.35,0,retained,0,0.022880105,Low Risk,Unclassified
USR1240,37,Jaipur,0,12,8.07,3,36,8.38,22,1,200000,0,3,1,0,13.99,1,kyc_dropout,1,0.966812,High Risk,KYC Dropout
USR1241,45,Gorakhpur,1,11,12.92,1,12,9.27,28,1,10000,0,0,1,0,12.09,1,retained,0,0.08655115,Low Risk,Unclassified
USR1242,40,Nagpur,1,12,18.46,3,12,7.04,22,1,500000,0,3,1,0,4.53,0,kyc_dropout,1,0.97343624,High Risk,KYC Dropout
USR1243,29,Patna,1,12,20.58,5,36,7.39,35,0,200000,1,2,0,0,9.76,1,comparison_paralysis,0,0.84594655,High Risk,Comparison Paralysis
USR1244,52,Jaipur,1,16,16.75,1,36,9.43,5,0,50000,1,1,1,0,9.09,1,retained,0,0.099895805,Low Risk,Unclassified
USR1245,42,Nagpur,0,5,18.7,3,6,7.61,33,0,100000,1,1,0,0,11.27,1,retained,0,0.07800217,Low Risk,Unclassified
USR1246,38,Nagpur,1,12,10.87,5,24,6.57,43,0,10000,1,5,0,0,12.96,1,comparison_paralysis,1,0.95283544,High Risk,Comparison Paralysis
USR1247,44,Gorakhpur,1,11,9.19,5,36,6.94,43,0,100000,1,0,0,0,5.69,1,comparison_paralysis,1,0.96765286,High Risk,Comparison Paralysis
USR1248,58,Surat,1,9,9.25,3,3,6.58,26,0,500000,1,2,0,0,10.08,1,overwhelmed_firsttimer,1,0.9372013,High Risk,Overwhelmed First-Timer
USR1249,37,Nagpur,0,3,13.94,3,6,9.47,51,0,100000,1,3,1,0,12.13,1,retained,0,0.029113548,Low Risk,Unclassified
USR1250,27,Patna,1,17,3.61,2,24,7.34,41,0,50000,1,4,0,0,10.64,1,overwhelmed_firsttimer,1,0.96711785,High Risk,Overwhelmed First-Timer
USR1251,29,Coimbatore,1,14,13.17,5,3,9.27,24,1,500000,0,0,1,1,13.87,1,comparison_paralysis,1,0.81918174,High Risk,Comparison Paralysis
USR1252,46,Chennai,1,1,14.97,3,3,9.49,38,0,25000,0,0,0,0,7.67,1,retained,0,0.01832836,Low Risk,Unclassified
USR1253,39,Bhopal,1,17,10.22,5,24,8.3,38,0,25000,0,4,1,0,12.14,0,comparison_paralysis,1,0.91907346,High Risk,Comparison Paralysis
USR1254,46,Gorakhpur,1,8,21.02,1,6,6.6,11,1,10000,0,1,1,0,13.69,0,retained,0,0.05130937,Low Risk,Unclassified
USR1255,33,Lucknow,0,5,13.77,4,3,6.74,10,1,50000,1,5,0,0,8.58,1,kyc_dropout,1,0.95110846,High Risk,KYC Dropout
USR1256,36,Gorakhpur,1,5,5.62,4,12,7.94,2,0,100000,1,1,0,0,0.75,0,retained,0,0.04196224,Low Risk,Unclassified
USR1257,47,Mumbai,1,9,11.06,6,24,7.72,21,0,200000,1,1,1,0,12.36,0,retained,0,0.2976194,Low Risk,Unclassified
USR1258,47,Lucknow,0,3,15.18,3,24,8.32,3,0,200000,1,4,1,1,12.77,0,retained,0,0.028523676,Low Risk,Unclassified
USR1259,53,Bengaluru,0,9,7.8,3,36,7.82,7,0,500000,1,3,0,1,6.3,1,overwhelmed_firsttimer,1,0.8608507,High Risk,Overwhelmed First-Timer
USR1260,31,Patna,0,16,2.67,5,6,9.3,13,1,10000,0,3,1,0,3.82,0,kyc_dropout,1,0.9638904,High Risk,KYC Dropout
USR1261,37,Mumbai,1,1,13.25,6,12,8.1,13,1,10000,1,5,1,0,14.68,0,kyc_dropout,1,0.8757611,High Risk,KYC Dropout
USR1262,28,Gorakhpur,1,2,20.91,3,12,8.58,15,0,10000,0,5,0,0,8.5,1,retained,0,0.009770009,Low Risk,Unclassified
USR1263,38,Lucknow,1,14,11.19,5,36,9.19,31,1,50000,1,2,1,0,7.98,1,kyc_dropout,1,0.990355,High Risk,KYC Dropout
USR1264,44,Coimbatore,1,14,20.03,3,3,6.94,63,1,200000,0,2,0,0,14.22,1,kyc_dropout,1,0.8940103,High Risk,KYC Dropout
USR1265,47,Gorakhpur,1,1,18.54,5,3,7.19,15,1,500000,1,1,1,0,6.42,1,retained,0,0.03725124,Low Risk,Unclassified
USR1266,42,Nagpur,0,16,4.1,3,12,6.82,51,0,50000,1,4,1,0,12.8,1,retained,0,0.13645625,Low Risk,Unclassified
USR1267,43,Chennai,0,15,15.87,2,6,6.92,18,0,500000,1,5,0,0,10.66,1,overwhelmed_firsttimer,1,0.9219571,High Risk,Overwhelmed First-Timer
USR1268,28,Lucknow,1,15,10.14,5,3,8.04,11,0,50000,0,0,0,1,14.53,1,retained,0,0.18501982,Low Risk,Unclassified
USR1269,35,Coimbatore,1,12,6.26,2,24,7.46,4,0,100000,1,3,0,0,6.72,1,overwhelmed_firsttimer,1,0.95643324,High Risk,Overwhelmed First-Timer
USR1270,36,Bhopal,1,16,15.43,2,36,7.77,41,0,50000,1,4,1,0,13.66,1,retained,0,0.12653016,Low Risk,Unclassified
USR1271,28,Surat,1,14,16.6,2,6,9.45,16,1,50000,0,5,1,1,8.75,0,kyc_dropout,1,0.9592807,High Risk,KYC Dropout
USR1272,30,Bengaluru,1,15,4.78,2,3,6.97,9,1,100000,1,2,1,0,7.4,1,kyc_dropout,0,0.38785663,Low Risk,Unclassified
USR1273,29,Coimbatore,1,15,20.2,1,12,8.12,15,1,25000,1,5,1,0,4.93,1,kyc_dropout,1,0.95868874,High Risk,KYC Dropout
USR1274,44,Bengaluru,1,8,16.77,6,36,6.8,15,0,100000,1,3,1,0,8.51,1,retained,0,0.045728173,Low Risk,Unclassified
USR1275,50,Chennai,1,2,20.6,4,3,7.46,41,0,10000,0,5,0,1,8.8,1,retained,0,0.022216648,Low Risk,Unclassified
USR1276,39,Coimbatore,1,2,7.66,1,12,8.08,2,0,25000,1,3,1,0,13.53,1,retained,0,0.033461876,Low Risk,Unclassified
USR1277,52,Mumbai,1,10,20.73,3,3,9.34,22,0,200000,0,4,1,0,10.71,1,retained,0,0.042736672,Low Risk,Unclassified
USR1278,51,Nagpur,1,3,8.74,3,36,7.67,27,1,500000,0,5,0,1,12.48,1,kyc_dropout,1,0.9706161,High Risk,KYC Dropout
USR1279,60,Bhopal,1,17,2.13,6,24,6.69,44,0,50000,0,5,0,0,11.65,1,comparison_paralysis,1,0.93430394,High Risk,Comparison Paralysis
USR1280,56,Coimbatore,1,8,17.02,4,24,7.66,23,1,25000,0,2,1,0,4.51,1,kyc_dropout,1,0.8930401,High Risk,KYC Dropout
USR1281,39,Bengaluru,1,4,15.77,4,12,6.94,18,0,200000,1,4,0,0,3.48,0,retained,0,0.020822784,Low Risk,Unclassified
USR1282,60,Bhopal,1,14,13.56,4,24,7.19,39,0,100000,0,0,1,0,4.25,1,retained,0,0.037897207,Low Risk,Unclassified
USR1283,38,Coimbatore,0,10,11.29,2,36,8.35,45,1,100000,1,3,0,0,2.63,0,kyc_dropout,1,0.9860706,High Risk,KYC Dropout
USR1284,35,Lucknow,1,1,1.68,1,12,6.7,39,0,10000,1,4,1,0,6.1,1,inactive_browser,1,0.8206944,High Risk,Silent Churner
USR1285,52,Patna,1,4,14.12,3,3,7.89,61,0,10000,1,4,0,0,9.98,1,retained,0,0.02943186,Low Risk,Unclassified
USR1286,45,Pune,0,1,9.75,1,6,8.33,17,0,25000,1,0,1,0,8.29,0,retained,0,0.028599963,Low Risk,Unclassified
USR1287,56,Mumbai,0,17,12.76,1,3,7.77,11,1,500000,1,4,1,0,10.35,0,kyc_dropout,1,0.9721485,High Risk,KYC Dropout
USR1288,55,Bhopal,1,17,10.02,1,36,6.56,13,1,50000,1,3,0,0,5.66,1,kyc_dropout,1,0.98573005,High Risk,KYC Dropout
USR1289,24,Patna,1,7,21.29,4,12,9.46,60,1,100000,0,1,0,1,3.48,1,retained,0,0.11118019,Low Risk,Unclassified
USR1290,58,Nagpur,1,15,13.69,6,3,7.6,11,1,25000,1,1,0,0,3.44,0,overwhelmed_firsttimer,1,0.895103,High Risk,Overwhelmed First-Timer
USR1291,61,Patna,1,13,16.73,6,12,8.84,26,1,25000,0,2,1,0,9.21,1,kyc_dropout,1,0.9692499,High Risk,KYC Dropout
USR1292,47,Surat,1,2,20.66,4,24,7.48,5,1,500000,0,0,1,1,2.88,1,retained,0,0.032563772,Low Risk,Unclassified
USR1293,44,Patna,1,13,13.42,3,6,7.93,32,0,25000,1,2,1,1,6.26,1,retained,0,0.091244355,Low Risk,Unclassified
USR1294,60,Coimbatore,1,11,1.25,3,36,7.67,49,0,10000,0,1,0,0,3.59,1,inactive_browser,1,0.8700019,High Risk,Silent Churner
USR1295,36,Jaipur,0,15,1.72,3,3,7.53,11,0,500000,1,0,1,0,10.11,1,retained,0,0.031195795,Low Risk,Unclassified
USR1296,25,Pune,1,10,15.75,6,6,6.57,56,1,100000,0,4,1,0,9.42,1,kyc_dropout,1,0.9767294,High Risk,KYC Dropout
USR1297,50,Lucknow,1,9,6.86,6,36,7.58,52,0,10000,1,4,1,0,6.03,0,retained,0,0.22676645,Low Risk,Unclassified
USR1298,43,Jaipur,1,9,13.17,1,36,9.17,12,0,10000,0,3,0,1,2.37,1,retained,0,0.099582665,Low Risk,Unclassified
USR1299,46,Delhi,1,1,5.25,4,24,8.57,2,1,500000,0,5,1,0,3.57,1,kyc_dropout,1,0.96996194,High Risk,KYC Dropout
USR1300,34,Bhopal,1,17,6.68,2,12,6.94,63,0,500000,1,1,1,1,7.35,1,retained,0,0.09176892,Low Risk,Unclassified
USR1301,39,Coimbatore,1,12,11.6,1,12,8.27,57,1,25000,1,4,1,1,14.6,1,kyc_dropout,1,0.8869041,High Risk,KYC Dropout
USR1302,54,Gorakhpur,0,10,21.49,5,6,9.18,3,1,200000,1,0,0,0,4.43,1,overwhelmed_firsttimer,1,0.95407605,High Risk,Overwhelmed First-Timer
USR1303,37,Surat,1,5,13.94,6,24,8.6,44,0,200000,1,5,0,1,3.27,1,retained,0,0.09103308,Low Risk,Unclassified
USR1304,23,Lucknow,1,15,20.66,1,36,6.95,35,1,200000,0,5,1,0,3.7,1,kyc_dropout,1,0.9523466,High Risk,KYC Dropout
USR1305,56,Bhopal,1,6,21.15,4,24,9.1,22,1,25000,1,4,0,0,10.77,0,kyc_dropout,1,0.95174533,High Risk,KYC Dropout
USR1306,55,Jaipur,1,7,5.37,5,24,7.4,18,0,50000,1,2,0,1,13.76,0,retained,0,0.060083553,Low Risk,Unclassified
USR1307,51,Chennai,1,17,7.54,1,6,7.86,39,1,100000,1,2,1,0,1.59,0,kyc_dropout,0,0.59223324,Medium Risk,KYC Dropout
USR1308,34,Surat,1,6,17.17,4,12,8.08,15,1,25000,0,2,1,0,11.36,1,kyc_dropout,1,0.94842523,High Risk,KYC Dropout
USR1309,34,Lucknow,1,8,19.2,4,24,9.05,57,0,25000,1,5,1,1,7.67,0,retained,0,0.062159747,Low Risk,Unclassified
USR1310,39,Lucknow,1,12,11.9,6,24,9.29,17,0,10000,1,2,0,0,12.47,1,overwhelmed_firsttimer,1,0.9091228,High Risk,Comparison Paralysis
USR1311,53,Coimbatore,1,14,21.86,2,24,9.29,35,0,200000,1,2,1,0,6.61,0,retained,0,0.14312404,Low Risk,Unclassified
USR1312,53,Mumbai,1,12,1.24,1,3,6.52,23,0,500000,0,5,0,0,0.58,1,retained,0,0.4868632,Medium Risk,Unclassified
USR1313,56,Bengaluru,0,10,7.29,4,24,9.27,0,0,25000,1,3,0,0,10.4,1,overwhelmed_firsttimer,1,0.9497372,High Risk,Overwhelmed First-Timer
USR1314,60,Pune,0,15,14.09,3,24,6.66,0,1,50000,1,2,0,1,12.22,1,kyc_dropout,1,0.9876314,High Risk,KYC Dropout
USR1315,50,Coimbatore,1,7,10.86,4,36,7.3,63,0,100000,0,3,1,0,13.58,1,retained,0,0.023444993,Low Risk,Unclassified
USR1316,50,Delhi,1,9,3.45,2,3,8.04,61,1,50000,1,3,1,1,8.75,0,kyc_dropout,1,0.970892,High Risk,KYC Dropout
USR1317,37,Bhopal,1,10,8.72,4,24,7.94,35,0,25000,1,4,1,1,2.27,1,retained,0,0.060141325,Low Risk,Unclassified
USR1318,31,Coimbatore,0,10,1.53,6,24,8.31,17,0,25000,0,5,0,0,5.86,0,retained,0,0.08646318,Low Risk,Unclassified
USR1319,51,Gorakhpur,1,16,14.5,1,6,7.94,15,0,10000,0,0,1,0,11.87,1,retained,0,0.008618721,Low Risk,Unclassified
USR1320,46,Pune,1,7,19.75,6,6,9.3,16,1,50000,0,2,0,0,7.67,1,kyc_dropout,1,0.89245695,High Risk,KYC Dropout
USR1321,60,Surat,1,5,19.58,1,3,7.22,23,0,10000,0,0,0,0,10.64,1,retained,0,0.0065729585,Low Risk,Unclassified
USR1322,41,Chennai,1,3,15.69,5,36,7.32,1,0,500000,0,1,1,0,0.57,0,retained,0,0.019361435,Low Risk,Unclassified
USR1323,26,Mumbai,1,11,10.78,1,3,9.26,9,1,50000,0,3,0,1,1.56,0,kyc_dropout,1,0.9432748,High Risk,KYC Dropout
USR1324,22,Nagpur,0,15,11.75,5,3,6.73,52,0,200000,0,1,1,0,10.38,1,comparison_paralysis,1,0.9389716,High Risk,Comparison Paralysis
USR1325,51,Bengaluru,0,5,3.88,6,6,8.33,50,0,500000,1,3,1,1,4.71,1,inactive_browser,1,0.8386069,High Risk,Silent Churner
USR1326,24,Pune,0,12,8.16,3,6,8.55,13,0,200000,1,2,0,0,6.13,0,overwhelmed_firsttimer,1,0.91551644,High Risk,Overwhelmed First-Timer
USR1327,35,Coimbatore,1,4,4.94,2,36,8.02,52,1,50000,1,1,1,0,9.81,1,retained,0,0.037017614,Low Risk,Unclassified
USR1328,51,Lucknow,0,15,18.25,3,24,8.58,63,0,10000,1,5,1,0,2.12,0,retained,1,0.52418876,Medium Risk,Unclassified
USR1329,25,Mumbai,1,9,20.21,5,36,7.02,48,0,200000,0,4,0,0,12.57,1,retained,0,0.15804575,Low Risk,Unclassified
USR1330,39,Coimbatore,1,7,12.28,4,24,9.06,61,0,25000,1,1,1,1,2.59,1,retained,0,0.012890872,Low Risk,Unclassified
USR1331,58,Coimbatore,1,10,16.28,4,12,6.92,36,1,100000,0,3,1,0,11.13,0,kyc_dropout,1,0.93943983,High Risk,KYC Dropout
USR1332,46,Jaipur,1,13,3.55,3,6,7.7,48,0,10000,1,5,1,1,4.74,1,inactive_browser,1,0.7467661,High Risk,Silent Churner
USR1333,22,Gorakhpur,1,8,13.78,4,12,6.73,32,0,500000,0,3,1,1,4.27,1,retained,0,0.060485654,Low Risk,Unclassified
USR1334,36,Jaipur,1,12,15.76,5,12,8.14,21,0,500000,0,0,1,0,12.41,1,comparison_paralysis,1,0.8616882,High Risk,Comparison Paralysis
USR1335,30,Chennai,1,1,10.51,6,6,8.51,32,0,50000,0,1,1,0,8.51,1,retained,0,0.0401277,Low Risk,Unclassified
USR1336,36,Patna,1,16,6.11,2,12,9.32,27,1,500000,1,4,1,0,3.48,1,kyc_dropout,1,0.9792802,High Risk,KYC Dropout
USR1337,45,Chennai,1,17,19.42,1,3,8.72,3,0,100000,0,2,1,0,0.54,1,retained,0,0.025652876,Low Risk,Unclassified
USR1338,25,Surat,1,11,16.6,5,24,8.12,48,1,100000,0,0,0,0,14.61,1,comparison_paralysis,1,0.83059996,High Risk,Comparison Paralysis
USR1339,33,Jaipur,1,7,19.9,5,36,9.3,10,1,25000,0,1,1,0,6.76,1,retained,0,0.023203662,Low Risk,Unclassified
USR1340,58,Lucknow,1,8,18.19,1,6,7.94,34,1,500000,1,0,0,1,6.26,0,overwhelmed_firsttimer,1,0.8260011,High Risk,Overwhelmed First-Timer
USR1341,58,Delhi,1,6,21.8,1,3,8.18,38,0,10000,1,1,1,0,1.23,1,retained,0,0.019177057,Low Risk,Unclassified
USR1342,27,Bengaluru,1,7,5.04,2,36,8.29,9,1,100000,1,2,0,0,13.47,1,kyc_dropout,1,0.9173793,High Risk,KYC Dropout
USR1343,60,Jaipur,1,10,2.82,2,36,7.73,22,0,10000,1,2,0,0,2.54,1,overwhelmed_firsttimer,1,0.9335329,High Risk,Overwhelmed First-Timer
USR1344,45,Nagpur,1,11,8.08,2,36,9.02,33,1,25000,1,4,0,0,5.36,1,kyc_dropout,1,0.9874671,High Risk,KYC Dropout
USR1345,32,Surat,0,13,3.71,4,12,7.06,31,0,50000,0,0,0,0,6.61,0,retained,0,0.24993135,Low Risk,Unclassified
USR1346,34,Bhopal,0,9,11.99,5,12,8.16,15,1,100000,1,4,0,0,12.25,1,kyc_dropout,1,0.9898178,High Risk,KYC Dropout
USR1347,55,Bhopal,1,7,14.29,6,12,8.67,53,0,100000,1,1,0,1,5.71,1,retained,0,0.053167462,Low Risk,Unclassified
USR1348,46,Pune,1,9,13.14,1,12,9.21,27,1,100000,1,2,1,0,8.21,0,kyc_dropout,1,0.95317554,High Risk,KYC Dropout
USR1349,28,Chennai,1,13,6.44,5,3,9.15,59,1,500000,1,2,1,1,6.72,0,kyc_dropout,1,0.9809686,High Risk,KYC Dropout
USR1350,25,Mumbai,1,3,20.09,5,12,8.03,59,1,10000,1,3,1,0,5.02,1,kyc_dropout,1,0.8775416,High Risk,KYC Dropout
USR1351,29,Pune,1,3,1.44,2,6,8.43,43,1,100000,1,3,1,0,14.22,0,kyc_dropout,1,0.95060974,High Risk,KYC Dropout
USR1352,41,Delhi,1,1,8.31,2,36,7.68,1,0,10000,1,4,1,1,12.05,1,retained,0,0.046645395,Low Risk,Unclassified
USR1353,50,Bhopal,0,2,16.1,5,3,7.9,22,0,500000,1,0,1,0,3.03,0,retained,0,0.059100904,Low Risk,Unclassified
USR1354,31,Lucknow,1,3,17.11,2,12,9.22,45,1,200000,0,1,0,0,8.54,0,retained,0,0.059193797,Low Risk,Unclassified
USR1355,55,Nagpur,0,15,9.74,4,36,9.29,53,1,200000,0,4,0,0,12.05,0,kyc_dropout,1,0.97898144,High Risk,KYC Dropout
USR1356,47,Patna,1,6,1.36,1,3,9.19,8,0,10000,1,2,0,1,8.91,0,retained,0,0.106661804,Low Risk,Unclassified
USR1357,24,Jaipur,1,13,13.98,5,36,6.92,43,0,500000,0,2,1,0,7.66,1,comparison_paralysis,1,0.80659163,High Risk,Comparison Paralysis
USR1358,27,Surat,1,1,2.32,1,3,9.05,11,0,200000,0,2,0,0,1.54,0,retained,0,0.09729763,Low Risk,Unclassified
USR1359,26,Gorakhpur,1,1,3.26,4,24,9.35,31,0,25000,1,1,1,0,2.04,0,retained,0,0.07673963,Low Risk,Unclassified
USR1360,26,Patna,1,2,14.66,2,3,7.58,33,0,25000,1,4,0,0,4.06,1,retained,0,0.039130744,Low Risk,Unclassified
USR1361,44,Jaipur,0,15,7.56,3,12,8.06,32,0,200000,1,1,0,0,7.94,0,overwhelmed_firsttimer,1,0.95883703,High Risk,Overwhelmed First-Timer
USR1362,30,Nagpur,1,14,8.31,4,36,8.84,63,0,50000,1,5,1,0,14.82,0,retained,0,0.08824083,Low Risk,Unclassified
USR1363,56,Coimbatore,1,11,11.22,3,36,8.19,47,0,10000,0,2,0,0,12.13,1,retained,0,0.15683715,Low Risk,Unclassified
USR1364,41,Gorakhpur,1,15,21.55,1,36,9.48,15,0,200000,1,3,1,0,2.1,1,retained,1,0.55919254,Medium Risk,Unclassified
USR1365,56,Nagpur,1,6,21.27,5,6,7.87,49,0,10000,1,4,1,0,10.9,1,retained,0,0.015244054,Low Risk,Unclassified
USR1366,39,Gorakhpur,0,9,9.74,2,6,8.64,22,0,500000,1,3,0,0,12.25,1,overwhelmed_firsttimer,1,0.8364732,High Risk,Overwhelmed First-Timer
USR1367,38,Chennai,1,5,6.58,4,12,8.88,25,1,200000,1,4,1,1,6.51,1,kyc_dropout,1,0.97652656,High Risk,KYC Dropout
USR1368,45,Surat,1,2,7.35,2,24,7.98,53,0,25000,0,2,0,0,5.29,1,retained,0,0.03823944,Low Risk,Unclassified
USR1369,24,Coimbatore,1,6,6.64,3,6,9.07,43,1,500000,0,3,1,0,8.98,1,kyc_dropout,1,0.9820055,High Risk,KYC Dropout
USR1370,53,Lucknow,1,9,12.18,3,3,8.14,36,1,50000,1,3,1,0,8.03,1,kyc_dropout,1,0.94428587,High Risk,KYC Dropout
USR1371,56,Patna,1,6,13.74,6,12,7.73,8,0,10000,1,4,0,1,4.35,0,retained,0,0.02284061,Low Risk,Unclassified
USR1372,59,Lucknow,1,14,11.26,5,24,6.82,12,0,50000,0,5,1,0,6.26,1,retained,0,0.0705054,Low Risk,Unclassified
USR1373,34,Nagpur,0,13,9.57,3,3,7.68,59,0,25000,1,5,0,0,8.39,1,overwhelmed_firsttimer,1,0.9317789,High Risk,Overwhelmed First-Timer
USR1374,46,Gorakhpur,1,11,5.44,5,36,8.7,1,0,100000,1,3,0,0,8.91,1,overwhelmed_firsttimer,1,0.9400752,High Risk,Overwhelmed First-Timer
USR1375,30,Patna,1,12,11.13,6,6,9.26,59,0,100000,1,3,1,0,8.21,0,comparison_paralysis,1,0.8181387,High Risk,Comparison Paralysis
USR1376,25,Patna,0,13,8.16,4,3,7.26,56,0,10000,1,2,1,0,12.77,1,retained,0,0.11510167,Low Risk,Unclassified
USR1377,35,Jaipur,1,14,12.37,6,24,7.57,42,0,500000,1,4,1,0,0.96,0,comparison_paralysis,1,0.7974121,High Risk,Comparison Paralysis
USR1378,58,Pune,1,12,15.18,5,12,6.96,18,0,25000,1,4,1,0,5.33,1,retained,0,0.045506075,Low Risk,Unclassified
USR1379,55,Mumbai,1,4,14.3,3,3,8.57,10,1,10000,1,0,1,0,11.37,1,retained,0,0.010604095,Low Risk,Unclassified
USR1380,32,Bhopal,0,10,10.71,1,12,9.38,46,0,500000,0,4,1,1,9.95,1,retained,0,0.11895994,Low Risk,Unclassified
USR1381,24,Jaipur,1,17,12.68,5,36,8.42,62,1,10000,0,2,1,0,13.81,1,kyc_dropout,1,0.9598946,High Risk,KYC Dropout
USR1382,49,Bhopal,1,4,6.98,2,24,8.35,6,0,10000,0,3,1,0,9.03,1,retained,1,0.17341754,Low Risk,Unclassified
USR1383,50,Nagpur,1,12,1.51,1,24,8.16,30,0,50000,1,0,0,1,9.75,1,overwhelmed_firsttimer,1,0.90715146,High Risk,Overwhelmed First-Timer
USR1384,30,Coimbatore,0,13,14.13,5,6,6.77,54,0,200000,1,3,1,0,10.72,1,comparison_paralysis,1,0.9014369,High Risk,Comparison Paralysis
USR1385,24,Patna,1,4,6.3,2,24,8.69,24,1,25000,1,4,1,1,3.2,1,kyc_dropout,1,0.9392765,High Risk,KYC Dropout
USR1386,46,Coimbatore,1,10,15.05,6,3,8.31,29,0,50000,1,1,1,0,11.42,1,comparison_paralysis,1,0.93908954,High Risk,Comparison Paralysis
USR1387,55,Chennai,1,3,16.69,1,3,8.48,35,0,500000,0,3,0,0,4.85,1,retained,0,0.018809922,Low Risk,Unclassified
USR1388,33,Lucknow,0,15,20.23,5,3,9.2,49,1,200000,0,5,1,0,6.66,0,kyc_dropout,1,0.9926252,High Risk,KYC Dropout
USR1389,30,Nagpur,1,2,21.12,4,36,8.85,13,1,10000,1,4,1,1,0.7,0,kyc_dropout,1,0.8975483,High Risk,KYC Dropout
USR1390,36,Patna,0,17,1.22,6,24,8.84,28,0,100000,0,5,1,1,12.73,1,comparison_paralysis,0,0.62263083,Medium Risk,Comparison Paralysis
USR1391,61,Delhi,1,6,21.8,2,24,9.28,26,1,50000,0,2,1,0,14.33,1,kyc_dropout,1,0.9207948,High Risk,KYC Dropout
USR1392,46,Nagpur,1,8,15.34,4,3,9.47,49,1,25000,1,5,1,0,1.37,1,kyc_dropout,0,0.42860222,Medium Risk,Unclassified
USR1393,26,Gorakhpur,1,3,14.51,3,6,8.24,35,0,25000,1,4,1,0,9.71,1,retained,0,0.009049041,Low Risk,Unclassified
USR1394,32,Bengaluru,0,1,1.32,6,6,6.83,33,0,200000,0,0,1,0,14.43,1,retained,0,0.3860659,Low Risk,Unclassified
USR1395,55,Coimbatore,0,16,19.09,6,24,7.88,20,1,50000,1,5,0,0,9.3,1,kyc_dropout,1,0.9861712,High Risk,KYC Dropout
USR1396,45,Coimbatore,1,7,4.06,5,24,8.86,37,1,10000,1,1,1,1,12.07,1,retained,0,0.074706994,Low Risk,Unclassified
USR1397,36,Pune,1,3,18.58,5,12,6.58,49,0,200000,0,1,0,1,2.21,0,retained,1,0.6933864,Medium Risk,Unclassified
USR1398,59,Jaipur,1,4,1.33,2,24,6.67,36,1,500000,1,1,0,1,4.05,1,inactive_browser,1,0.90505403,High Risk,Silent Churner
USR1399,29,Nagpur,1,9,14.57,6,3,6.7,18,0,25000,1,5,1,0,5.51,0,retained,0,0.025414167,Low Risk,Unclassified
USR1400,26,Jaipur,0,5,10.13,5,36,8.69,0,0,500000,0,2,0,1,14.73,1,retained,0,0.05065198,Low Risk,Unclassified
USR1401,47,Nagpur,1,15,5.22,3,24,8.0,39,0,50000,1,1,1,1,11.84,1,retained,0,0.11947507,Low Risk,Unclassified
USR1402,39,Bengaluru,0,8,3.26,5,24,7.61,54,0,100000,1,3,1,0,13.34,1,inactive_browser,1,0.8532059,High Risk,Comparison Paralysis
USR1403,27,Gorakhpur,1,6,10.24,6,3,6.82,25,1,500000,1,2,1,1,7.56,1,kyc_dropout,1,0.9143289,High Risk,KYC Dropout
USR1404,58,Coimbatore,0,15,3.59,1,12,8.7,42,0,10000,1,4,0,0,10.89,0,overwhelmed_firsttimer,1,0.97204113,High Risk,Overwhelmed First-Timer
USR1405,34,Surat,0,7,11.22,4,24,7.46,58,0,25000,1,0,0,0,11.11,1,retained,0,0.05449894,Low Risk,Unclassified
USR1406,49,Nagpur,0,10,14.13,6,6,7.3,50,0,50000,0,2,0,0,8.75,1,comparison_paralysis,1,0.87918836,High Risk,Comparison Paralysis
USR1407,26,Gorakhpur,1,6,18.38,3,6,8.46,14,0,100000,1,0,0,0,13.23,0,retained,0,0.018570779,Low Risk,Unclassified
USR1408,34,Nagpur,1,14,15.25,6,6,8.18,7,1,25000,1,2,1,0,2.79,0,kyc_dropout,1,0.93913525,High Risk,KYC Dropout
USR1409,38,Jaipur,1,17,2.37,3,36,7.59,13,1,100000,0,4,1,1,1.33,1,kyc_dropout,1,0.9113591,High Risk,KYC Dropout
USR1410,61,Patna,0,9,7.46,6,36,8.42,6,0,25000,1,0,1,0,4.91,1,retained,0,0.055408835,Low Risk,Unclassified
USR1411,53,Nagpur,1,5,7.05,4,24,7.31,17,1,200000,0,2,1,0,1.78,1,kyc_dropout,1,0.9624664,High Risk,KYC Dropout
USR1412,50,Gorakhpur,1,7,20.22,4,24,8.88,11,0,200000,1,0,1,0,1.37,0,retained,0,0.011355305,Low Risk,Unclassified
USR1413,24,Jaipur,1,7,19.22,3,24,7.19,1,1,200000,1,1,1,0,6.58,1,retained,0,0.03595333,Low Risk,Unclassified
USR1414,61,Delhi,0,2,8.77,6,36,6.98,49,1,50000,1,1,0,0,3.41,1,retained,0,0.054834962,Low Risk,Unclassified
USR1415,55,Jaipur,0,16,2.49,4,24,8.85,20,0,200000,1,5,1,0,11.96,0,retained,0,0.06961978,Low Risk,Unclassified
USR1416,61,Mumbai,1,13,19.78,2,3,8.62,6,1,50000,1,1,0,0,8.91,1,overwhelmed_firsttimer,1,0.90995544,High Risk,Overwhelmed First-Timer
USR1417,48,Surat,1,8,19.65,6,12,7.05,11,0,10000,1,3,1,0,5.73,1,retained,0,0.031216571,Low Risk,Unclassified
USR1418,34,Lucknow,1,6,18.95,4,6,6.85,56,0,200000,0,1,0,0,4.65,1,retained,0,0.033073533,Low Risk,Unclassified
USR1419,54,Coimbatore,1,6,18.75,1,6,9.02,22,0,50000,0,1,1,1,8.67,1,retained,0,0.007049084,Low Risk,Unclassified
USR1420,27,Coimbatore,1,9,11.09,1,3,8.83,29,1,25000,1,4,0,0,6.79,1,kyc_dropout,1,0.97793615,High Risk,KYC Dropout
USR1421,45,Coimbatore,1,4,4.73,2,24,7.48,57,0,50000,0,0,0,0,1.31,0,retained,0,0.033331584,Low Risk,Unclassified
USR1422,40,Patna,1,11,11.03,4,36,8.47,51,1,500000,1,0,1,1,10.15,0,retained,0,0.1947198,Low Risk,Unclassified
USR1423,37,Coimbatore,1,5,11.39,1,24,6.87,55,1,50000,1,1,0,1,7.75,0,retained,0,0.04986446,Low Risk,Unclassified
USR1424,61,Patna,1,17,11.29,6,24,8.02,9,0,500000,0,0,0,0,4.52,0,retained,0,0.09722129,Low Risk,Unclassified
USR1425,49,Bhopal,0,7,12.31,5,6,6.56,18,0,25000,0,2,0,0,4.71,1,retained,0,0.06195509,Low Risk,Unclassified
USR1426,54,Gorakhpur,1,15,6.41,4,6,7.67,18,0,50000,1,5,0,0,7.07,1,overwhelmed_firsttimer,1,0.9297095,High Risk,Comparison Paralysis
USR1427,34,Lucknow,0,15,8.69,2,36,6.72,58,0,25000,0,1,1,0,12.5,0,retained,1,0.45148328,Medium Risk,Unclassified
USR1428,46,Bhopal,1,14,10.12,4,6,7.93,43,0,500000,1,5,1,0,6.63,1,retained,0,0.10865179,Low Risk,Unclassified
USR1429,57,Pune,0,13,3.75,3,24,7.77,58,1,100000,0,1,1,0,12.67,0,inactive_browser,1,0.86300606,High Risk,Silent Churner
USR1430,48,Chennai,0,11,10.56,3,3,7.83,3,1,200000,0,3,0,0,6.66,1,kyc_dropout,1,0.9580292,High Risk,KYC Dropout
USR1431,59,Nagpur,1,13,18.02,1,36,6.64,64,0,500000,1,5,0,0,12.53,1,overwhelmed_firsttimer,1,0.95998037,High Risk,Overwhelmed First-Timer
USR1432,28,Bhopal,1,9,18.39,3,3,7.58,12,0,10000,1,2,1,1,14.01,1,retained,0,0.029529218,Low Risk,Unclassified
USR1433,26,Surat,1,10,9.64,2,24,8.77,11,0,50000,1,1,0,0,0.8,1,overwhelmed_firsttimer,1,0.84565336,High Risk,Overwhelmed First-Timer
USR1434,52,Lucknow,0,4,11.89,1,36,7.61,54,0,25000,0,1,0,0,1.4,1,retained,0,0.03620463,Low Risk,Unclassified
USR1435,44,Pune,1,17,1.71,2,3,8.65,60,1,200000,1,0,1,0,2.44,1,inactive_browser,1,0.8435346,High Risk,Silent Churner
USR1436,31,Lucknow,1,14,15.16,6,36,7.61,40,1,50000,1,1,1,1,2.27,1,comparison_paralysis,0,0.48128197,Medium Risk,Unclassified
USR1437,53,Surat,1,11,9.5,2,24,7.77,35,0,200000,1,5,0,1,7.09,1,overwhelmed_firsttimer,1,0.94877315,High Risk,Overwhelmed First-Timer
USR1438,51,Mumbai,0,16,10.36,3,36,8.19,1,0,100000,1,5,0,0,11.58,1,overwhelmed_firsttimer,1,0.95481193,High Risk,Overwhelmed First-Timer
USR1439,60,Pune,1,1,19.35,6,24,9.35,21,1,50000,0,1,1,0,14.44,1,retained,0,0.05352391,Low Risk,Unclassified
USR1440,52,Nagpur,0,7,10.7,3,36,6.83,21,0,25000,1,1,0,0,6.56,1,retained,0,0.0423776,Low Risk,Unclassified
USR1441,39,Nagpur,1,10,1.45,2,36,6.6,40,0,100000,1,1,1,0,10.48,1,inactive_browser,1,0.90751886,High Risk,Silent Churner
USR1442,57,Nagpur,0,9,5.78,3,6,8.32,13,0,50000,1,3,1,0,9.71,1,retained,0,0.047409277,Low Risk,Unclassified
USR1443,23,Coimbatore,1,3,10.99,3,24,9.35,34,0,200000,1,2,1,0,6.2,0,retained,0,0.021767693,Low Risk,Unclassified
USR1444,35,Bhopal,0,14,9.91,3,12,9.47,49,0,100000,1,5,0,0,10.96,1,overwhelmed_firsttimer,0,0.9511,High Risk,Overwhelmed First-Timer
USR1445,34,Coimbatore,1,15,19.07,4,36,7.95,8,0,25000,0,3,0,0,9.08,1,retained,0,0.06724004,Low Risk,Unclassified
USR1446,50,Chennai,1,2,12.38,6,3,7.9,58,0,50000,1,0,1,0,11.52,1,retained,0,0.01850448,Low Risk,Unclassified
USR1447,33,Surat,1,14,15.48,6,6,8.43,55,0,200000,0,4,0,0,3.31,1,comparison_paralysis,1,0.8527997,High Risk,Comparison Paralysis
USR1448,60,Gorakhpur,1,16,10.86,6,6,8.17,9,0,200000,1,1,0,0,5.72,0,overwhelmed_firsttimer,1,0.9270067,High Risk,Overwhelmed First-Timer
USR1449,23,Bengaluru,1,7,10.23,2,36,8.4,24,0,500000,0,5,0,1,10.23,1,retained,0,0.038693808,Low Risk,Unclassified
USR1450,53,Bhopal,0,4,10.37,5,12,9.12,44,0,100000,1,0,0,0,2.31,0,retained,0,0.26501328,Low Risk,Unclassified
USR1451,34,Pune,0,5,9.63,2,6,8.74,10,1,50000,1,5,1,1,11.67,1,kyc_dropout,1,0.9624018,High Risk,KYC Dropout
USR1452,48,Nagpur,1,6,12.31,6,24,7.99,8,0,500000,0,4,1,0,2.43,1,retained,0,0.03739798,Low Risk,Unclassified
USR1453,38,Patna,1,7,6.26,1,36,7.89,6,0,200000,1,1,1,0,5.2,1,retained,0,0.01699709,Low Risk,Unclassified
USR1454,61,Patna,1,15,19.71,3,36,8.42,33,1,100000,1,5,1,0,3.94,0,kyc_dropout,1,0.97753227,High Risk,KYC Dropout
USR1455,52,Bhopal,0,1,7.99,3,12,7.87,19,0,10000,0,1,0,0,1.38,1,retained,0,0.021759937,Low Risk,Unclassified
USR1456,55,Bengaluru,1,4,4.1,5,24,7.87,4,1,200000,0,4,1,0,4.42,0,kyc_dropout,1,0.93273926,High Risk,KYC Dropout
USR1457,45,Chennai,1,1,3.03,1,24,6.55,54,0,100000,1,3,0,0,13.72,1,inactive_browser,1,0.90961593,High Risk,Silent Churner
USR1458,56,Gorakhpur,1,11,1.28,4,12,7.02,14,0,10000,0,4,0,1,0.89,0,retained,0,0.114373885,Low Risk,Unclassified
USR1459,27,Nagpur,1,14,9.88,2,3,7.97,47,0,100000,1,4,0,1,0.74,1,overwhelmed_firsttimer,1,0.89664143,High Risk,Overwhelmed First-Timer
USR1460,40,Lucknow,1,11,4.94,4,24,8.97,3,0,200000,1,5,1,1,10.71,1,retained,0,0.03355342,Low Risk,Unclassified
USR1461,51,Mumbai,1,10,1.45,1,3,7.34,20,0,10000,1,2,0,1,5.82,1,overwhelmed_firsttimer,1,0.95090026,High Risk,Overwhelmed First-Timer
USR1462,28,Jaipur,0,17,11.92,5,3,8.07,8,0,100000,1,1,1,0,3.83,0,retained,0,0.08465183,Low Risk,Unclassified
USR1463,31,Lucknow,1,4,15.28,1,36,7.53,34,1,50000,1,5,1,0,7.88,1,kyc_dropout,1,0.95363474,High Risk,KYC Dropout
USR1464,53,Lucknow,1,15,2.8,5,36,6.81,50,0,10000,1,1,0,1,4.37,0,comparison_paralysis,1,0.9867446,High Risk,Comparison Paralysis
USR1465,55,Bhopal,1,16,10.68,4,6,9.37,36,0,100000,1,3,1,1,6.18,0,retained,0,0.11071078,Low Risk,Unclassified
USR1466,49,Bengaluru,0,13,16.62,4,36,9.06,5,0,50000,1,3,1,0,10.87,1,retained,0,0.04450204,Low Risk,Unclassified
USR1467,36,Coimbatore,1,9,21.7,1,24,6.74,50,1,10000,0,2,1,1,2.2,1,kyc_dropout,1,0.94613254,High Risk,KYC Dropout
USR1468,51,Mumbai,1,11,15.01,1,24,8.66,16,1,100000,0,2,1,0,14.42,0,kyc_dropout,1,0.92061675,High Risk,KYC Dropout
USR1469,58,Lucknow,1,11,6.14,3,3,7.54,64,1,200000,1,2,0,0,1.12,1,kyc_dropout,1,0.9767463,High Risk,KYC Dropout
USR1470,50,Jaipur,1,6,16.05,5,24,9.48,8,0,10000,1,3,0,0,12.19,1,retained,0,0.0395907,Low Risk,Unclassified
USR1471,43,Gorakhpur,1,1,13.56,3,36,7.41,12,0,10000,0,4,0,0,11.01,1,retained,0,0.016552338,Low Risk,Unclassified
USR1472,25,Nagpur,1,6,5.45,2,36,7.22,57,0,50000,1,5,1,0,4.59,1,retained,0,0.039750364,Low Risk,Unclassified
USR1473,41,Bengaluru,0,13,18.87,2,36,8.2,29,1,500000,1,1,0,1,2.22,1,overwhelmed_firsttimer,1,0.97502726,High Risk,Overwhelmed First-Timer
USR1474,53,Gorakhpur,0,5,9.98,1,12,9.01,30,1,500000,1,1,1,0,12.86,1,retained,0,0.045120347,Low Risk,Unclassified
USR1475,57,Patna,0,15,21.2,4,24,7.08,22,1,100000,1,5,0,1,10.35,1,kyc_dropout,1,0.9871061,High Risk,KYC Dropout
USR1476,25,Jaipur,0,14,16.18,2,6,8.63,62,0,200000,0,0,1,0,4.72,0,retained,0,0.05962256,Low Risk,Unclassified
USR1477,48,Jaipur,0,15,14.54,2,24,6.68,27,0,50000,1,3,0,0,0.75,1,overwhelmed_firsttimer,0,0.5053696,Medium Risk,Overwhelmed First-Timer
USR1478,38,Nagpur,0,5,16.3,3,24,9.26,58,0,10000,0,3,0,0,14.11,1,retained,0,0.028776795,Low Risk,Unclassified
USR1479,33,Gorakhpur,1,4,11.04,3,12,6.74,9,0,500000,1,2,1,1,6.36,1,retained,0,0.020988207,Low Risk,Unclassified
USR1480,43,Lucknow,1,2,11.61,2,24,9.24,25,0,50000,1,5,0,0,3.06,1,retained,0,0.043974288,Low Risk,Unclassified
USR1481,38,Patna,1,7,18.88,1,3,7.97,16,0,50000,1,0,1,0,13.72,1,retained,0,0.011605892,Low Risk,Unclassified
USR1482,31,Delhi,0,10,15.3,3,36,7.84,39,1,50000,1,0,1,0,5.71,1,retained,0,0.0493936,Low Risk,Unclassified
USR1483,22,Bengaluru,0,16,19.84,2,36,9.42,22,0,10000,1,3,1,0,7.22,0,retained,0,0.15975691,Low Risk,Unclassified
USR1484,43,Chennai,0,10,19.71,4,12,9.47,34,1,25000,1,2,1,0,10.63,0,kyc_dropout,1,0.9306766,High Risk,KYC Dropout
USR1485,47,Lucknow,1,17,21.51,3,36,8.45,8,0,50000,1,1,1,0,12.38,1,retained,0,0.08211333,Low Risk,Unclassified
USR1486,39,Patna,0,13,15.7,2,3,6.88,44,0,25000,1,2,1,0,1.95,1,retained,0,0.14337064,Low Risk,Unclassified
USR1487,35,Bengaluru,1,1,11.55,5,12,8.02,36,0,500000,1,1,1,0,13.53,1,retained,0,0.041130073,Low Risk,Unclassified
USR1488,50,Delhi,1,1,4.49,3,6,8.09,18,0,200000,1,3,0,0,14.02,1,retained,0,0.10326483,Low Risk,Unclassified
USR1489,33,Patna,1,15,15.81,5,36,8.04,26,0,500000,0,2,1,1,4.26,1,comparison_paralysis,1,0.8306542,High Risk,Comparison Paralysis
USR1490,57,Nagpur,0,1,7.12,3,24,8.21,12,0,200000,1,0,1,0,7.71,1,retained,0,0.09313307,Low Risk,Unclassified
USR1491,56,Jaipur,1,6,6.94,3,3,6.56,56,0,200000,1,5,0,0,12.94,0,retained,0,0.15237519,Low Risk,Unclassified
USR1492,33,Mumbai,0,13,6.0,6,3,8.63,59,1,500000,1,4,1,1,7.57,1,kyc_dropout,1,0.9849023,High Risk,KYC Dropout
USR1493,28,Patna,1,1,19.38,6,36,8.64,11,1,100000,1,0,1,0,7.49,1,retained,0,0.026694875,Low Risk,Unclassified
USR1494,50,Patna,0,5,19.23,5,6,6.85,8,1,10000,0,5,1,0,9.47,0,kyc_dropout,1,0.7755041,High Risk,KYC Dropout
USR1495,32,Bhopal,1,9,14.25,1,24,8.21,26,0,25000,0,1,0,0,11.63,1,retained,0,0.091491334,Low Risk,Unclassified
USR1496,54,Patna,1,17,10.93,2,6,8.21,62,0,100000,0,3,0,0,10.15,0,retained,0,0.14819974,Low Risk,Unclassified
USR1497,27,Bengaluru,1,16,15.11,1,6,8.55,28,0,25000,1,2,0,0,9.59,1,overwhelmed_firsttimer,1,0.91069645,High Risk,Overwhelmed First-Timer
USR1498,36,Chennai,1,8,13.75,1,36,6.76,21,1,10000,0,3,1,0,5.89,1,kyc_dropout,1,0.8837121,High Risk,KYC Dropout
USR1499,53,Jaipur,0,17,9.73,6,24,8.38,18,0,50000,1,3,0,0,9.64,1,overwhelmed_firsttimer,1,0.9520693,High Risk,Comparison Paralysis
USR1500,32,Jaipur,1,15,8.97,2,36,7.34,37,0,500000,0,1,0,0,2.0,1,retained,0,0.2069468,Low Risk,Unclassified
USR1501,44,Bhopal,0,1,9.04,6,36,8.02,38,0,100000,1,3,0,0,6.44,1,retained,0,0.07626891,Low Risk,Unclassified
USR1502,47,Gorakhpur,0,12,13.37,6,3,8.82,14,0,10000,0,2,0,0,3.23,1,retained,0,0.12557004,Low Risk,Unclassified
USR1503,55,Lucknow,0,5,14.6,6,36,8.62,53,1,500000,1,0,1,0,8.29,1,retained,0,0.052702308,Low Risk,Unclassified
USR1504,55,Gorakhpur,1,6,10.49,4,12,6.86,31,0,100000,0,3,1,0,4.3,1,retained,0,0.014444587,Low Risk,Unclassified
USR1505,50,Patna,1,1,21.34,1,24,8.27,45,0,200000,1,2,1,0,7.84,0,retained,0,0.03815486,Low Risk,Unclassified
USR1506,25,Coimbatore,1,1,2.76,1,3,9.41,60,1,100000,0,2,0,0,11.77,0,kyc_dropout,1,0.97315776,High Risk,KYC Dropout
USR1507,38,Surat,1,10,8.29,1,24,6.97,51,0,50000,0,1,1,0,6.79,1,retained,0,0.10174192,Low Risk,Unclassified
USR1508,56,Pune,1,10,9.8,4,3,9.06,33,0,50000,1,3,1,1,3.67,1,retained,0,0.07299881,Low Risk,Unclassified
USR1509,34,Mumbai,1,3,1.36,3,12,8.61,34,0,25000,0,1,0,0,3.73,0,retained,0,0.13525638,Low Risk,Unclassified
USR1510,60,Jaipur,0,17,8.66,5,36,8.82,36,1,100000,1,0,1,1,13.64,1,comparison_paralysis,1,0.84772444,High Risk,Comparison Paralysis
USR1511,36,Coimbatore,1,11,6.75,5,3,7.35,60,1,200000,1,0,0,0,11.82,0,comparison_paralysis,1,0.9619062,High Risk,Comparison Paralysis
USR1512,50,Gorakhpur,1,2,11.63,4,3,7.36,48,0,50000,1,5,1,1,1.03,1,retained,0,0.024162214,Low Risk,Unclassified
USR1513,50,Patna,0,9,8.06,1,3,9.22,8,1,25000,1,2,1,0,14.17,1,kyc_dropout,1,0.9464203,High Risk,KYC Dropout
USR1514,32,Bhopal,1,17,16.25,5,12,7.58,18,0,200000,1,3,1,0,2.13,1,retained,1,0.2503277,Low Risk,Unclassified
USR1515,53,Surat,1,14,11.71,4,24,6.69,27,0,200000,1,5,0,0,9.97,0,overwhelmed_firsttimer,1,0.91827273,High Risk,Comparison Paralysis
USR1516,23,Bhopal,0,4,3.73,6,12,8.3,25,0,200000,1,2,1,1,8.5,1,retained,0,0.0856143,Low Risk,Unclassified
USR1517,35,Coimbatore,0,17,16.75,2,3,6.87,37,1,10000,0,3,1,0,1.18,0,kyc_dropout,1,0.9324618,High Risk,KYC Dropout
USR1518,41,Patna,1,17,3.08,5,3,8.89,39,0,50000,1,1,1,0,4.78,1,comparison_paralysis,1,0.9635854,High Risk,Comparison Paralysis
USR1519,43,Delhi,0,12,18.62,2,36,8.43,24,1,10000,1,0,1,1,11.75,1,retained,0,0.120647594,Low Risk,Unclassified
USR1520,32,Pune,1,3,20.56,1,12,9.12,22,1,10000,0,5,1,0,4.95,0,kyc_dropout,1,0.95231247,High Risk,KYC Dropout
USR1521,48,Jaipur,0,11,7.77,5,12,8.85,64,1,50000,1,5,0,0,7.46,1,kyc_dropout,1,0.99063814,High Risk,KYC Dropout
USR1522,24,Bhopal,1,4,20.45,4,6,6.84,21,0,100000,1,0,0,0,10.62,0,retained,0,0.016559908,Low Risk,Unclassified
USR1523,38,Bhopal,1,17,17.65,3,24,7.64,63,0,500000,0,1,1,0,1.54,1,retained,0,0.056674387,Low Risk,Unclassified
USR1524,49,Delhi,1,5,20.37,5,6,8.82,57,0,25000,0,4,1,0,12.57,0,retained,0,0.020490931,Low Risk,Unclassified
USR1525,50,Patna,1,14,14.99,5,6,7.75,27,0,500000,1,4,0,0,1.1,1,comparison_paralysis,1,0.9509535,High Risk,Comparison Paralysis
USR1526,42,Jaipur,0,10,5.95,5,24,9.42,3,1,500000,1,4,0,0,4.3,1,kyc_dropout,1,0.9903606,High Risk,KYC Dropout
USR1527,37,Chennai,1,15,19.78,5,36,8.71,0,0,500000,0,3,0,0,11.56,1,retained,0,0.122043096,Low Risk,Unclassified
USR1528,58,Bengaluru,0,1,4.87,4,36,6.55,25,1,500000,1,5,1,0,13.72,1,kyc_dropout,1,0.94947886,High Risk,KYC Dropout
USR1529,41,Mumbai,1,16,5.47,4,24,9.14,32,1,50000,1,1,1,0,11.52,1,retained,1,0.28160894,Low Risk,Unclassified
USR1530,27,Jaipur,0,11,6.69,3,24,6.8,26,0,500000,1,3,1,0,3.79,1,retained,0,0.06660374,Low Risk,Unclassified
USR1531,40,Coimbatore,0,6,7.39,4,12,6.92,41,0,25000,0,3,0,0,14.79,1,retained,0,0.02755607,Low Risk,Unclassified
USR1532,26,Coimbatore,1,16,11.8,4,12,8.7,63,0,100000,1,1,1,0,6.49,1,retained,0,0.04786404,Low Risk,Unclassified
USR1533,24,Gorakhpur,0,2,15.98,1,12,9.09,24,0,50000,0,3,1,1,5.96,0,retained,0,0.0191681,Low Risk,Unclassified
USR1534,22,Lucknow,1,1,20.45,1,12,8.11,3,0,500000,0,5,0,1,13.05,1,retained,0,0.026489804,Low Risk,Unclassified
USR1535,59,Bhopal,0,9,2.86,2,3,7.37,11,0,200000,0,1,0,1,1.46,1,retained,0,0.17856026,Low Risk,Unclassified
USR1536,36,Gorakhpur,0,12,21.04,3,3,7.55,57,0,50000,1,4,1,0,8.56,0,retained,0,0.1376383,Low Risk,Unclassified
USR1537,55,Delhi,1,17,20.35,1,36,7.53,10,1,100000,1,4,1,0,14.5,0,kyc_dropout,1,0.9489892,High Risk,KYC Dropout
USR1538,56,Gorakhpur,0,15,2.13,3,3,7.48,58,0,500000,0,3,0,0,1.95,1,inactive_browser,1,0.92802763,High Risk,Silent Churner
USR1539,46,Bengaluru,0,10,8.57,3,3,7.23,35,0,10000,1,0,1,1,8.34,0,retained,0,0.07843255,Low Risk,Unclassified
USR1540,45,Coimbatore,0,12,18.08,5,12,8.33,21,0,50000,0,1,0,1,2.42,1,comparison_paralysis,1,0.8812849,High Risk,Comparison Paralysis
USR1541,33,Mumbai,0,14,13.84,6,12,9.2,64,1,200000,1,2,0,0,13.4,0,kyc_dropout,1,0.99241567,High Risk,KYC Dropout
USR1542,39,Delhi,0,9,17.36,6,24,7.42,49,1,50000,1,2,1,0,9.02,1,kyc_dropout,1,0.92891943,High Risk,KYC Dropout
USR1543,36,Nagpur,0,13,16.1,6,12,7.06,3,0,10000,1,3,1,0,3.9,0,retained,0,0.039449107,Low Risk,Unclassified
USR1544,37,Gorakhpur,1,3,11.43,3,24,9.02,51,1,50000,1,0,0,0,4.95,1,retained,0,0.070272595,Low Risk,Unclassified
USR1545,48,Surat,1,14,1.87,5,24,8.73,42,1,200000,1,1,1,1,7.99,0,comparison_paralysis,1,0.9813323,High Risk,Comparison Paralysis
USR1546,29,Chennai,0,10,13.27,2,3,9.29,45,1,100000,0,4,0,0,11.02,1,kyc_dropout,1,0.96793985,High Risk,KYC Dropout
USR1547,46,Surat,1,16,2.02,2,12,7.0,3,0,200000,1,3,1,0,7.57,1,retained,0,0.07348381,Low Risk,Unclassified
USR1548,38,Surat,1,7,13.68,6,3,6.93,12,1,100000,1,1,0,0,3.24,1,retained,0,0.042951375,Low Risk,Unclassified
USR1549,50,Patna,1,4,17.81,2,12,8.12,37,0,200000,0,1,1,0,10.77,0,retained,0,0.02081238,Low Risk,Unclassified
USR1550,29,Jaipur,0,11,13.28,5,3,8.34,44,1,25000,0,1,1,0,2.22,1,comparison_paralysis,1,0.8330457,High Risk,Comparison Paralysis
USR1551,36,Lucknow,1,16,21.94,6,3,7.94,24,0,50000,1,0,1,0,12.24,1,comparison_paralysis,1,0.92132866,High Risk,Comparison Paralysis
USR1552,48,Delhi,1,4,10.57,5,3,8.3,54,1,50000,1,1,1,0,6.24,1,retained,0,0.030650191,Low Risk,Unclassified
USR1553,28,Bengaluru,1,17,16.73,2,36,7.04,38,1,10000,0,0,1,0,9.96,1,retained,0,0.059506707,Low Risk,Unclassified
USR1554,24,Jaipur,0,13,15.01,6,3,7.94,64,0,25000,1,0,1,1,5.5,0,comparison_paralysis,1,0.77844745,High Risk,Comparison Paralysis
USR1555,50,Coimbatore,0,11,21.82,5,6,8.47,1,1,10000,1,5,1,0,10.2,0,kyc_dropout,1,0.9559127,High Risk,KYC Dropout
USR1556,45,Chennai,1,3,15.98,4,6,7.8,61,0,50000,1,1,1,0,13.39,1,retained,0,0.0065508885,Low Risk,Unclassified
USR1557,24,Surat,1,9,4.44,4,6,8.54,45,0,10000,1,5,1,0,10.67,0,retained,0,0.07043365,Low Risk,Unclassified
USR1558,41,Jaipur,1,6,21.07,5,24,7.85,30,0,100000,1,4,1,0,10.24,1,retained,0,0.033646125,Low Risk,Unclassified
USR1559,36,Lucknow,1,11,15.02,5,3,7.5,34,1,25000,0,5,1,1,11.48,1,kyc_dropout,1,0.98768926,High Risk,KYC Dropout
USR1560,46,Jaipur,1,16,2.25,1,6,7.41,44,0,200000,1,5,0,0,7.75,1,overwhelmed_firsttimer,1,0.9768093,High Risk,Overwhelmed First-Timer
USR1561,51,Bengaluru,1,5,14.81,1,24,7.73,53,0,100000,1,1,1,0,3.69,0,retained,0,0.018869184,Low Risk,Unclassified
USR1562,35,Bhopal,1,14,19.55,3,6,6.57,28,1,500000,1,4,0,0,12.33,1,kyc_dropout,1,0.9970155,High Risk,KYC Dropout
USR1563,28,Bengaluru,1,17,13.12,6,12,8.51,7,1,200000,1,3,0,0,9.9,1,kyc_dropout,1,0.98491883,High Risk,KYC Dropout
USR1564,38,Coimbatore,1,3,8.43,3,36,9.04,53,1,10000,1,2,1,0,5.05,1,kyc_dropout,1,0.92460376,High Risk,KYC Dropout
USR1565,41,Pune,1,4,18.24,3,3,7.56,6,0,50000,1,3,0,0,4.5,0,retained,0,0.076848246,Low Risk,Unclassified
USR1566,57,Gorakhpur,1,16,17.43,2,36,6.64,22,0,100000,0,0,1,0,7.75,1,retained,0,0.02530065,Low Risk,Unclassified
USR1567,30,Nagpur,1,16,12.43,4,36,9.46,31,0,25000,1,3,1,0,3.51,0,retained,0,0.11984294,Low Risk,Unclassified
USR1568,59,Pune,1,4,4.24,2,12,7.29,61,0,200000,0,2,1,0,13.23,1,retained,0,0.0711992,Low Risk,Unclassified
USR1569,43,Surat,0,17,6.27,6,12,6.88,44,0,500000,1,2,0,0,11.93,1,comparison_paralysis,1,0.9726651,High Risk,Comparison Paralysis
USR1570,23,Mumbai,0,13,16.51,5,12,7.61,29,0,100000,1,4,1,0,4.97,1,comparison_paralysis,1,0.78366905,High Risk,Comparison Paralysis
USR1571,45,Nagpur,0,1,17.93,1,24,8.72,38,1,50000,1,3,1,0,1.22,1,kyc_dropout,1,0.924255,High Risk,KYC Dropout
USR1572,29,Bhopal,1,12,6.86,6,6,7.38,4,0,25000,1,0,0,0,1.25,1,overwhelmed_firsttimer,1,0.87307584,High Risk,Overwhelmed First-Timer
USR1573,32,Gorakhpur,1,4,8.73,5,3,8.22,21,0,25000,0,5,1,0,4.81,0,retained,0,0.0410591,Low Risk,Unclassified
USR1574,34,Bhopal,1,11,2.63,6,12,7.75,27,0,200000,0,5,0,0,2.64,1,comparison_paralysis,1,0.8278494,High Risk,Comparison Paralysis
USR1575,38,Coimbatore,1,5,15.98,5,3,6.85,21,0,100000,1,0,1,0,13.16,1,retained,0,0.016444296,Low Risk,Unclassified
USR1576,29,Bhopal,1,2,1.08,1,3,7.49,28,0,100000,1,4,1,0,6.6,1,retained,0,0.059964854,Low Risk,Unclassified
USR1577,42,Delhi,1,17,1.98,5,3,8.67,42,0,25000,1,5,1,0,5.55,1,comparison_paralysis,1,0.97281104,High Risk,Comparison Paralysis
USR1578,39,Patna,1,8,1.09,3,12,8.34,41,1,10000,0,4,1,0,3.66,1,kyc_dropout,1,0.9916747,High Risk,KYC Dropout
USR1579,51,Pune,0,6,14.55,6,12,6.86,59,0,25000,1,5,1,1,12.7,1,retained,0,0.02189686,Low Risk,Unclassified
USR1580,39,Surat,1,9,9.77,1,6,6.99,58,0,50000,1,5,1,0,11.99,1,retained,0,0.0756407,Low Risk,Unclassified
USR1581,52,Nagpur,0,13,7.25,5,12,8.42,5,1,100000,0,3,1,0,6.07,1,kyc_dropout,1,0.9466942,High Risk,KYC Dropout
USR1582,59,Lucknow,1,11,20.17,3,12,8.94,27,1,200000,0,4,1,0,2.96,0,kyc_dropout,1,0.9766461,High Risk,KYC Dropout
USR1583,53,Chennai,1,16,5.05,3,3,7.55,30,1,100000,1,2,1,0,14.3,0,kyc_dropout,1,0.9015465,High Risk,KYC Dropout
USR1584,32,Gorakhpur,1,16,9.18,4,6,8.29,38,1,25000,1,0,1,0,5.08,1,retained,0,0.06542719,Low Risk,Unclassified
USR1585,46,Patna,1,2,20.75,3,36,7.01,49,1,50000,1,5,0,0,11.68,1,kyc_dropout,1,0.933843,High Risk,KYC Dropout
USR1586,54,Surat,1,10,9.97,2,12,7.43,36,0,10000,1,2,0,0,7.21,1,overwhelmed_firsttimer,1,0.93394387,High Risk,Overwhelmed First-Timer
USR1587,59,Bengaluru,1,12,12.65,1,12,6.56,14,1,100000,0,1,1,0,11.83,0,retained,0,0.16724747,Low Risk,Unclassified
USR1588,29,Pune,0,8,2.69,1,36,8.8,50,0,25000,1,2,0,0,7.48,1,overwhelmed_firsttimer,1,0.9506279,High Risk,Overwhelmed First-Timer
USR1589,32,Jaipur,0,11,17.59,1,3,7.7,22,0,500000,0,0,1,1,13.92,1,retained,0,0.041769136,Low Risk,Unclassified
USR1590,43,Gorakhpur,1,10,9.88,5,6,8.95,24,0,25000,1,1,1,0,12.11,1,comparison_paralysis,1,0.8184488,High Risk,Comparison Paralysis
USR1591,45,Jaipur,0,13,17.81,6,3,8.63,45,0,25000,1,3,1,1,4.27,1,comparison_paralysis,1,0.85597074,High Risk,Comparison Paralysis
USR1592,38,Nagpur,1,17,6.33,5,24,8.99,22,0,50000,1,1,0,1,6.74,1,comparison_paralysis,1,0.97918105,High Risk,Comparison Paralysis
USR1593,33,Gorakhpur,1,7,9.87,2,12,7.36,9,0,25000,1,4,1,0,1.96,0,retained,0,0.11861439,Low Risk,Unclassified
USR1594,53,Surat,1,3,17.52,6,24,7.06,31,0,25000,0,0,1,1,13.6,1,retained,0,0.023325315,Low Risk,Unclassified
USR1595,36,Patna,1,13,21.45,3,12,9.42,50,1,25000,0,4,1,0,1.5,0,kyc_dropout,1,0.94900703,High Risk,KYC Dropout
USR1596,37,Bhopal,1,7,2.25,5,24,8.65,40,1,100000,1,2,0,1,0.76,1,kyc_dropout,1,0.9627241,High Risk,KYC Dropout
USR1597,43,Jaipur,1,9,18.06,6,36,9.0,64,0,25000,1,3,1,0,7.7,1,retained,0,0.13344587,Low Risk,Unclassified
USR1598,49,Bhopal,1,13,7.31,3,12,6.54,64,1,50000,1,0,1,0,9.25,1,retained,0,0.0688786,Low Risk,Unclassified
USR1599,41,Surat,1,8,12.57,6,12,7.56,39,0,500000,1,3,1,0,3.74,0,retained,0,0.45571378,Medium Risk,Unclassified
USR1600,54,Jaipur,0,2,7.09,3,24,8.73,17,1,100000,0,5,1,0,8.77,0,kyc_dropout,1,0.9699084,High Risk,KYC Dropout
USR1601,31,Delhi,1,11,13.88,6,6,6.73,35,0,500000,1,0,0,0,13.49,1,comparison_paralysis,1,0.96409744,High Risk,Comparison Paralysis
USR1602,61,Surat,1,1,8.43,5,24,8.2,30,0,25000,1,4,0,0,9.58,1,retained,0,0.08916202,Low Risk,Unclassified
USR1603,53,Pune,1,14,8.01,5,12,7.79,53,0,10000,1,2,0,1,7.11,1,comparison_paralysis,1,0.9744201,High Risk,Comparison Paralysis
USR1604,54,Surat,0,16,1.8,2,12,6.55,62,0,500000,1,1,0,0,2.59,1,overwhelmed_firsttimer,1,0.96443695,High Risk,Overwhelmed First-Timer
USR1605,23,Mumbai,1,11,4.09,4,6,7.21,0,0,50000,1,3,1,1,2.95,1,retained,0,0.033165906,Low Risk,Unclassified
USR1606,54,Jaipur,1,1,20.26,1,3,7.35,51,0,10000,1,0,1,0,7.52,1,retained,0,0.015203699,Low Risk,Unclassified
USR1607,54,Patna,1,7,21.96,5,6,6.84,56,0,50000,0,0,1,0,7.22,1,retained,0,0.012283759,Low Risk,Unclassified
USR1608,34,Gorakhpur,1,16,17.39,5,3,8.39,8,0,10000,0,5,0,0,8.07,0,retained,0,0.08081274,Low Risk,Unclassified
USR1609,51,Nagpur,1,14,7.02,3,12,7.23,55,0,25000,0,3,1,0,7.86,1,retained,0,0.07815024,Low Risk,Unclassified
USR1610,54,Nagpur,1,15,9.45,4,36,7.33,46,1,10000,0,1,1,0,5.45,0,retained,1,0.41026846,Medium Risk,Unclassified
USR1611,34,Bengaluru,1,14,16.53,5,36,9.19,2,0,500000,1,2,1,1,10.59,1,retained,0,0.06922858,Low Risk,Unclassified
USR1612,47,Jaipur,0,11,21.34,6,24,7.9,1,0,10000,1,0,0,0,3.58,1,overwhelmed_firsttimer,1,0.8999667,High Risk,Overwhelmed First-Timer
USR1613,43,Lucknow,1,16,10.56,4,6,7.68,53,1,50000,1,0,0,0,12.86,1,overwhelmed_firsttimer,1,0.838616,High Risk,Comparison Paralysis
USR1614,60,Surat,1,17,18.42,1,6,8.67,36,1,25000,1,3,1,1,3.32,1,kyc_dropout,1,0.9670253,High Risk,KYC Dropout
USR1615,23,Lucknow,1,6,21.48,6,36,9.23,55,0,50000,1,3,1,1,6.53,0,retained,0,0.039276768,Low Risk,Unclassified
USR1616,59,Jaipur,1,11,19.34,3,3,6.58,30,1,25000,1,0,1,1,3.56,1,retained,0,0.181886,Low Risk,Unclassified
USR1617,60,Jaipur,1,17,5.77,2,6,7.84,11,0,500000,1,0,1,1,9.47,1,retained,0,0.0184333,Low Risk,Unclassified
USR1618,47,Coimbatore,1,9,1.17,6,3,8.33,57,0,200000,0,5,1,0,7.43,1,inactive_browser,1,0.92746925,High Risk,Comparison Paralysis
USR1619,36,Lucknow,1,17,11.33,1,3,7.46,25,0,100000,1,0,1,0,5.93,0,retained,0,0.085855305,Low Risk,Unclassified
USR1620,55,Delhi,0,12,12.16,6,3,8.82,11,0,500000,0,4,0,1,7.39,0,retained,0,0.096532576,Low Risk,Unclassified
USR1621,61,Lucknow,1,5,5.23,4,3,9.41,15,0,500000,1,0,1,0,6.61,0,retained,0,0.026329052,Low Risk,Unclassified
USR1622,32,Bengaluru,1,11,6.98,4,24,9.33,52,1,100000,0,2,0,0,12.9,0,kyc_dropout,1,0.9660434,High Risk,KYC Dropout
USR1623,24,Mumbai,1,4,17.07,1,24,7.3,48,0,50000,1,2,0,0,2.3,0,retained,1,0.5406932,Medium Risk,Unclassified
USR1624,27,Coimbatore,0,4,10.88,4,36,7.18,48,1,500000,0,5,1,1,12.0,0,kyc_dropout,1,0.97896284,High Risk,KYC Dropout
USR1625,30,Gorakhpur,1,3,7.66,6,24,9.37,6,0,25000,1,1,0,0,10.0,1,retained,0,0.046587236,Low Risk,Unclassified
USR1626,27,Bengaluru,1,17,14.08,2,6,7.88,14,0,10000,1,3,0,0,5.55,1,overwhelmed_firsttimer,1,0.9255057,High Risk,Overwhelmed First-Timer
USR1627,30,Gorakhpur,1,7,14.71,6,24,7.12,35,0,500000,1,1,0,0,13.83,1,retained,0,0.02263207,Low Risk,Unclassified
USR1628,60,Gorakhpur,1,4,17.16,2,6,8.62,14,1,100000,1,0,1,0,3.07,0,retained,0,0.029625317,Low Risk,Unclassified
USR1629,52,Jaipur,1,13,4.29,4,6,7.35,61,0,500000,1,3,0,0,5.0,1,overwhelmed_firsttimer,1,0.91807586,High Risk,Comparison Paralysis
USR1630,53,Delhi,1,12,16.57,6,3,7.3,17,1,50000,1,0,0,0,5.94,1,overwhelmed_firsttimer,1,0.9363601,High Risk,Comparison Paralysis
USR1631,33,Coimbatore,1,1,13.59,4,36,9.14,45,1,50000,0,3,1,0,9.89,1,kyc_dropout,1,0.9617896,High Risk,KYC Dropout
USR1632,29,Coimbatore,1,11,2.21,2,3,6.99,60,0,50000,1,5,1,1,14.22,1,inactive_browser,1,0.8028939,High Risk,Silent Churner
USR1633,29,Delhi,1,3,17.33,4,3,6.69,42,1,25000,1,4,0,1,9.1,0,kyc_dropout,1,0.94567955,High Risk,KYC Dropout
USR1634,49,Chennai,1,17,9.04,5,24,7.31,43,1,500000,1,4,1,0,12.92,1,kyc_dropout,1,0.9864709,High Risk,KYC Dropout
USR1635,41,Surat,1,12,7.94,3,24,8.32,54,0,50000,1,4,1,1,13.62,1,retained,1,0.26882157,Low Risk,Unclassified
USR1636,28,Mumbai,1,10,10.41,6,6,6.87,38,0,200000,0,5,0,1,7.26,1,comparison_paralysis,1,0.7843557,High Risk,Comparison Paralysis
USR1637,32,Chennai,1,8,8.27,5,24,7.91,4,0,10000,1,1,0,0,7.35,1,overwhelmed_firsttimer,1,0.8527366,High Risk,Overwhelmed First-Timer
USR1638,41,Gorakhpur,0,15,8.1,4,24,8.38,56,0,50000,1,3,1,0,4.12,1,retained,0,0.14438246,Low Risk,Unclassified
USR1639,37,Patna,1,5,17.97,4,12,9.05,14,0,25000,0,1,1,1,9.22,1,retained,0,0.0036384612,Low Risk,Unclassified
USR1640,25,Lucknow,1,4,3.61,3,6,7.19,15,0,10000,1,3,0,0,2.24,1,retained,0,0.103157714,Low Risk,Unclassified
USR1641,27,Delhi,1,4,21.38,4,6,8.95,56,1,10000,0,0,0,0,9.7,1,retained,0,0.03840602,Low Risk,Unclassified
USR1642,43,Lucknow,0,15,12.65,3,12,7.2,24,0,100000,1,4,0,0,13.45,1,overwhelmed_firsttimer,1,0.9235329,High Risk,Overwhelmed First-Timer
USR1643,47,Delhi,1,17,4.84,6,6,8.53,21,1,50000,1,4,1,0,11.53,1,kyc_dropout,1,0.9793784,High Risk,KYC Dropout
USR1644,24,Bhopal,1,12,3.76,2,36,7.79,30,0,50000,0,3,1,0,9.91,1,retained,0,0.11250015,Low Risk,Unclassified
USR1645,35,Lucknow,1,3,13.42,3,36,6.84,33,0,500000,1,1,1,0,12.66,0,retained,0,0.03302042,Low Risk,Unclassified
USR1646,32,Nagpur,0,10,14.29,3,12,8.64,15,1,25000,0,1,1,0,11.08,1,retained,0,0.053089395,Low Risk,Unclassified
USR1647,39,Lucknow,0,15,2.11,5,24,7.15,58,0,200000,0,2,1,0,8.18,0,comparison_paralysis,1,0.98604697,High Risk,Comparison Paralysis
USR1648,33,Gorakhpur,1,10,6.1,4,36,7.03,14,0,500000,1,4,1,0,8.06,0,retained,0,0.043997213,Low Risk,Unclassified
USR1649,44,Patna,1,1,17.7,6,12,7.57,12,0,200000,0,4,1,0,2.05,0,retained,0,0.09591087,Low Risk,Unclassified
USR1650,33,Coimbatore,1,3,2.04,2,36,8.46,23,0,100000,0,1,1,1,6.8,0,retained,0,0.070851356,Low Risk,Unclassified
USR1651,34,Nagpur,1,12,18.96,1,3,7.2,12,0,200000,0,4,0,1,8.08,0,retained,0,0.06400251,Low Risk,Unclassified
USR1652,46,Bengaluru,0,1,14.82,3,12,7.05,64,0,25000,1,1,0,0,7.31,0,retained,0,0.04102263,Low Risk,Unclassified
USR1653,40,Coimbatore,1,3,10.12,1,6,6.53,35,1,100000,1,2,1,0,11.75,1,kyc_dropout,1,0.9045673,High Risk,KYC Dropout
USR1654,57,Bengaluru,1,3,8.28,4,36,7.91,48,0,50000,1,3,1,1,2.83,0,retained,0,0.037826605,Low Risk,Unclassified
USR1655,29,Coimbatore,0,5,1.4,3,6,7.79,47,0,200000,0,3,0,0,12.03,0,inactive_browser,1,0.9664256,High Risk,Silent Churner
USR1656,50,Mumbai,1,1,18.33,1,12,7.2,42,0,25000,0,2,1,0,11.25,1,retained,0,0.019969646,Low Risk,Unclassified
USR1657,53,Coimbatore,1,4,4.0,5,36,6.66,5,0,25000,1,4,1,1,13.56,1,retained,0,0.05350569,Low Risk,Unclassified
USR1658,39,Jaipur,1,4,7.5,1,6,7.79,13,0,50000,0,0,1,0,5.92,1,retained,0,0.011935007,Low Risk,Unclassified
USR1659,27,Gorakhpur,1,17,12.95,5,24,8.86,29,0,25000,1,4,1,0,3.06,1,comparison_paralysis,1,0.81027293,High Risk,Comparison Paralysis
USR1660,39,Surat,1,14,6.17,2,24,8.65,7,0,100000,1,1,0,1,11.5,1,overwhelmed_firsttimer,1,0.950489,High Risk,Overwhelmed First-Timer
USR1661,40,Jaipur,1,1,11.44,4,3,9.08,53,1,100000,1,5,0,1,9.03,0,kyc_dropout,1,0.9767675,High Risk,KYC Dropout
USR1662,43,Coimbatore,1,16,18.0,6,12,6.53,3,0,500000,0,0,0,0,10.83,1,retained,0,0.123340726,Low Risk,Unclassified
USR1663,58,Bengaluru,1,3,10.88,1,6,9.4,59,1,10000,1,2,1,1,14.95,1,kyc_dropout,1,0.8994893,High Risk,KYC Dropout
USR1664,53,Bhopal,1,9,20.93,3,3,7.52,52,0,50000,1,3,0,0,3.32,1,overwhelmed_firsttimer,1,0.8324736,High Risk,Overwhelmed First-Timer
USR1665,24,Surat,0,4,18.8,4,12,9.47,14,0,25000,1,3,0,0,6.46,0,retained,0,0.031154104,Low Risk,Unclassified
USR1666,49,Delhi,0,5,7.99,1,24,7.26,0,1,200000,1,4,1,1,3.29,0,kyc_dropout,1,0.9722764,High Risk,KYC Dropout
USR1667,31,Coimbatore,1,11,9.4,3,6,7.91,21,1,500000,1,3,1,0,12.98,0,kyc_dropout,1,0.9526646,High Risk,KYC Dropout
USR1668,56,Chennai,1,9,9.89,3,36,7.56,14,0,100000,1,4,1,0,0.75,1,retained,0,0.026967991,Low Risk,Unclassified
USR1669,50,Nagpur,1,3,14.15,6,24,7.57,21,1,50000,0,1,1,0,2.46,1,retained,0,0.03862249,Low Risk,Unclassified
USR1670,36,Jaipur,0,6,7.02,6,36,9.03,49,1,50000,1,1,0,0,4.09,1,retained,0,0.12875973,Low Risk,Unclassified
USR1671,54,Chennai,1,11,21.35,3,36,8.74,47,1,100000,0,2,1,0,11.68,1,kyc_dropout,1,0.9068235,High Risk,KYC Dropout
USR1672,28,Chennai,1,9,13.78,6,6,9.48,50,0,10000,1,5,1,1,9.61,1,retained,0,0.08283438,Low Risk,Unclassified
USR1673,33,Pune,0,15,9.39,3,6,8.34,16,1,50000,0,1,0,0,6.13,1,retained,0,0.15615425,Low Risk,Unclassified
USR1674,51,Gorakhpur,1,3,14.55,1,36,7.89,50,1,25000,1,4,1,0,2.8,0,kyc_dropout,1,0.9387849,High Risk,KYC Dropout
USR1675,42,Nagpur,1,1,9.3,2,3,6.77,36,1,200000,1,3,1,0,5.16,1,kyc_dropout,1,0.94601804,High Risk,KYC Dropout
USR1676,52,Nagpur,1,14,18.17,6,36,9.49,48,1,200000,0,1,1,0,11.28,1,comparison_paralysis,1,0.8886044,High Risk,Comparison Paralysis
USR1677,45,Mumbai,0,17,12.92,5,36,8.15,58,1,100000,1,1,0,0,6.04,1,comparison_paralysis,1,0.9721562,High Risk,Comparison Paralysis
USR1678,41,Gorakhpur,1,14,1.88,5,6,8.6,9,0,50000,0,4,1,0,7.21,1,retained,0,0.02966834,Low Risk,Unclassified
USR1679,58,Surat,1,17,4.71,5,12,7.72,29,0,200000,0,1,1,0,9.33,0,comparison_paralysis,1,0.94602615,High Risk,Comparison Paralysis
USR1680,25,Jaipur,0,14,19.16,2,24,8.14,20,0,50000,0,3,0,0,13.74,0,retained,0,0.07705743,Low Risk,Unclassified
USR1681,49,Surat,1,12,12.82,3,6,9.33,33,0,100000,0,5,1,1,4.13,1,retained,0,0.08646889,Low Risk,Unclassified
USR1682,41,Delhi,1,16,20.96,3,3,7.0,49,0,10000,0,3,1,0,7.0,1,retained,0,0.043533172,Low Risk,Unclassified
USR1683,45,Patna,0,1,2.52,4,24,7.38,46,0,200000,1,5,0,0,5.0,0,inactive_browser,1,0.9322243,High Risk,Silent Churner
USR1684,53,Surat,0,13,7.2,5,6,6.96,5,0,25000,1,3,1,0,7.26,0,retained,0,0.043259073,Low Risk,Unclassified
USR1685,57,Bengaluru,0,6,5.06,5,6,8.88,49,1,500000,0,3,0,0,10.6,1,kyc_dropout,1,0.95437557,High Risk,KYC Dropout
USR1686,55,Mumbai,1,17,12.63,3,12,6.69,62,1,100000,1,0,1,0,7.49,0,retained,0,0.06730344,Low Risk,Unclassified
USR1687,57,Jaipur,1,12,9.04,5,3,6.74,11,0,500000,1,3,1,0,12.6,1,retained,0,0.077701665,Low Risk,Unclassified
USR1688,23,Coimbatore,1,6,4.3,3,3,7.4,40,1,10000,1,0,1,0,8.52,0,retained,0,0.02830433,Low Risk,Unclassified
USR1689,36,Mumbai,0,7,14.5,3,6,8.04,30,0,25000,1,3,0,0,6.09,1,retained,0,0.04701716,Low Risk,Unclassified
USR1690,55,Jaipur,1,1,12.26,6,12,7.72,1,1,500000,0,3,0,0,11.84,1,kyc_dropout,1,0.9278701,High Risk,KYC Dropout
USR1691,57,Gorakhpur,1,1,6.77,3,6,6.63,15,1,25000,1,4,1,0,6.75,1,kyc_dropout,1,0.894537,High Risk,KYC Dropout
USR1692,27,Bhopal,0,5,11.08,1,36,9.37,0,0,200000,1,5,1,0,7.98,1,retained,0,0.04595201,Low Risk,Unclassified
USR1693,60,Chennai,0,6,16.66,1,36,9.36,3,0,50000,0,3,1,1,14.92,1,retained,0,0.026731947,Low Risk,Unclassified
USR1694,33,Chennai,1,16,5.31,1,12,7.34,46,0,100000,1,1,1,1,11.9,1,retained,0,0.1363749,Low Risk,Unclassified
USR1695,24,Coimbatore,0,16,7.15,1,6,8.69,64,1,25000,0,3,1,0,12.9,0,kyc_dropout,1,0.9507666,High Risk,KYC Dropout
USR1696,39,Lucknow,1,14,8.27,2,12,8.24,51,1,200000,1,2,0,0,9.1,0,kyc_dropout,1,0.97689736,High Risk,KYC Dropout
USR1697,61,Gorakhpur,1,1,16.68,4,6,7.21,46,0,10000,0,4,1,0,5.55,1,retained,0,0.018519703,Low Risk,Unclassified
USR1698,42,Mumbai,1,13,18.79,4,6,7.29,49,0,25000,1,4,1,0,14.87,0,retained,0,0.1777046,Low Risk,Unclassified
USR1699,36,Patna,0,10,8.9,3,36,7.97,44,0,10000,1,3,0,0,4.04,0,overwhelmed_firsttimer,0,0.72097784,High Risk,Overwhelmed First-Timer
USR1700,54,Coimbatore,1,10,7.23,5,24,7.76,41,0,100000,0,2,0,0,13.16,1,comparison_paralysis,1,0.8556083,High Risk,Comparison Paralysis
USR1701,56,Gorakhpur,1,9,19.68,1,3,7.37,55,1,200000,0,5,1,0,13.71,1,kyc_dropout,1,0.9371624,High Risk,KYC Dropout
USR1702,47,Jaipur,1,13,21.99,4,3,8.92,56,0,10000,1,3,1,0,12.35,1,retained,0,0.08198612,Low Risk,Unclassified
USR1703,29,Delhi,0,3,15.08,4,12,7.94,32,1,50000,1,1,1,0,2.15,1,retained,0,0.055315137,Low Risk,Unclassified
USR1704,57,Gorakhpur,1,2,21.79,1,3,8.46,27,1,500000,1,4,0,0,12.88,0,kyc_dropout,1,0.9515781,High Risk,KYC Dropout
USR1705,51,Bengaluru,0,17,14.86,2,36,7.07,43,1,10000,1,4,1,0,10.12,0,kyc_dropout,1,0.95482254,High Risk,KYC Dropout
USR1706,44,Coimbatore,1,13,16.4,2,24,8.1,55,0,10000,1,5,1,0,10.37,1,retained,0,0.09795439,Low Risk,Unclassified
USR1707,35,Lucknow,0,13,9.16,4,6,7.45,43,0,200000,0,2,1,0,11.9,1,retained,0,0.13914143,Low Risk,Unclassified
USR1708,35,Delhi,0,1,10.09,2,6,8.08,33,0,200000,1,0,1,0,7.61,1,retained,1,0.41426224,Medium Risk,Unclassified
USR1709,23,Bengaluru,0,2,4.03,6,36,8.84,13,1,25000,0,5,1,0,4.37,1,kyc_dropout,1,0.88987786,High Risk,KYC Dropout
USR1710,58,Mumbai,0,1,18.28,1,3,8.81,28,0,500000,0,2,1,0,8.84,1,retained,0,0.026942095,Low Risk,Unclassified
USR1711,26,Patna,1,5,20.55,4,6,7.56,16,0,10000,1,1,1,0,2.08,1,retained,0,0.04219171,Low Risk,Unclassified
USR1712,59,Coimbatore,0,3,14.09,1,3,8.58,8,1,10000,1,2,1,0,10.28,1,kyc_dropout,1,0.87848955,High Risk,KYC Dropout
USR1713,35,Coimbatore,1,7,8.22,2,36,9.32,26,0,200000,0,5,0,0,7.5,0,retained,0,0.07781073,Low Risk,Unclassified
USR1714,60,Gorakhpur,1,13,4.23,1,6,8.38,48,0,50000,1,0,0,0,7.78,1,overwhelmed_firsttimer,1,0.90917337,High Risk,Overwhelmed First-Timer
USR1715,46,Bhopal,1,7,6.57,2,12,6.95,36,0,200000,1,1,0,1,3.19,1,retained,0,0.051501453,Low Risk,Unclassified
USR1716,41,Surat,1,1,6.36,2,24,8.54,27,0,50000,0,1,0,1,1.1,1,retained,0,0.046236094,Low Risk,Unclassified
USR1717,23,Delhi,0,5,13.88,1,3,6.81,49,0,500000,1,0,1,0,9.36,1,retained,0,0.038663756,Low Risk,Unclassified
USR1718,60,Bhopal,1,17,20.85,2,3,9.12,54,0,200000,1,3,1,0,10.05,1,retained,0,0.0828395,Low Risk,Unclassified
USR1719,27,Nagpur,0,8,2.01,6,3,8.05,3,1,500000,1,2,1,0,7.73,0,kyc_dropout,1,0.7607483,High Risk,KYC Dropout
USR1720,38,Bhopal,1,15,1.02,3,3,7.66,18,1,100000,1,5,1,1,11.6,0,kyc_dropout,1,0.8626508,High Risk,KYC Dropout
USR1721,46,Gorakhpur,1,4,13.6,1,36,6.67,36,0,10000,1,1,1,1,8.67,1,retained,0,0.014132648,Low Risk,Unclassified
USR1722,49,Chennai,1,2,6.97,3,36,7.64,3,1,500000,1,5,0,1,12.8,0,kyc_dropout,1,0.95537955,High Risk,KYC Dropout
USR1723,23,Bengaluru,1,5,19.49,1,36,9.21,36,0,50000,1,2,0,0,4.68,0,retained,0,0.064665526,Low Risk,Unclassified
USR1724,56,Jaipur,0,1,7.87,2,36,6.56,50,0,100000,1,0,1,0,4.03,1,retained,0,0.13188668,Low Risk,Unclassified
USR1725,58,Bhopal,1,5,7.08,2,6,7.92,31,1,50000,0,4,0,0,4.29,1,kyc_dropout,1,0.9725733,High Risk,KYC Dropout
USR1726,26,Bhopal,1,6,6.66,4,36,9.29,44,1,25000,1,0,0,1,0.94,1,retained,0,0.049201988,Low Risk,Unclassified
USR1727,22,Nagpur,1,2,4.04,6,6,7.68,11,0,25000,1,2,0,0,13.56,1,retained,0,0.03193718,Low Risk,Unclassified
USR1728,61,Chennai,0,1,13.21,4,12,7.78,40,0,10000,1,1,0,0,14.99,1,retained,0,0.046533722,Low Risk,Unclassified
USR1729,33,Gorakhpur,0,4,4.53,3,36,8.24,55,1,100000,0,2,0,0,12.34,0,kyc_dropout,1,0.95068115,High Risk,KYC Dropout
USR1730,57,Bengaluru,0,7,9.92,2,12,7.89,13,0,100000,1,4,1,1,6.48,1,retained,0,0.022675466,Low Risk,Unclassified
USR1731,44,Patna,0,1,10.68,4,36,7.01,53,1,25000,1,1,0,0,5.63,1,retained,0,0.05099351,Low Risk,Unclassified
USR1732,52,Bhopal,1,1,1.43,2,12,6.56,62,0,10000,1,4,0,1,11.73,0,inactive_browser,1,0.8938582,High Risk,Silent Churner
USR1733,32,Surat,1,8,1.35,1,24,8.33,64,1,500000,0,3,1,0,7.89,0,kyc_dropout,1,0.9885113,High Risk,KYC Dropout
USR1734,31,Mumbai,1,16,11.92,4,12,9.26,57,0,25000,1,5,0,0,14.12,0,overwhelmed_firsttimer,1,0.89651763,High Risk,Comparison Paralysis
USR1735,24,Jaipur,1,13,15.62,3,6,6.82,20,0,100000,1,0,1,0,4.55,1,retained,0,0.027371151,Low Risk,Unclassified
USR1736,35,Bhopal,1,10,20.78,4,3,7.13,3,0,50000,0,3,0,1,5.2,0,retained,0,0.05314842,Low Risk,Unclassified
USR1737,37,Coimbatore,1,12,4.76,2,12,7.61,45,0,100000,0,2,1,1,14.98,0,retained,0,0.13543534,Low Risk,Unclassified
USR1738,31,Mumbai,1,1,3.17,5,3,8.93,11,1,10000,1,3,1,0,14.68,0,kyc_dropout,1,0.6830871,Medium Risk,KYC Dropout
USR1739,50,Coimbatore,1,10,2.09,5,24,7.31,29,0,100000,0,0,0,0,13.34,1,comparison_paralysis,1,0.91193646,High Risk,Comparison Paralysis
USR1740,31,Gorakhpur,1,9,10.16,6,24,9.15,59,1,200000,1,1,0,0,6.37,0,overwhelmed_firsttimer,1,0.8230441,High Risk,Comparison Paralysis
USR1741,33,Jaipur,1,3,14.09,2,6,6.66,64,0,100000,0,5,0,0,12.65,0,retained,0,0.056256913,Low Risk,Unclassified
USR1742,51,Bhopal,1,9,18.65,1,6,9.32,13,0,200000,0,4,1,0,4.61,0,retained,0,0.027096566,Low Risk,Unclassified
USR1743,22,Coimbatore,1,10,15.34,4,12,8.18,43,0,25000,1,1,1,0,4.19,1,retained,1,0.34250215,Low Risk,Unclassified
USR1744,26,Coimbatore,1,16,5.38,5,36,8.48,25,0,500000,1,5,0,0,8.42,1,comparison_paralysis,1,0.96088195,High Risk,Comparison Paralysis
USR1745,41,Nagpur,0,14,10.7,1,24,7.6,15,1,200000,0,3,1,0,12.97,1,kyc_dropout,1,0.9506917,High Risk,KYC Dropout
USR1746,29,Pune,1,3,20.12,2,3,8.85,6,0,100000,1,2,0,0,1.91,1,retained,1,0.64596033,Medium Risk,Unclassified
USR1747,33,Gorakhpur,1,2,7.86,1,36,7.0,31,1,500000,0,3,1,1,8.7,1,kyc_dropout,1,0.9710277,High Risk,KYC Dropout
USR1748,22,Lucknow,1,1,11.47,2,24,6.65,15,1,500000,0,0,1,0,9.34,1,retained,0,0.034201402,Low Risk,Unclassified
USR1749,41,Patna,0,9,21.13,6,12,7.69,61,1,100000,1,0,1,0,8.91,1,retained,0,0.1851127,Low Risk,Unclassified
USR1750,49,Gorakhpur,1,13,16.43,4,24,9.06,29,0,100000,1,2,1,1,3.67,0,retained,0,0.09461982,Low Risk,Unclassified
USR1751,58,Surat,1,2,16.7,1,6,8.76,11,0,10000,1,5,1,0,1.43,1,retained,0,0.015122659,Low Risk,Unclassified
USR1752,58,Gorakhpur,1,7,6.3,4,3,8.05,45,0,25000,1,1,1,0,13.48,1,retained,0,0.012637076,Low Risk,Unclassified
USR1753,33,Nagpur,1,16,9.71,1,3,8.22,42,0,200000,1,0,1,1,8.83,1,retained,0,0.13200463,Low Risk,Unclassified
USR1754,58,Chennai,1,15,2.73,2,6,6.89,54,0,50000,1,0,0,1,11.63,1,overwhelmed_firsttimer,1,0.95525706,High Risk,Overwhelmed First-Timer
USR1755,49,Bhopal,1,11,13.74,2,36,9.02,44,0,200000,1,2,0,0,5.78,1,overwhelmed_firsttimer,1,0.9217166,High Risk,Overwhelmed First-Timer
USR1756,36,Bhopal,1,1,3.18,1,6,8.86,59,0,100000,1,1,0,0,1.12,0,inactive_browser,1,0.9671234,High Risk,Silent Churner
USR1757,27,Bengaluru,0,7,18.55,6,3,8.47,31,1,50000,1,3,1,0,4.26,0,kyc_dropout,1,0.95921123,High Risk,KYC Dropout
USR1758,41,Gorakhpur,1,8,18.11,2,12,7.9,7,1,50000,0,4,0,0,1.56,1,kyc_dropout,1,0.94135255,High Risk,KYC Dropout
USR1759,35,Chennai,1,10,12.21,3,36,9.39,61,1,200000,0,2,0,0,1.63,1,kyc_dropout,1,0.9503027,High Risk,KYC Dropout
USR1760,23,Jaipur,1,5,3.96,3,24,9.14,19,0,200000,0,1,0,0,3.61,1,retained,0,0.040450238,Low Risk,Unclassified
USR1761,30,Chennai,1,9,1.54,4,12,8.43,17,0,200000,1,4,1,0,9.69,1,retained,0,0.043517906,Low Risk,Unclassified
USR1762,58,Bhopal,1,1,17.73,3,36,7.62,5,0,200000,1,2,1,0,12.36,1,retained,0,0.039203484,Low Risk,Unclassified
USR1763,41,Patna,0,2,13.6,3,3,8.35,28,0,25000,1,3,0,0,12.41,1,retained,0,0.026783578,Low Risk,Unclassified
USR1764,47,Pune,0,14,15.93,6,3,8.23,3,0,10000,0,3,1,1,14.1,0,retained,0,0.026683412,Low Risk,Unclassified
USR1765,50,Jaipur,0,10,7.38,6,12,7.68,42,0,10000,1,1,0,0,10.02,1,comparison_paralysis,1,0.9824393,High Risk,Comparison Paralysis
USR1766,22,Bhopal,1,9,11.7,5,36,7.42,33,0,200000,0,1,0,0,0.79,0,retained,0,0.17177705,Low Risk,Unclassified
USR1767,56,Bhopal,1,10,16.69,5,24,7.72,32,1,10000,1,3,1,0,5.97,1,kyc_dropout,1,0.9819566,High Risk,KYC Dropout
USR1768,27,Delhi,1,6,10.71,6,24,8.22,14,1,200000,1,3,1,0,2.12,1,kyc_dropout,1,0.9851643,High Risk,KYC Dropout
USR1769,58,Chennai,1,17,13.63,5,6,7.78,39,0,200000,1,2,0,0,11.77,1,comparison_paralysis,1,0.98415196,High Risk,Comparison Paralysis
USR1770,26,Bhopal,1,6,17.58,6,12,7.29,4,0,200000,0,5,1,1,2.24,1,retained,0,0.101446636,Low Risk,Unclassified
USR1771,54,Patna,0,4,5.52,5,36,8.78,49,1,500000,0,5,0,0,2.04,1,kyc_dropout,1,0.9753583,High Risk,KYC Dropout
USR1772,35,Surat,1,3,2.38,2,12,8.09,53,0,25000,0,1,1,0,0.91,1,inactive_browser,1,0.91784143,High Risk,Silent Churner
USR1773,33,Gorakhpur,1,4,12.17,6,24,6.7,45,0,100000,0,4,1,0,14.35,0,retained,0,0.03904474,Low Risk,Unclassified
USR1774,41,Bhopal,1,8,2.3,4,36,7.6,10,0,10000,1,3,1,0,11.89,0,retained,0,0.03106216,Low Risk,Unclassified
USR1775,45,Nagpur,0,17,17.1,4,3,9.15,48,0,10000,0,4,1,0,5.33,1,retained,0,0.09982689,Low Risk,Unclassified
USR1776,55,Gorakhpur,1,5,16.1,6,3,8.77,22,0,25000,1,1,0,1,5.96,1,retained,0,0.018121654,Low Risk,Unclassified
USR1777,46,Mumbai,1,13,19.52,3,36,7.47,54,1,25000,1,1,1,1,1.36,1,retained,0,0.289405,Low Risk,Unclassified
USR1778,50,Coimbatore,1,1,14.43,4,12,9.31,4,0,200000,1,0,0,0,2.79,0,retained,0,0.11742898,Low Risk,Unclassified
USR1779,60,Lucknow,1,13,2.41,3,12,6.73,63,0,200000,0,3,1,0,5.02,1,inactive_browser,1,0.884608,High Risk,Silent Churner
USR1780,52,Nagpur,0,4,6.32,4,3,9.38,34,0,500000,1,5,1,1,6.12,1,retained,0,0.059211876,Low Risk,Unclassified
USR1781,44,Surat,0,14,17.97,1,3,7.24,53,1,500000,1,5,1,0,9.49,1,kyc_dropout,1,0.97032815,High Risk,KYC Dropout
USR1782,59,Chennai,1,3,4.51,1,24,6.53,2,0,100000,1,1,1,1,5.58,0,retained,0,0.066515565,Low Risk,Unclassified
USR1783,41,Chennai,1,5,15.67,6,36,7.8,5,0,10000,0,1,0,0,14.34,0,retained,0,0.016816942,Low Risk,Unclassified
USR1784,44,Bhopal,0,7,17.39,4,12,7.58,55,0,25000,1,3,0,1,5.47,0,retained,0,0.048896592,Low Risk,Unclassified
USR1785,37,Jaipur,1,1,7.93,2,24,8.12,1,0,100000,0,0,0,0,14.15,1,retained,1,0.5137287,Medium Risk,Unclassified
USR1786,29,Delhi,1,12,7.77,3,12,8.89,37,0,10000,1,0,1,1,11.08,0,retained,0,0.03788416,Low Risk,Unclassified
USR1787,42,Lucknow,0,11,12.71,4,3,9.03,55,0,100000,1,0,1,0,13.55,0,retained,0,0.1226811,Low Risk,Unclassified
USR1788,22,Pune,1,8,19.09,6,36,7.7,4,1,100000,0,0,1,0,10.7,1,retained,0,0.046083674,Low Risk,Unclassified
USR1789,29,Coimbatore,0,6,5.7,3,6,7.79,45,1,200000,0,2,0,0,8.74,1,kyc_dropout,1,0.9564811,High Risk,KYC Dropout
USR1790,50,Patna,1,2,20.77,5,36,6.94,10,0,100000,1,3,1,0,7.88,0,retained,0,0.009483657,Low Risk,Unclassified
USR1791,53,Lucknow,1,14,13.58,6,6,6.64,64,0,200000,0,3,1,0,4.72,1,comparison_paralysis,1,0.89709836,High Risk,Comparison Paralysis
USR1792,59,Surat,0,1,21.83,4,24,8.42,9,0,10000,1,3,1,0,4.82,0,retained,0,0.020538067,Low Risk,Unclassified
USR1793,26,Coimbatore,1,10,2.88,2,6,6.69,40,1,500000,1,5,1,0,3.74,1,kyc_dropout,1,0.99059427,High Risk,KYC Dropout
USR1794,43,Patna,0,16,3.66,5,6,8.7,43,0,10000,0,0,0,0,6.09,1,comparison_paralysis,1,0.96897036,High Risk,Comparison Paralysis
USR1795,55,Pune,1,4,18.36,6,24,8.12,32,1,200000,0,0,1,0,2.34,1,retained,0,0.09550388,Low Risk,Unclassified
USR1796,22,Mumbai,0,11,19.16,4,36,7.1,55,1,500000,0,5,1,0,6.12,1,kyc_dropout,1,0.9666793,High Risk,KYC Dropout
USR1797,47,Gorakhpur,0,16,10.35,1,24,8.12,11,1,50000,1,5,0,0,12.59,1,kyc_dropout,1,0.98807436,High Risk,KYC Dropout
USR1798,31,Mumbai,1,1,16.0,4,3,7.05,1,1,500000,1,1,1,0,13.12,1,retained,0,0.022190979,Low Risk,Unclassified
USR1799,51,Lucknow,1,16,19.22,1,3,7.82,0,1,100000,1,2,1,0,9.82,1,kyc_dropout,1,0.93308336,High Risk,KYC Dropout
USR1800,39,Bhopal,1,9,1.91,1,6,8.9,64,0,10000,1,5,1,1,4.22,1,inactive_browser,1,0.8633255,High Risk,Silent Churner
USR1801,38,Nagpur,1,9,13.05,6,24,7.89,32,0,100000,1,3,1,1,3.99,1,retained,0,0.2842102,Low Risk,Unclassified
USR1802,47,Coimbatore,0,9,18.92,4,24,6.95,35,0,500000,0,2,1,1,4.53,1,retained,0,0.040441867,Low Risk,Unclassified
USR1803,29,Lucknow,0,17,9.36,4,24,8.67,20,0,50000,1,5,0,0,7.75,0,overwhelmed_firsttimer,1,0.9292056,High Risk,Comparison Paralysis
USR1804,61,Nagpur,1,12,7.35,1,36,7.06,35,0,100000,0,3,1,0,14.66,1,retained,0,0.09696319,Low Risk,Unclassified
USR1805,33,Mumbai,0,13,17.71,3,12,8.72,25,0,50000,0,0,0,0,2.08,1,retained,0,0.23292294,Low Risk,Unclassified
USR1806,48,Jaipur,1,8,8.05,5,12,7.94,46,1,25000,1,0,1,0,7.76,1,retained,0,0.09663126,Low Risk,Unclassified
USR1807,29,Surat,1,16,1.07,2,12,7.86,0,0,50000,1,3,0,1,10.39,1,overwhelmed_firsttimer,1,0.9365757,High Risk,Overwhelmed First-Timer
USR1808,46,Chennai,1,1,21.15,4,36,9.05,37,0,10000,1,4,0,1,4.06,1,retained,0,0.03738053,Low Risk,Unclassified
USR1809,25,Nagpur,1,1,13.43,5,24,8.63,13,0,500000,1,0,1,0,14.55,1,retained,0,0.012973512,Low Risk,Unclassified
USR1810,54,Patna,1,12,18.21,5,12,6.6,45,0,200000,1,1,0,0,5.56,1,comparison_paralysis,1,0.9864352,High Risk,Comparison Paralysis
USR1811,22,Patna,1,6,18.33,3,24,7.39,41,0,200000,1,5,0,0,14.02,1,retained,0,0.06618259,Low Risk,Unclassified
USR1812,40,Patna,1,9,2.39,5,6,9.11,6,1,100000,0,0,1,0,9.16,1,retained,0,0.07257039,Low Risk,Unclassified
USR1813,52,Coimbatore,0,5,4.59,4,12,6.55,54,0,500000,0,1,0,0,0.56,1,retained,0,0.07812781,Low Risk,Unclassified
USR1814,37,Chennai,1,16,7.53,6,6,8.14,55,0,25000,1,2,0,0,5.01,1,comparison_paralysis,1,0.97054076,High Risk,Comparison Paralysis
USR1815,35,Coimbatore,1,17,7.73,6,36,8.68,62,0,100000,1,0,0,0,0.81,0,comparison_paralysis,1,0.9658918,High Risk,Comparison Paralysis
USR1816,26,Bhopal,1,1,14.83,5,3,8.37,23,1,50000,1,5,1,0,6.03,1,kyc_dropout,1,0.9602453,High Risk,KYC Dropout
USR1817,47,Mumbai,0,8,14.09,4,36,8.78,3,0,200000,1,0,0,0,14.02,0,overwhelmed_firsttimer,1,0.6827513,Medium Risk,Overwhelmed First-Timer
USR1818,49,Delhi,0,3,11.39,4,36,8.68,41,1,50000,1,5,1,0,11.8,1,kyc_dropout,1,0.93856883,High Risk,KYC Dropout
USR1819,23,Pune,1,5,5.44,1,36,8.58,27,0,200000,1,2,0,1,9.49,1,retained,0,0.05897788,Low Risk,Unclassified
USR1820,27,Mumbai,1,8,9.02,3,12,8.96,39,0,200000,1,5,0,0,8.31,1,overwhelmed_firsttimer,1,0.8631125,High Risk,Overwhelmed First-Timer
USR1821,30,Chennai,1,1,12.42,2,6,8.44,50,1,200000,1,1,0,0,5.9,1,retained,0,0.06390285,Low Risk,Unclassified
USR1822,54,Gorakhpur,1,15,10.83,1,12,7.71,28,0,500000,1,4,1,0,3.57,0,retained,0,0.08186228,Low Risk,Unclassified
USR1823,46,Delhi,1,7,3.67,2,3,7.92,41,1,10000,0,5,1,0,1.41,0,kyc_dropout,1,0.98139256,High Risk,KYC Dropout
USR1824,34,Coimbatore,1,16,14.64,4,36,8.65,4,0,500000,1,5,0,1,3.26,1,overwhelmed_firsttimer,1,0.90975493,High Risk,Overwhelmed First-Timer
USR1825,30,Coimbatore,1,16,2.53,6,24,9.13,40,1,50000,1,1,0,0,5.6,1,comparison_paralysis,1,0.98714685,High Risk,Comparison Paralysis
USR1826,34,Lucknow,0,15,8.94,1,3,7.32,60,0,500000,0,3,1,0,8.04,1,retained,0,0.07615336,Low Risk,Unclassified
USR1827,52,Nagpur,0,6,15.91,5,6,7.53,54,1,100000,1,3,1,0,3.46,1,kyc_dropout,1,0.9556531,High Risk,KYC Dropout
USR1828,32,Patna,1,9,1.42,5,3,9.29,27,0,25000,0,3,0,1,14.63,1,retained,0,0.24632496,Low Risk,Unclassified
USR1829,25,Jaipur,1,7,12.97,2,12,8.24,40,0,100000,0,5,0,0,1.61,1,retained,0,0.04049281,Low Risk,Unclassified
USR1830,55,Coimbatore,1,14,8.02,4,24,7.04,8,1,500000,1,2,1,0,1.87,0,kyc_dropout,1,0.9072794,High Risk,KYC Dropout
USR1831,59,Pune,1,11,1.19,6,12,8.49,28,1,50000,0,1,1,0,10.4,1,comparison_paralysis,1,0.95053744,High Risk,Comparison Paralysis
USR1832,25,Lucknow,0,16,5.0,2,36,9.47,37,0,25000,1,5,0,0,11.45,1,overwhelmed_firsttimer,1,0.96188337,High Risk,Overwhelmed First-Timer
USR1833,59,Surat,1,6,20.76,6,36,8.97,61,0,100000,0,0,0,0,14.6,1,retained,0,0.019005636,Low Risk,Unclassified
USR1834,40,Lucknow,1,16,11.94,3,3,8.74,53,0,25000,1,5,1,0,8.19,1,retained,0,0.09143044,Low Risk,Unclassified
USR1835,27,Gorakhpur,1,16,21.94,6,36,7.12,51,0,50000,0,3,0,0,2.91,0,comparison_paralysis,1,0.88102823,High Risk,Comparison Paralysis
USR1836,55,Patna,0,12,12.02,5,36,9.13,33,0,200000,1,1,0,0,14.1,1,comparison_paralysis,1,0.9861675,High Risk,Comparison Paralysis
USR1837,39,Nagpur,1,17,12.42,1,6,8.08,36,0,50000,1,0,1,0,14.71,0,retained,0,0.086254396,Low Risk,Unclassified
USR1838,34,Bhopal,0,5,9.23,1,6,9.17,48,0,10000,1,1,1,0,13.89,1,retained,0,0.04688773,Low Risk,Unclassified
USR1839,44,Chennai,1,13,7.51,1,12,7.49,41,0,25000,1,2,1,0,13.14,1,retained,0,0.08950233,Low Risk,Unclassified
USR1840,40,Delhi,1,8,6.28,6,12,6.69,13,0,50000,1,3,1,0,1.62,0,retained,0,0.04822561,Low Risk,Unclassified
USR1841,32,Gorakhpur,0,5,8.21,5,6,7.93,32,1,200000,0,4,1,0,12.9,0,kyc_dropout,1,0.97965,High Risk,KYC Dropout
USR1842,22,Coimbatore,1,12,10.66,6,3,7.31,16,0,200000,1,5,0,0,14.32,1,overwhelmed_firsttimer,1,0.9044148,High Risk,Comparison Paralysis
USR1843,45,Surat,1,9,5.03,4,6,8.65,31,1,50000,0,3,0,0,8.51,1,kyc_dropout,1,0.9361873,High Risk,KYC Dropout
USR1844,28,Coimbatore,1,3,5.72,5,12,9.37,38,0,100000,1,3,0,1,11.7,1,retained,0,0.059719276,Low Risk,Unclassified
USR1845,46,Coimbatore,1,3,6.7,5,24,8.57,9,0,50000,1,2,1,0,10.08,1,retained,0,0.021825656,Low Risk,Unclassified
USR1846,42,Bengaluru,1,1,10.43,6,36,9.16,23,0,200000,1,0,1,0,4.68,1,retained,1,0.40337166,Medium Risk,Unclassified
USR1847,36,Surat,1,12,14.71,6,24,7.86,57,0,50000,1,3,0,0,9.02,0,comparison_paralysis,1,0.97292376,High Risk,Comparison Paralysis
USR1848,22,Lucknow,1,9,18.98,1,24,8.81,63,1,10000,0,0,0,0,13.4,0,retained,0,0.08424396,Low Risk,Unclassified
USR1849,33,Coimbatore,1,9,7.03,5,36,9.03,18,0,100000,1,0,1,0,7.7,1,retained,0,0.038008563,Low Risk,Unclassified
USR1850,28,Bengaluru,1,7,4.86,1,6,8.63,7,0,50000,1,2,0,1,9.06,1,retained,0,0.11835197,Low Risk,Unclassified
USR1851,36,Bengaluru,1,4,8.96,4,3,8.02,39,1,200000,1,3,1,0,8.21,1,kyc_dropout,1,0.9621314,High Risk,KYC Dropout
USR1852,42,Delhi,1,13,19.78,3,24,8.38,12,1,50000,0,5,1,1,4.59,0,kyc_dropout,1,0.9759586,High Risk,KYC Dropout
USR1853,40,Jaipur,1,17,1.21,1,3,8.6,26,0,50000,1,2,0,0,9.83,1,overwhelmed_firsttimer,1,0.93286026,High Risk,Overwhelmed First-Timer
USR1854,50,Patna,1,2,15.24,6,12,7.26,1,0,25000,1,2,0,0,7.89,1,retained,1,0.32988408,Low Risk,Unclassified
USR1855,46,Coimbatore,1,14,11.02,2,24,8.93,15,0,50000,0,4,0,1,3.87,1,retained,0,0.06713252,Low Risk,Unclassified
USR1856,54,Delhi,1,3,4.38,3,12,9.35,13,0,10000,1,5,0,1,13.48,1,retained,0,0.044271134,Low Risk,Unclassified
USR1857,53,Surat,1,5,7.74,4,6,7.9,16,0,200000,0,2,1,0,14.28,1,retained,0,0.032387827,Low Risk,Unclassified
USR1858,56,Coimbatore,1,14,5.72,6,24,8.6,59,0,500000,1,4,0,0,1.3,0,comparison_paralysis,1,0.963907,High Risk,Comparison Paralysis
USR1859,59,Lucknow,0,3,19.43,3,12,8.71,16,1,25000,1,0,1,0,9.52,1,retained,0,0.03013299,Low Risk,Unclassified
USR1860,47,Mumbai,1,7,11.12,6,12,8.49,44,0,500000,0,5,1,0,6.52,0,retained,0,0.100114934,Low Risk,Unclassified
USR1861,32,Bengaluru,0,13,12.82,1,6,8.14,37,0,50000,0,5,1,0,8.13,1,retained,0,0.10429689,Low Risk,Unclassified
USR1862,56,Surat,0,10,13.47,6,3,9.14,63,1,100000,1,0,1,1,5.92,1,comparison_paralysis,1,0.83603036,High Risk,Comparison Paralysis
USR1863,29,Gorakhpur,0,13,14.43,4,3,7.85,5,0,10000,1,1,0,0,7.38,1,overwhelmed_firsttimer,1,0.95634085,High Risk,Overwhelmed First-Timer
USR1864,35,Bhopal,1,16,11.41,2,24,6.68,59,0,10000,1,5,0,0,5.19,1,overwhelmed_firsttimer,1,0.82403904,High Risk,Overwhelmed First-Timer
USR1865,31,Coimbatore,0,9,1.38,1,6,9.03,48,1,10000,1,1,1,0,2.21,1,inactive_browser,1,0.9314976,High Risk,Silent Churner
USR1866,23,Surat,1,2,8.03,1,24,8.52,20,0,25000,1,0,0,0,4.88,1,retained,0,0.021522496,Low Risk,Unclassified
USR1867,30,Bengaluru,1,5,4.86,4,3,9.05,22,0,50000,1,3,0,1,10.22,1,retained,0,0.072861046,Low Risk,Unclassified
USR1868,24,Jaipur,1,17,15.28,4,6,6.92,56,0,10000,1,1,1,0,1.23,0,retained,0,0.06744354,Low Risk,Unclassified
USR1869,42,Gorakhpur,1,4,2.19,3,36,6.59,63,0,50000,0,2,0,0,6.05,0,inactive_browser,1,0.9316708,High Risk,Silent Churner
USR1870,47,Lucknow,1,17,12.84,2,6,9.3,28,1,100000,0,5,0,0,1.11,1,kyc_dropout,1,0.93544585,High Risk,KYC Dropout
USR1871,29,Coimbatore,1,9,5.42,6,6,6.94,26,0,50000,1,1,1,0,5.67,0,retained,0,0.10971761,Low Risk,Unclassified
USR1872,23,Patna,1,2,20.93,3,36,8.93,5,0,500000,1,5,0,0,1.77,0,retained,0,0.12593539,Low Risk,Unclassified
USR1873,27,Surat,1,11,8.05,6,12,8.97,20,0,50000,0,0,0,1,5.42,1,retained,0,0.17025448,Low Risk,Unclassified
USR1874,49,Surat,1,13,7.83,6,12,8.63,40,1,50000,1,3,0,0,12.65,1,kyc_dropout,1,0.9869741,High Risk,KYC Dropout
USR1875,50,Nagpur,1,8,20.39,6,12,6.89,4,0,200000,1,0,1,1,9.39,1,retained,0,0.029734652,Low Risk,Unclassified
USR1876,47,Gorakhpur,1,1,9.76,3,3,8.5,14,0,500000,0,3,1,0,10.39,1,retained,0,0.027436927,Low Risk,Unclassified
USR1877,46,Coimbatore,1,17,21.22,1,6,9.17,20,1,25000,1,5,1,1,7.81,0,kyc_dropout,1,0.9581062,High Risk,KYC Dropout
USR1878,33,Bhopal,1,12,1.51,4,36,7.78,57,1,50000,0,1,0,0,13.87,1,inactive_browser,1,0.90281886,High Risk,Comparison Paralysis
USR1879,26,Delhi,1,4,7.43,1,3,7.74,3,0,10000,1,2,0,0,8.35,1,retained,0,0.119363174,Low Risk,Unclassified
USR1880,55,Gorakhpur,1,13,14.99,2,36,7.83,6,0,200000,1,2,1,0,2.01,0,retained,0,0.07454056,Low Risk,Unclassified
USR1881,58,Jaipur,1,9,19.71,3,3,6.75,34,0,50000,1,0,1,0,14.03,1,retained,0,0.054722104,Low Risk,Unclassified
USR1882,36,Nagpur,1,7,6.38,2,3,9.18,35,0,200000,1,5,1,0,2.43,1,retained,0,0.06698914,Low Risk,Unclassified
USR1883,57,Gorakhpur,1,5,20.54,4,3,9.11,14,1,25000,1,3,1,1,14.99,1,kyc_dropout,1,0.9211251,High Risk,KYC Dropout
USR1884,36,Bhopal,1,5,13.48,4,36,9.49,1,0,200000,0,1,1,0,6.81,1,retained,0,0.020740082,Low Risk,Unclassified
USR1885,44,Jaipur,0,17,17.82,5,24,8.26,56,0,10000,1,3,0,0,1.57,1,comparison_paralysis,1,0.9763447,High Risk,Comparison Paralysis
USR1886,27,Nagpur,0,9,9.34,2,3,8.75,4,0,50000,1,3,0,0,13.03,1,overwhelmed_firsttimer,1,0.81854045,High Risk,Overwhelmed First-Timer
USR1887,42,Gorakhpur,1,6,5.46,1,12,7.11,31,1,10000,1,3,1,0,1.85,0,kyc_dropout,1,0.9549989,High Risk,KYC Dropout
USR1888,44,Pune,0,16,20.14,2,6,8.5,40,0,100000,1,5,0,1,3.03,1,overwhelmed_firsttimer,1,0.94472444,High Risk,Overwhelmed First-Timer
USR1889,37,Bhopal,1,2,20.6,3,24,8.45,41,0,200000,1,1,0,0,6.55,0,retained,0,0.04169355,Low Risk,Unclassified
USR1890,36,Bhopal,1,10,11.45,4,24,9.2,64,1,200000,1,5,1,0,10.3,1,kyc_dropout,1,0.97844124,High Risk,KYC Dropout
USR1891,46,Surat,1,16,1.14,4,36,8.99,39,0,200000,1,3,0,0,2.26,1,overwhelmed_firsttimer,1,0.9811901,High Risk,Comparison Paralysis
USR1892,57,Jaipur,1,5,3.31,2,24,9.32,37,0,500000,1,5,0,0,9.53,1,inactive_browser,1,0.9091337,High Risk,Silent Churner
USR1893,32,Lucknow,1,15,13.03,2,36,9.11,41,0,25000,1,2,1,0,11.82,1,retained,0,0.11785691,Low Risk,Unclassified
USR1894,36,Patna,0,13,1.5,6,36,9.11,36,0,500000,0,0,0,0,2.29,0,comparison_paralysis,1,0.9686073,High Risk,Comparison Paralysis
USR1895,25,Nagpur,1,13,9.34,2,12,6.69,55,0,10000,1,4,1,1,9.89,1,retained,0,0.07935095,Low Risk,Unclassified
USR1896,42,Nagpur,1,13,7.37,6,3,9.04,54,0,100000,1,3,0,1,14.4,1,comparison_paralysis,1,0.96919906,High Risk,Comparison Paralysis
USR1897,34,Nagpur,1,15,16.0,3,24,8.32,53,0,25000,0,2,1,1,14.53,0,retained,0,0.07986639,Low Risk,Unclassified
USR1898,43,Bengaluru,1,14,2.17,3,3,7.64,21,0,25000,1,5,0,1,2.84,1,overwhelmed_firsttimer,0,0.70643324,High Risk,Overwhelmed First-Timer
USR1899,40,Chennai,1,8,11.26,1,3,6.67,26,0,50000,0,2,1,0,11.52,1,retained,1,0.055376478,Low Risk,Unclassified
USR1900,55,Nagpur,1,11,13.16,2,3,8.53,46,0,100000,1,0,0,0,12.78,1,overwhelmed_firsttimer,1,0.8949438,High Risk,Overwhelmed First-Timer
USR1901,35,Jaipur,1,4,13.96,1,36,7.48,37,0,200000,1,0,1,0,13.39,0,retained,0,0.032571815,Low Risk,Unclassified
USR1902,25,Coimbatore,0,10,9.51,5,3,7.9,38,0,500000,0,4,1,0,5.19,1,comparison_paralysis,1,0.78919494,High Risk,Comparison Paralysis
USR1903,48,Coimbatore,1,1,7.39,3,24,8.55,14,1,200000,0,4,0,0,4.42,1,kyc_dropout,1,0.98055637,High Risk,KYC Dropout
USR1904,50,Surat,1,5,15.33,4,36,9.24,60,0,50000,1,4,0,0,1.19,0,retained,0,0.023162935,Low Risk,Unclassified
USR1905,49,Nagpur,0,13,18.8,6,24,8.98,59,0,500000,1,1,1,0,6.29,1,comparison_paralysis,1,0.90879935,High Risk,Comparison Paralysis
USR1906,56,Jaipur,1,1,15.57,5,36,7.85,7,1,200000,1,1,0,0,2.3,0,retained,0,0.05134633,Low Risk,Unclassified
USR1907,29,Nagpur,1,8,20.57,4,6,7.66,43,0,10000,0,2,1,0,11.9,0,retained,0,0.027545344,Low Risk,Unclassified
USR1908,37,Delhi,1,3,16.06,5,6,7.22,42,1,200000,0,5,0,0,2.57,1,kyc_dropout,1,0.9799952,High Risk,KYC Dropout
USR1909,57,Patna,1,3,17.06,1,6,7.62,5,1,500000,0,0,1,1,12.37,0,retained,0,0.019130586,Low Risk,Unclassified
USR1910,51,Patna,1,7,4.53,1,6,6.83,26,1,10000,0,3,1,1,2.06,0,kyc_dropout,1,0.9624484,High Risk,KYC Dropout
USR1911,39,Lucknow,1,4,9.81,6,36,9.41,44,1,50000,1,0,0,0,7.47,1,retained,0,0.08282737,Low Risk,Unclassified
USR1912,23,Coimbatore,1,3,11.19,3,3,8.22,22,0,50000,1,1,0,0,6.08,1,retained,0,0.018909082,Low Risk,Unclassified
USR1913,34,Jaipur,0,15,6.38,6,12,6.88,12,1,10000,1,2,0,0,9.22,1,kyc_dropout,1,0.92874295,High Risk,KYC Dropout
USR1914,25,Bhopal,1,8,12.1,4,12,7.56,63,0,500000,1,3,1,0,8.02,0,retained,0,0.06344812,Low Risk,Unclassified
USR1915,47,Coimbatore,1,3,7.11,5,6,8.14,24,0,500000,1,4,1,0,9.18,1,retained,0,0.06014641,Low Risk,Unclassified
USR1916,46,Mumbai,1,7,15.44,6,3,8.1,51,1,200000,0,4,1,0,0.51,1,kyc_dropout,1,0.9079781,High Risk,KYC Dropout
USR1917,51,Lucknow,1,11,10.88,2,24,6.61,47,0,50000,0,1,0,0,2.35,0,retained,0,0.21615529,Low Risk,Unclassified
USR1918,32,Lucknow,1,11,10.63,2,3,9.35,60,1,50000,1,2,0,0,8.0,1,kyc_dropout,1,0.989778,High Risk,KYC Dropout
USR1919,28,Delhi,0,17,21.66,3,24,7.33,16,0,10000,1,5,1,1,3.83,1,retained,0,0.06804269,Low Risk,Unclassified
USR1920,52,Surat,1,6,9.24,6,12,6.55,39,0,50000,1,0,1,1,1.61,1,retained,0,0.042908587,Low Risk,Unclassified
USR1921,31,Lucknow,1,8,8.61,4,3,6.73,25,0,200000,1,1,0,0,3.66,1,overwhelmed_firsttimer,1,0.84968185,High Risk,Comparison Paralysis
USR1922,60,Surat,1,1,7.69,2,3,8.24,55,0,50000,1,5,1,0,11.81,1,retained,0,0.054355636,Low Risk,Unclassified
USR1923,34,Lucknow,0,10,19.79,3,12,6.91,39,0,10000,0,5,0,0,8.35,1,retained,0,0.1306148,Low Risk,Unclassified
USR1924,52,Coimbatore,1,3,11.43,6,3,6.63,7,0,200000,1,0,1,1,3.26,0,retained,0,0.02249493,Low Risk,Unclassified
USR1925,28,Gorakhpur,1,4,13.6,3,24,7.64,44,0,100000,1,3,0,0,0.73,1,retained,0,0.031655792,Low Risk,Unclassified
USR1926,57,Chennai,1,11,4.8,4,3,8.37,16,1,10000,0,0,1,0,5.69,1,retained,0,0.035495985,Low Risk,Unclassified
USR1927,41,Gorakhpur,1,15,12.36,2,24,6.84,40,0,100000,1,3,1,1,5.68,1,retained,0,0.097988985,Low Risk,Unclassified
USR1928,25,Surat,0,1,6.77,2,6,7.44,8,1,50000,1,5,1,0,11.16,1,kyc_dropout,1,0.96137,High Risk,KYC Dropout
USR1929,28,Chennai,1,9,16.34,2,3,7.75,23,0,200000,1,2,1,0,13.83,0,retained,0,0.046280913,Low Risk,Unclassified
USR1930,22,Jaipur,1,11,18.48,1,24,6.98,10,0,50000,1,1,0,1,5.89,1,overwhelmed_firsttimer,1,0.9347551,High Risk,Overwhelmed First-Timer
USR1931,34,Surat,1,13,16.01,2,12,8.02,34,0,200000,1,0,1,0,10.48,0,retained,0,0.09242868,Low Risk,Unclassified
USR1932,43,Bengaluru,1,16,16.34,5,6,6.76,28,1,25000,1,2,1,0,9.71,1,kyc_dropout,1,0.98308575,High Risk,KYC Dropout
USR1933,42,Jaipur,1,4,11.76,1,3,6.64,7,0,50000,1,2,0,0,6.62,1,retained,0,0.09966475,Low Risk,Unclassified
USR1934,43,Gorakhpur,1,1,15.95,6,24,8.06,16,0,50000,0,0,1,0,1.46,1,retained,0,0.009126591,Low Risk,Unclassified
USR1935,49,Bengaluru,1,13,9.88,1,3,7.24,11,1,50000,0,4,1,1,7.37,1,kyc_dropout,1,0.93847895,High Risk,KYC Dropout
USR1936,30,Gorakhpur,0,1,14.68,1,24,6.79,49,0,500000,0,5,0,0,5.64,0,retained,0,0.07941749,Low Risk,Unclassified
USR1937,47,Surat,1,5,6.44,1,3,7.77,23,1,10000,0,4,1,1,8.48,1,kyc_dropout,1,0.9372273,High Risk,KYC Dropout
USR1938,30,Nagpur,1,5,2.46,3,6,9.25,36,0,500000,1,3,1,0,2.32,1,inactive_browser,1,0.9113346,High Risk,Silent Churner
USR1939,36,Gorakhpur,0,14,9.68,5,6,8.67,10,0,200000,1,2,0,0,11.0,0,overwhelmed_firsttimer,1,0.9320854,High Risk,Overwhelmed First-Timer
USR1940,31,Mumbai,1,14,10.7,4,3,8.95,58,0,200000,1,1,1,0,11.92,1,retained,0,0.080406286,Low Risk,Unclassified
USR1941,45,Coimbatore,0,8,6.38,2,3,9.12,54,0,200000,1,1,0,1,6.13,1,overwhelmed_firsttimer,1,0.9062041,High Risk,Overwhelmed First-Timer
USR1942,29,Bengaluru,0,4,16.28,1,36,9.42,26,1,10000,1,2,0,0,3.04,0,kyc_dropout,1,0.9248785,High Risk,KYC Dropout
USR1943,45,Jaipur,1,7,2.54,4,3,8.79,59,1,200000,0,4,1,0,9.54,1,kyc_dropout,1,0.9863631,High Risk,KYC Dropout
USR1944,37,Coimbatore,0,15,5.68,3,3,8.33,1,0,500000,1,5,1,0,14.36,1,retained,0,0.0406119,Low Risk,Unclassified
USR1945,47,Chennai,1,4,16.72,4,6,7.6,17,1,500000,0,2,1,1,10.66,0,kyc_dropout,1,0.90687525,High Risk,KYC Dropout
USR1946,48,Nagpur,1,9,10.18,1,3,7.04,19,0,50000,1,3,1,1,2.29,0,retained,0,0.04093387,Low Risk,Unclassified
USR1947,58,Surat,1,13,15.81,6,12,8.56,62,0,100000,1,2,1,0,6.26,1,comparison_paralysis,1,0.8233613,High Risk,Comparison Paralysis
USR1948,25,Patna,0,14,12.92,5,3,9.48,1,0,25000,0,0,1,0,13.77,1,retained,0,0.054193426,Low Risk,Unclassified
USR1949,45,Surat,1,14,20.96,4,36,7.9,41,0,200000,0,4,1,0,9.7,1,retained,0,0.053733766,Low Risk,Unclassified
USR1950,40,Bengaluru,0,10,13.55,1,24,8.67,27,0,10000,1,0,1,0,2.63,0,retained,0,0.06942039,Low Risk,Unclassified
USR1951,57,Gorakhpur,0,16,1.31,1,6,7.99,28,0,10000,0,0,1,0,11.01,1,retained,0,0.1136279,Low Risk,Unclassified
USR1952,60,Surat,0,5,8.41,2,12,7.8,27,0,200000,1,2,1,0,5.63,1,retained,0,0.07015666,Low Risk,Unclassified
USR1953,31,Jaipur,1,6,4.0,6,24,7.73,59,1,100000,1,5,0,1,7.6,0,kyc_dropout,1,0.9678868,High Risk,KYC Dropout
USR1954,46,Lucknow,1,2,20.42,2,12,8.01,4,1,500000,1,2,1,0,6.52,1,kyc_dropout,1,0.9182768,High Risk,KYC Dropout
USR1955,39,Coimbatore,1,13,3.18,6,6,7.6,14,0,200000,1,5,1,0,11.02,1,retained,0,0.08059416,Low Risk,Unclassified
USR1956,40,Pune,1,13,9.14,5,36,8.75,31,0,10000,1,1,0,1,3.66,0,comparison_paralysis,1,0.97949517,High Risk,Comparison Paralysis
USR1957,57,Nagpur,0,1,5.75,2,6,9.12,51,0,25000,0,5,1,1,6.13,0,retained,0,0.0959496,Low Risk,Unclassified
USR1958,31,Lucknow,0,8,18.78,5,12,9.15,36,1,100000,1,0,1,0,11.3,1,retained,0,0.18388014,Low Risk,Unclassified
USR1959,54,Coimbatore,1,16,7.48,3,12,7.18,14,0,200000,1,2,0,0,10.72,0,overwhelmed_firsttimer,1,0.9159593,High Risk,Overwhelmed First-Timer
USR1960,26,Gorakhpur,1,2,21.83,3,6,9.19,40,0,25000,0,1,1,0,3.43,1,retained,0,0.021609394,Low Risk,Unclassified
USR1961,56,Nagpur,1,8,1.81,6,3,7.52,3,1,200000,1,0,0,0,5.58,1,overwhelmed_firsttimer,1,0.7915678,High Risk,Overwhelmed First-Timer
USR1962,55,Coimbatore,0,6,3.69,6,6,7.43,52,0,100000,0,1,1,0,0.71,1,inactive_browser,1,0.6610187,Medium Risk,Silent Churner
USR1963,54,Delhi,1,16,5.72,2,36,8.68,26,0,10000,1,4,0,1,8.19,0,overwhelmed_firsttimer,1,0.9587316,High Risk,Overwhelmed First-Timer
USR1964,42,Nagpur,1,11,18.03,3,6,7.41,20,0,500000,0,3,0,0,4.57,1,retained,1,0.13416958,Low Risk,Unclassified
USR1965,38,Nagpur,1,17,19.45,4,24,6.66,59,0,500000,1,0,0,1,0.67,1,overwhelmed_firsttimer,1,0.88100713,High Risk,Comparison Paralysis
USR1966,43,Mumbai,1,11,2.5,4,3,7.62,63,1,100000,1,2,1,0,6.66,0,kyc_dropout,1,0.95316076,High Risk,KYC Dropout
USR1967,58,Surat,0,8,1.68,4,24,8.66,46,0,50000,1,5,0,0,13.94,1,overwhelmed_firsttimer,0,0.84133273,High Risk,Comparison Paralysis
USR1968,36,Coimbatore,1,4,16.64,3,6,7.48,53,0,500000,1,4,1,0,13.89,1,retained,0,0.037148584,Low Risk,Unclassified
USR1969,56,Gorakhpur,0,11,3.8,4,3,8.39,30,0,200000,0,1,0,1,5.9,0,retained,1,0.74676126,High Risk,Comparison Paralysis
USR1970,49,Chennai,1,8,3.79,5,24,8.48,16,0,25000,0,3,1,0,7.01,0,retained,0,0.025984865,Low Risk,Unclassified
USR1971,28,Coimbatore,1,9,1.47,1,24,8.7,49,0,25000,0,5,1,0,4.02,0,inactive_browser,1,0.90101236,High Risk,Silent Churner
USR1972,53,Chennai,1,2,2.05,6,3,9.19,6,0,500000,1,0,1,0,1.49,1,retained,0,0.03680891,Low Risk,Unclassified
USR1973,32,Gorakhpur,1,16,6.54,2,3,7.8,27,0,100000,1,3,0,0,10.56,1,overwhelmed_firsttimer,1,0.9388188,High Risk,Overwhelmed First-Timer
USR1974,31,Coimbatore,1,6,2.37,5,12,7.0,9,0,100000,0,4,0,0,12.1,1,retained,0,0.044022452,Low Risk,Unclassified
USR1975,30,Gorakhpur,1,8,8.75,4,3,7.46,26,0,100000,1,3,1,0,13.26,1,retained,0,0.045710605,Low Risk,Unclassified
USR1976,35,Bhopal,1,14,18.49,1,6,7.8,12,0,25000,0,0,1,0,14.06,0,retained,0,0.013773453,Low Risk,Unclassified
USR1977,34,Surat,1,16,7.85,2,36,8.64,59,1,10000,1,4,0,0,13.78,1,kyc_dropout,1,0.9794087,High Risk,KYC Dropout
USR1978,46,Gorakhpur,1,12,16.28,5,12,6.54,42,0,25000,0,1,0,0,0.9,0,comparison_paralysis,1,0.8282049,High Risk,Comparison Paralysis
USR1979,23,Nagpur,0,5,2.97,2,3,7.45,62,1,10000,1,0,1,1,14.68,1,inactive_browser,1,0.91467434,High Risk,Silent Churner
USR1980,56,Patna,0,9,14.85,6,36,8.84,64,0,100000,1,3,0,0,6.0,1,overwhelmed_firsttimer,1,0.7854905,High Risk,Comparison Paralysis
USR1981,28,Mumbai,1,2,7.65,3,12,8.51,53,1,50000,1,0,0,1,13.35,1,retained,0,0.044585776,Low Risk,Unclassified
USR1982,42,Nagpur,1,12,16.74,4,6,8.7,35,0,25000,0,4,1,0,6.89,1,retained,0,0.03177157,Low Risk,Unclassified
USR1983,39,Nagpur,1,2,3.86,5,36,8.94,14,0,100000,0,3,1,0,6.62,1,retained,0,0.047024075,Low Risk,Unclassified
USR1984,24,Nagpur,1,10,19.86,5,3,8.85,17,0,25000,1,1,1,0,0.66,1,retained,0,0.05985974,Low Risk,Unclassified
USR1985,60,Lucknow,1,1,6.09,1,3,8.55,3,0,100000,1,5,0,0,1.26,1,retained,0,0.113972284,Low Risk,Unclassified
USR1986,32,Nagpur,1,4,8.42,1,6,7.82,10,1,25000,0,2,1,0,10.23,0,kyc_dropout,1,0.9041954,High Risk,KYC Dropout
USR1987,60,Lucknow,0,12,20.95,1,12,9.45,5,0,200000,1,1,0,0,14.1,1,overwhelmed_firsttimer,1,0.9627671,High Risk,Overwhelmed First-Timer
USR1988,45,Jaipur,1,9,13.15,2,36,8.21,50,0,25000,1,0,0,0,3.75,0,overwhelmed_firsttimer,1,0.72557366,High Risk,Overwhelmed First-Timer
USR1989,40,Lucknow,0,4,8.68,4,6,7.11,57,1,200000,0,2,1,0,1.86,1,kyc_dropout,1,0.9437167,High Risk,KYC Dropout
USR1990,25,Pune,0,9,20.94,2,12,7.38,59,0,10000,1,5,1,0,3.6,1,retained,0,0.048627686,Low Risk,Unclassified
USR1991,47,Coimbatore,0,6,7.91,4,24,8.58,17,0,25000,1,5,1,0,3.58,1,retained,0,0.012526274,Low Risk,Unclassified
USR1992,59,Bengaluru,1,1,2.99,5,24,9.27,16,0,10000,0,4,1,0,4.75,1,retained,0,0.07016843,Low Risk,Unclassified
USR1993,53,Patna,1,10,21.93,2,12,7.04,33,0,50000,1,5,0,0,1.87,1,overwhelmed_firsttimer,1,0.9588977,High Risk,Overwhelmed First-Timer
USR1994,60,Gorakhpur,1,14,6.62,2,3,6.75,29,1,500000,1,3,0,0,3.92,1,kyc_dropout,1,0.98678684,High Risk,KYC Dropout
USR1995,57,Lucknow,1,6,18.88,2,3,9.14,18,0,500000,1,3,1,0,13.86,1,retained,0,0.019168645,Low Risk,Unclassified
USR1996,61,Bhopal,1,16,4.48,3,24,9.25,8,0,200000,0,4,1,0,13.41,1,retained,0,0.05159489,Low Risk,Unclassified
USR1997,58,Delhi,1,15,16.36,6,3,7.33,39,0,25000,1,5,0,0,5.09,1,comparison_paralysis,1,0.97027224,High Risk,Comparison Paralysis
USR1998,54,Gorakhpur,1,16,12.01,4,3,7.63,43,0,500000,0,0,1,0,14.95,1,retained,0,0.048180092,Low Risk,Unclassified
USR1999,57,Patna,1,8,21.6,4,12,8.48,58,0,10000,1,1,1,0,4.83,1,retained,0,0.039479364,Low Risk,Unclassified
USR2000,24,Chennai,1,13,12.61,2,12,7.49,24,0,500000,1,2,1,0,10.97,1,retained,0,0.08547804,Low Risk,Unclassified
USR2001,30,Lucknow,1,11,1.53,3,3,9.13,52,0,500000,0,4,1,1,9.84,0,inactive_browser,1,0.8935023,High Risk,Silent Churner
USR2002,29,Chennai,1,7,13.68,2,12,6.82,47,1,100000,1,5,1,0,1.44,1,kyc_dropout,1,0.8924974,High Risk,KYC Dropout
USR2003,54,Chennai,1,17,4.05,4,36,6.61,52,0,500000,1,0,1,0,5.46,1,retained,0,0.11756928,Low Risk,Unclassified
USR2004,27,Nagpur,0,13,17.77,6,24,7.13,48,0,10000,0,0,0,0,14.3,1,comparison_paralysis,1,0.84245014,High Risk,Comparison Paralysis
USR2005,60,Nagpur,1,15,18.99,6,36,7.36,42,0,500000,0,2,0,1,1.24,0,comparison_paralysis,0,0.7738747,High Risk,Comparison Paralysis
USR2006,25,Bengaluru,1,1,11.12,5,36,6.84,18,1,25000,0,4,1,1,3.04,1,kyc_dropout,1,0.8560134,High Risk,KYC Dropout
USR2007,34,Patna,1,16,17.45,3,3,6.7,33,0,500000,1,1,0,0,14.58,1,overwhelmed_firsttimer,1,0.9489268,High Risk,Overwhelmed First-Timer
USR2008,23,Gorakhpur,0,5,4.05,6,3,8.77,53,1,50000,1,1,1,0,1.08,1,retained,0,0.099976204,Low Risk,Unclassified
USR2009,26,Pune,1,3,11.33,3,36,6.99,0,1,500000,1,4,1,0,6.98,1,kyc_dropout,1,0.93775105,High Risk,KYC Dropout
USR2010,48,Gorakhpur,1,10,9.27,2,36,9.24,54,1,200000,0,3,0,0,13.82,1,kyc_dropout,1,0.94761455,High Risk,KYC Dropout
USR2011,53,Surat,1,5,13.84,5,6,7.6,14,0,100000,1,5,1,0,14.18,1,retained,0,0.018308127,Low Risk,Unclassified
USR2012,42,Lucknow,0,7,1.93,4,6,8.51,14,0,10000,1,1,1,0,14.7,0,retained,0,0.0159238,Low Risk,Unclassified
USR2013,29,Bhopal,1,14,16.79,6,24,7.18,22,0,500000,0,3,0,0,7.48,0,comparison_paralysis,1,0.8189118,High Risk,Comparison Paralysis
USR2014,59,Jaipur,0,3,2.66,6,36,7.22,45,1,500000,0,4,1,0,1.75,1,kyc_dropout,1,0.9834831,High Risk,KYC Dropout
USR2015,29,Lucknow,1,13,14.79,1,12,8.22,8,1,25000,1,5,1,1,11.7,1,kyc_dropout,1,0.92127836,High Risk,KYC Dropout
USR2016,24,Bengaluru,1,13,1.39,4,6,8.18,17,1,25000,1,0,1,0,10.78,1,retained,0,0.030098783,Low Risk,Unclassified
USR2017,24,Gorakhpur,1,10,18.47,6,3,8.81,16,0,200000,1,4,0,0,8.9,0,overwhelmed_firsttimer,1,0.8400346,High Risk,Comparison Paralysis
USR2018,43,Pune,1,2,4.67,6,36,8.77,33,0,100000,1,0,1,0,13.38,1,retained,0,0.07435909,Low Risk,Unclassified
USR2019,27,Delhi,1,6,11.83,4,12,8.51,63,0,10000,1,4,0,0,13.72,1,retained,0,0.021589497,Low Risk,Unclassified
USR2020,23,Surat,0,8,6.49,5,12,7.85,43,0,10000,1,3,1,0,10.41,1,retained,0,0.12664135,Low Risk,Unclassified
USR2021,44,Coimbatore,1,4,16.18,3,12,9.17,28,0,10000,1,5,0,1,2.13,1,retained,0,0.082182184,Low Risk,Unclassified
USR2022,23,Bhopal,1,12,7.75,4,3,8.37,61,0,200000,0,3,1,0,1.89,1,retained,0,0.057591464,Low Risk,Unclassified
USR2023,59,Delhi,1,15,16.22,3,6,9.47,15,1,200000,1,5,0,1,6.43,1,kyc_dropout,1,0.99438536,High Risk,KYC Dropout
USR2024,38,Bhopal,1,8,6.98,5,12,8.96,51,0,500000,1,4,0,0,4.74,1,overwhelmed_firsttimer,1,0.88367367,High Risk,Comparison Paralysis
USR2025,56,Gorakhpur,1,7,16.8,5,6,6.63,1,1,100000,1,0,0,1,2.43,0,retained,0,0.122189835,Low Risk,Unclassified
USR2026,55,Lucknow,1,14,1.64,2,24,7.46,60,1,10000,1,4,1,1,9.36,0,kyc_dropout,1,0.9728047,High Risk,KYC Dropout
USR2027,44,Gorakhpur,1,14,6.95,1,3,8.22,3,0,10000,0,0,0,1,10.41,1,retained,0,0.031043796,Low Risk,Unclassified
USR2028,51,Nagpur,1,13,11.47,5,6,8.66,51,0,500000,0,3,1,1,10.62,1,comparison_paralysis,1,0.84509015,High Risk,Comparison Paralysis
USR2029,29,Nagpur,1,1,1.95,5,6,8.15,40,0,100000,0,2,0,0,3.04,1,inactive_browser,1,0.9546021,High Risk,Silent Churner
USR2030,43,Pune,1,1,4.91,3,12,8.86,51,0,100000,1,1,1,0,4.93,1,retained,0,0.09169894,Low Risk,Unclassified
USR2031,57,Patna,1,4,20.63,5,12,7.35,30,0,100000,0,3,1,0,3.39,1,retained,0,0.039271705,Low Risk,Unclassified
USR2032,26,Gorakhpur,1,10,21.51,4,3,7.05,25,0,25000,1,4,0,0,9.22,0,overwhelmed_firsttimer,1,0.876575,High Risk,Comparison Paralysis
USR2033,34,Gorakhpur,1,3,16.53,2,6,6.66,26,1,100000,1,4,0,1,8.72,1,kyc_dropout,1,0.9737594,High Risk,KYC Dropout
USR2034,50,Bengaluru,1,9,6.3,2,36,8.22,50,0,50000,0,0,0,0,7.8,1,retained,0,0.14318463,Low Risk,Unclassified
USR2035,52,Jaipur,0,3,6.47,4,12,8.57,47,1,200000,1,1,1,0,4.79,0,retained,0,0.04346717,Low Risk,Unclassified
USR2036,37,Patna,1,6,14.56,6,12,7.48,10,1,100000,0,5,0,0,3.94,0,kyc_dropout,1,0.95789474,High Risk,KYC Dropout
USR2037,51,Patna,1,6,3.47,5,24,8.34,7,0,25000,1,3,1,0,13.41,1,retained,0,0.035784964,Low Risk,Unclassified
USR2038,37,Jaipur,0,12,20.91,1,3,6.66,11,0,50000,0,1,0,0,1.21,0,retained,1,0.66162133,Medium Risk,Unclassified
USR2039,33,Mumbai,1,1,5.72,5,6,6.8,44,1,25000,1,1,1,0,10.02,0,retained,0,0.030188492,Low Risk,Unclassified
USR2040,38,Bhopal,1,16,21.99,2,6,8.61,33,0,25000,1,3,1,1,0.78,1,retained,0,0.099516265,Low Risk,Unclassified
USR2041,37,Bengaluru,0,5,11.41,1,6,7.6,46,0,500000,1,0,0,0,3.31,0,retained,0,0.114303805,Low Risk,Unclassified
USR2042,33,Lucknow,1,9,17.2,6,12,8.51,20,1,25000,1,5,1,0,4.7,1,kyc_dropout,1,0.94113487,High Risk,KYC Dropout
USR2043,29,Pune,0,10,1.05,3,3,9.0,40,0,25000,1,0,1,0,13.35,1,inactive_browser,1,0.8020826,High Risk,Silent Churner
USR2044,41,Nagpur,1,13,19.66,3,6,9.06,21,1,10000,0,0,0,0,2.5,1,retained,1,0.19343306,Low Risk,Unclassified
USR2045,24,Coimbatore,1,15,6.67,5,36,7.02,20,0,200000,1,2,1,0,14.1,1,retained,0,0.15899225,Low Risk,Unclassified
USR2046,37,Pune,0,12,15.03,5,24,7.96,27,0,500000,0,1,0,1,12.32,0,comparison_paralysis,1,0.88801587,High Risk,Comparison Paralysis
USR2047,51,Nagpur,1,5,17.93,1,24,8.7,13,1,500000,1,2,1,0,10.35,1,kyc_dropout,1,0.9371069,High Risk,KYC Dropout
USR2048,44,Bengaluru,1,5,4.45,1,6,8.82,51,1,10000,0,0,0,0,6.47,1,retained,0,0.051588852,Low Risk,Unclassified
USR2049,49,Patna,1,12,10.29,6,12,8.85,42,0,50000,0,5,1,0,13.63,1,comparison_paralysis,1,0.8328727,High Risk,Comparison Paralysis
USR2050,61,Bengaluru,1,3,11.37,5,24,7.18,18,1,10000,1,3,0,0,8.16,1,kyc_dropout,1,0.9011633,High Risk,KYC Dropout
USR2051,26,Gorakhpur,0,7,7.55,2,24,7.08,26,1,500000,0,1,1,0,5.88,1,retained,0,0.04072991,Low Risk,Unclassified
USR2052,41,Coimbatore,1,17,11.12,3,24,8.27,17,0,50000,0,3,1,0,8.99,1,retained,1,0.124573916,Low Risk,Unclassified
USR2053,61,Coimbatore,1,1,7.67,6,24,8.72,12,0,500000,1,4,0,0,3.87,0,retained,1,0.43625024,Medium Risk,Unclassified
USR2054,22,Surat,1,5,8.58,1,6,7.46,0,0,100000,0,1,0,0,4.46,1,retained,0,0.04420137,Low Risk,Unclassified
USR2055,51,Jaipur,0,2,15.06,2,3,6.81,33,0,50000,1,3,1,0,13.83,1,retained,0,0.01241009,Low Risk,Unclassified
USR2056,42,Coimbatore,1,1,14.28,5,3,8.65,12,0,500000,1,0,0,0,12.01,1,retained,0,0.05200924,Low Risk,Unclassified
USR2057,41,Bengaluru,1,7,5.88,4,12,7.4,50,0,10000,0,2,1,0,7.95,0,retained,0,0.037467815,Low Risk,Unclassified
USR2058,27,Surat,1,11,19.85,1,36,7.0,0,0,500000,0,3,1,1,6.54,0,retained,0,0.014820415,Low Risk,Unclassified
USR2059,43,Bengaluru,0,11,19.12,6,3,6.94,27,1,10000,0,5,1,0,12.21,1,kyc_dropout,1,0.9776293,High Risk,KYC Dropout
USR2060,39,Jaipur,1,17,11.69,4,36,7.44,31,1,50000,1,4,1,0,8.77,1,kyc_dropout,1,0.9692741,High Risk,KYC Dropout
USR2061,29,Coimbatore,1,2,10.1,2,3,8.28,54,0,10000,0,0,0,1,6.52,1,retained,0,0.02900437,Low Risk,Unclassified
USR2062,60,Lucknow,1,7,8.91,3,3,7.58,25,1,50000,1,4,1,0,7.97,1,kyc_dropout,1,0.93340015,High Risk,KYC Dropout
USR2063,53,Gorakhpur,1,7,15.85,2,12,6.56,13,0,25000,1,5,0,0,3.87,0,retained,0,0.052114196,Low Risk,Unclassified
USR2064,54,Coimbatore,0,10,15.1,3,24,6.79,62,0,200000,1,5,0,0,3.43,1,overwhelmed_firsttimer,1,0.90633017,High Risk,Overwhelmed First-Timer
USR2065,37,Gorakhpur,1,3,5.12,2,12,7.37,13,0,50000,0,2,0,0,14.84,1,retained,0,0.035605438,Low Risk,Unclassified
USR2066,33,Coimbatore,1,12,15.1,1,3,8.48,26,1,25000,1,4,1,0,14.56,1,kyc_dropout,1,0.9111289,High Risk,KYC Dropout
USR2067,59,Bengaluru,1,3,6.3,1,24,6.8,40,1,25000,1,5,0,1,6.6,0,kyc_dropout,1,0.9639554,High Risk,KYC Dropout
USR2068,55,Nagpur,1,11,1.39,6,24,8.18,2,1,25000,1,3,1,0,7.97,1,kyc_dropout,1,0.8597083,High Risk,KYC Dropout
USR2069,35,Bengaluru,1,12,15.68,4,24,6.86,58,1,25000,0,5,1,0,12.49,0,kyc_dropout,1,0.9273448,High Risk,KYC Dropout
USR2070,57,Mumbai,0,4,14.54,2,36,7.13,22,0,50000,1,5,0,0,11.02,1,retained,0,0.052591074,Low Risk,Unclassified
USR2071,54,Pune,1,16,9.63,2,3,7.02,17,1,10000,1,3,1,1,1.94,1,kyc_dropout,1,0.9614296,High Risk,KYC Dropout
USR2072,44,Gorakhpur,1,4,12.04,4,6,6.7,40,0,25000,0,0,0,0,5.93,1,retained,0,0.023071786,Low Risk,Unclassified
USR2073,23,Bhopal,0,6,20.89,5,12,8.51,7,0,100000,1,2,0,1,4.13,1,retained,0,0.055675305,Low Risk,Unclassified
USR2074,42,Chennai,1,15,13.5,6,36,7.89,31,1,25000,1,2,1,0,14.89,1,kyc_dropout,1,0.9758695,High Risk,KYC Dropout
USR2075,23,Bengaluru,0,1,14.82,2,12,8.99,40,1,10000,1,1,0,0,11.36,1,retained,0,0.04737282,Low Risk,Unclassified
USR2076,48,Delhi,0,3,2.34,6,6,6.8,44,0,10000,1,1,0,0,1.19,0,inactive_browser,1,0.909831,High Risk,Silent Churner
USR2077,30,Patna,1,5,4.49,2,24,6.93,8,0,200000,1,3,0,1,13.55,1,retained,0,0.05733164,Low Risk,Unclassified
USR2078,22,Nagpur,1,17,7.32,2,6,7.42,47,0,200000,1,5,1,0,13.96,1,retained,1,0.3923267,Low Risk,Unclassified
USR2079,32,Jaipur,0,14,12.33,5,12,8.8,23,0,25000,1,4,1,0,5.33,0,comparison_paralysis,1,0.796228,High Risk,Comparison Paralysis
USR2080,24,Chennai,0,9,17.31,1,6,7.42,43,0,25000,1,5,0,0,9.81,1,overwhelmed_firsttimer,1,0.86817,High Risk,Overwhelmed First-Timer
USR2081,44,Surat,1,3,7.75,6,3,7.73,57,0,500000,0,5,0,1,10.39,1,retained,0,0.08508002,Low Risk,Unclassified
USR2082,47,Patna,1,13,8.48,4,6,7.4,17,0,500000,0,4,0,0,11.08,0,retained,0,0.05960228,Low Risk,Unclassified
USR2083,25,Patna,0,3,6.38,6,3,6.74,28,1,200000,1,0,0,0,10.56,0,retained,0,0.05572622,Low Risk,Unclassified
USR2084,39,Nagpur,0,11,6.35,5,6,9.32,1,1,25000,1,2,1,1,8.62,1,kyc_dropout,1,0.9306802,High Risk,KYC Dropout
USR2085,27,Jaipur,1,2,20.93,3,3,8.15,38,0,500000,1,3,0,1,14.33,1,retained,0,0.025159445,Low Risk,Unclassified
USR2086,56,Surat,1,15,14.34,3,3,8.86,40,1,100000,1,4,1,0,7.93,1,kyc_dropout,1,0.9519276,High Risk,KYC Dropout
USR2087,43,Nagpur,1,13,4.27,5,6,8.48,21,0,50000,1,1,1,1,2.11,0,comparison_paralysis,1,0.89181966,High Risk,Comparison Paralysis
USR2088,36,Coimbatore,0,16,16.17,5,36,8.04,48,0,200000,0,3,1,0,1.67,0,comparison_paralysis,1,0.85074604,High Risk,Comparison Paralysis
USR2089,43,Pune,1,7,16.16,1,24,6.77,27,0,200000,0,0,0,1,0.77,1,retained,0,0.01213308,Low Risk,Unclassified
USR2090,58,Bengaluru,1,13,15.0,6,24,8.43,15,0,10000,0,3,1,0,6.7,0,retained,0,0.041566003,Low Risk,Unclassified
USR2091,33,Jaipur,1,4,3.83,6,24,6.97,61,0,25000,0,4,1,0,4.46,1,inactive_browser,0,0.17859475,Low Risk,Unclassified
USR2092,59,Lucknow,1,9,9.57,3,3,7.74,35,0,200000,1,0,0,1,13.48,1,overwhelmed_firsttimer,1,0.9019287,High Risk,Overwhelmed First-Timer
USR2093,39,Lucknow,0,10,3.24,4,24,8.39,21,0,200000,1,5,1,0,13.07,1,retained,0,0.106689274,Low Risk,Unclassified
USR2094,56,Patna,1,9,18.15,6,3,8.85,10,0,500000,0,1,1,0,12.65,1,retained,0,0.02818971,Low Risk,Unclassified
USR2095,51,Surat,1,7,14.76,2,36,8.56,41,1,100000,1,1,0,0,13.08,0,retained,0,0.051356357,Low Risk,Unclassified
USR2096,45,Surat,1,15,11.65,2,6,8.51,54,0,25000,1,4,1,1,4.82,1,retained,0,0.09019172,Low Risk,Unclassified
USR2097,51,Bengaluru,0,8,8.2,1,6,6.95,34,1,50000,1,0,0,0,6.68,0,overwhelmed_firsttimer,1,0.5787118,Medium Risk,Overwhelmed First-Timer
USR2098,35,Patna,0,11,4.87,1,3,7.54,56,0,100000,1,1,0,0,5.02,1,overwhelmed_firsttimer,1,0.9703828,High Risk,Overwhelmed First-Timer
USR2099,27,Coimbatore,1,5,3.24,3,3,6.63,33,1,50000,0,0,1,0,1.75,1,retained,0,0.5136546,Medium Risk,Silent Churner
USR2100,24,Surat,0,2,21.35,4,36,8.66,3,0,10000,1,3,1,0,13.9,1,retained,0,0.013632431,Low Risk,Unclassified
USR2101,37,Patna,0,10,5.19,4,24,9.36,45,1,200000,0,2,1,0,9.43,0,kyc_dropout,1,0.94391644,High Risk,KYC Dropout
USR2102,28,Mumbai,1,16,2.26,5,36,7.29,10,1,500000,1,2,0,0,2.42,1,kyc_dropout,0,0.6165943,Medium Risk,KYC Dropout
USR2103,35,Chennai,1,13,21.2,1,6,6.76,60,0,100000,1,2,1,0,3.49,1,retained,0,0.14237271,Low Risk,Unclassified
USR2104,30,Bengaluru,1,8,12.53,6,6,7.93,34,1,50000,1,1,1,1,7.04,1,retained,0,0.13086388,Low Risk,Unclassified
USR2105,36,Patna,1,9,17.73,2,24,9.07,56,0,25000,1,4,1,1,1.25,1,retained,0,0.03279638,Low Risk,Unclassified
USR2106,42,Gorakhpur,1,11,1.92,6,6,8.16,10,1,10000,0,2,1,1,4.44,1,kyc_dropout,1,0.9260315,High Risk,KYC Dropout
USR2107,56,Bengaluru,1,11,12.91,2,3,6.64,11,0,10000,1,5,1,1,10.7,1,retained,1,0.06764513,Low Risk,Unclassified
USR2108,23,Lucknow,1,16,9.36,3,6,9.42,42,0,200000,1,4,0,0,13.85,1,overwhelmed_firsttimer,1,0.9396121,High Risk,Overwhelmed First-Timer
USR2109,48,Bhopal,0,10,17.21,2,12,8.99,18,0,200000,1,2,0,0,13.97,1,overwhelmed_firsttimer,1,0.9219106,High Risk,Overwhelmed First-Timer
USR2110,23,Jaipur,1,12,1.81,6,24,6.89,58,0,50000,1,3,0,0,8.04,1,comparison_paralysis,1,0.9805344,High Risk,Comparison Paralysis
USR2111,56,Nagpur,0,6,9.44,6,24,9.27,1,0,50000,1,2,1,0,5.03,1,retained,0,0.059768442,Low Risk,Unclassified
USR2112,39,Coimbatore,1,12,17.78,4,24,7.85,7,1,10000,1,4,0,0,13.85,1,kyc_dropout,1,0.9829995,High Risk,KYC Dropout
USR2113,35,Bengaluru,1,10,11.98,4,12,7.62,21,0,50000,0,1,1,0,11.91,1,retained,1,0.25283337,Low Risk,Unclassified
USR2114,41,Bengaluru,1,4,12.55,1,36,7.88,20,1,200000,0,5,0,0,9.01,1,kyc_dropout,1,0.97852635,High Risk,KYC Dropout
USR2115,39,Lucknow,0,9,3.04,6,3,9.0,28,0,10000,1,3,1,0,12.6,0,retained,0,0.29041108,Low Risk,Unclassified
USR2116,31,Nagpur,0,7,3.78,3,24,8.48,36,0,10000,1,4,0,0,7.15,0,inactive_browser,1,0.4438912,Medium Risk,Unclassified
USR2117,46,Bengaluru,1,8,15.22,2,6,6.68,28,0,25000,0,0,1,1,2.13,1,retained,0,0.026966471,Low Risk,Unclassified
USR2118,23,Nagpur,1,11,15.18,1,3,9.37,36,1,25000,1,2,1,0,14.1,1,kyc_dropout,1,0.91295934,High Risk,KYC Dropout
USR2119,46,Jaipur,1,7,21.56,5,6,6.94,20,0,50000,1,3,0,0,8.24,0,retained,0,0.029371837,Low Risk,Unclassified
USR2120,54,Patna,1,9,15.95,5,3,8.74,11,0,50000,1,1,1,0,10.58,1,retained,0,0.053433057,Low Risk,Unclassified
USR2121,57,Surat,1,8,11.36,2,3,8.41,47,0,200000,1,0,1,1,6.19,1,retained,0,0.049765218,Low Risk,Unclassified
USR2122,52,Patna,1,3,19.0,2,6,7.06,46,0,200000,0,2,1,0,2.47,1,retained,0,0.04150354,Low Risk,Unclassified
USR2123,35,Gorakhpur,1,17,3.19,2,6,7.01,14,1,25000,1,3,1,0,4.44,0,kyc_dropout,1,0.9142946,High Risk,KYC Dropout
USR2124,22,Nagpur,1,2,10.44,4,3,9.11,12,0,10000,1,5,0,0,1.13,1,retained,0,0.022375476,Low Risk,Unclassified
USR2125,37,Delhi,1,15,7.03,2,24,7.76,58,0,100000,1,4,1,0,1.77,0,retained,0,0.0996492,Low Risk,Unclassified
USR2126,24,Coimbatore,1,14,3.2,5,6,8.46,12,0,500000,1,2,1,0,3.47,0,retained,0,0.026872471,Low Risk,Unclassified
USR2127,56,Lucknow,1,16,17.03,2,12,8.01,18,0,500000,1,3,1,0,8.63,1,retained,0,0.03954835,Low Risk,Unclassified
USR2128,27,Patna,1,4,11.73,6,12,8.68,56,0,100000,1,2,0,0,14.9,0,retained,0,0.03597985,Low Risk,Unclassified
USR2129,46,Coimbatore,1,6,12.69,3,3,7.94,31,0,50000,1,5,0,0,12.73,0,retained,0,0.040892415,Low Risk,Unclassified
USR2130,34,Nagpur,1,6,9.64,5,36,7.36,20,0,500000,1,3,1,0,1.75,1,retained,1,0.34419,Low Risk,Unclassified
USR2131,55,Bengaluru,1,11,10.67,3,3,7.59,13,0,500000,1,4,0,0,12.71,1,overwhelmed_firsttimer,1,0.93414915,High Risk,Overwhelmed First-Timer
USR2132,29,Gorakhpur,1,17,3.44,5,3,9.08,23,0,100000,0,2,0,0,8.28,1,comparison_paralysis,1,0.8331063,High Risk,Comparison Paralysis
USR2133,42,Lucknow,0,3,15.13,1,24,7.9,48,0,100000,1,3,0,1,10.07,0,retained,0,0.092221804,Low Risk,Unclassified
USR2134,55,Jaipur,1,13,10.08,6,24,7.14,31,0,25000,0,0,1,1,2.38,1,comparison_paralysis,1,0.901833,High Risk,Comparison Paralysis
USR2135,25,Coimbatore,1,3,18.15,5,36,9.3,10,0,10000,1,1,0,0,6.23,1,retained,0,0.01849622,Low Risk,Unclassified
USR2136,46,Coimbatore,1,16,5.12,6,36,8.89,59,0,200000,0,5,1,0,13.32,1,comparison_paralysis,1,0.886393,High Risk,Comparison Paralysis
USR2137,36,Lucknow,0,15,5.31,5,36,6.67,60,0,25000,1,3,1,1,6.67,1,comparison_paralysis,0,0.5103213,Medium Risk,Comparison Paralysis
USR2138,25,Bengaluru,1,11,14.56,3,36,9.5,4,1,500000,0,3,0,0,2.34,1,kyc_dropout,1,0.9454392,High Risk,KYC Dropout
USR2139,33,Bhopal,1,15,18.77,3,36,8.58,35,0,200000,1,3,1,1,5.01,1,retained,0,0.10815883,Low Risk,Unclassified
USR2140,53,Jaipur,1,5,10.92,5,3,6.98,63,0,25000,0,2,1,0,3.71,1,retained,0,0.028628567,Low Risk,Unclassified
USR2141,53,Coimbatore,0,16,16.27,5,3,7.21,31,0,25000,1,5,0,0,10.46,1,comparison_paralysis,1,0.9792269,High Risk,Comparison Paralysis
USR2142,49,Jaipur,0,16,21.99,4,12,8.58,9,0,100000,1,1,0,1,13.71,1,overwhelmed_firsttimer,1,0.92619056,High Risk,Overwhelmed First-Timer
USR2143,34,Gorakhpur,1,17,21.8,6,12,8.84,20,1,200000,0,5,0,0,11.14,1,kyc_dropout,1,0.9650863,High Risk,KYC Dropout
USR2144,52,Nagpur,0,9,16.63,6,6,7.22,39,0,25000,1,2,1,0,12.73,1,retained,0,0.2057768,Low Risk,Unclassified
USR2145,35,Patna,1,3,16.53,6,3,7.27,41,0,100000,1,3,0,0,12.18,1,retained,0,0.08535507,Low Risk,Unclassified
USR2146,41,Gorakhpur,1,13,6.2,6,36,7.42,45,1,50000,1,5,1,1,0.71,1,kyc_dropout,1,0.9785493,High Risk,KYC Dropout
USR2147,39,Bhopal,1,3,18.5,1,6,8.29,40,1,200000,0,3,1,1,2.3,0,kyc_dropout,1,0.98628414,High Risk,KYC Dropout
USR2148,50,Surat,0,7,9.51,1,24,7.02,3,1,25000,0,1,1,0,6.64,1,retained,0,0.017212633,Low Risk,Unclassified
USR2149,27,Chennai,0,6,21.2,2,3,6.81,13,0,500000,0,0,1,0,2.13,1,retained,0,0.07185158,Low Risk,Unclassified
USR2150,53,Pune,1,9,2.71,5,12,8.54,13,1,50000,0,2,0,0,11.16,1,kyc_dropout,1,0.7623916,High Risk,KYC Dropout
USR2151,50,Surat,1,12,10.15,5,3,8.84,52,0,100000,0,0,0,1,1.52,1,comparison_paralysis,1,0.8252791,High Risk,Comparison Paralysis
USR2152,23,Chennai,0,15,12.67,5,3,8.0,28,0,25000,1,5,0,0,6.54,1,comparison_paralysis,1,0.96474385,High Risk,Comparison Paralysis
USR2153,44,Surat,1,3,9.51,5,3,7.59,22,0,500000,1,3,1,0,6.19,0,retained,0,0.053918608,Low Risk,Unclassified
USR2154,40,Nagpur,1,10,5.42,6,3,7.8,30,0,100000,0,3,1,1,8.38,0,comparison_paralysis,1,0.899952,High Risk,Comparison Paralysis
USR2155,52,Jaipur,1,1,13.45,6,24,7.67,60,0,100000,0,4,1,0,9.63,0,retained,0,0.049611468,Low Risk,Unclassified
USR2156,26,Nagpur,1,13,16.87,1,12,9.38,22,1,500000,1,4,0,1,14.23,1,kyc_dropout,1,0.99536884,High Risk,KYC Dropout
USR2157,40,Surat,0,12,14.54,3,3,8.8,7,0,100000,0,0,0,0,4.43,1,retained,0,0.067988314,Low Risk,Unclassified
USR2158,55,Coimbatore,0,1,5.92,4,24,7.12,15,1,200000,1,4,1,0,10.16,1,kyc_dropout,1,0.93216544,High Risk,KYC Dropout
USR2159,31,Patna,1,16,16.36,6,6,7.65,25,0,50000,0,5,1,0,1.01,1,comparison_paralysis,1,0.51858276,Medium Risk,Comparison Paralysis
USR2160,46,Surat,0,15,6.39,6,3,8.13,28,0,50000,1,1,0,0,0.51,0,comparison_paralysis,1,0.970247,High Risk,Comparison Paralysis
USR2161,23,Pune,1,16,4.68,6,24,8.34,5,0,10000,1,5,1,0,0.87,0,retained,0,0.033612203,Low Risk,Unclassified
USR2162,32,Coimbatore,1,11,15.5,3,36,7.9,36,0,25000,1,0,0,0,7.01,1,overwhelmed_firsttimer,1,0.8598006,High Risk,Overwhelmed First-Timer
USR2163,52,Nagpur,1,6,18.7,3,6,8.93,32,0,100000,0,5,0,0,8.55,1,retained,0,0.030398251,Low Risk,Unclassified
USR2164,36,Mumbai,1,11,11.11,1,12,8.8,45,0,25000,0,4,1,0,0.59,0,retained,0,0.03737769,Low Risk,Unclassified
USR2165,30,Surat,1,3,12.16,6,3,8.02,60,0,50000,1,4,1,0,6.25,0,retained,0,0.028231982,Low Risk,Unclassified
USR2166,44,Bhopal,1,15,7.36,4,3,9.06,40,0,50000,1,1,0,1,1.09,1,overwhelmed_firsttimer,1,0.9550674,High Risk,Comparison Paralysis
USR2167,40,Mumbai,1,1,11.39,5,24,8.75,17,1,100000,1,5,1,1,9.97,0,kyc_dropout,1,0.96344805,High Risk,KYC Dropout
USR2168,30,Lucknow,0,7,3.77,6,12,8.84,15,0,200000,1,1,1,0,9.65,0,retained,0,0.021814093,Low Risk,Unclassified
USR2169,56,Gorakhpur,0,1,21.07,1,36,9.37,50,0,500000,0,0,1,0,11.87,1,retained,0,0.047813263,Low Risk,Unclassified
USR2170,42,Pune,1,17,17.81,1,6,7.3,36,0,100000,1,2,1,1,8.42,0,retained,0,0.14096722,Low Risk,Unclassified
USR2171,30,Gorakhpur,1,9,15.03,4,12,7.3,13,0,100000,0,5,0,0,9.53,1,retained,0,0.055077795,Low Risk,Unclassified
USR2172,49,Chennai,0,13,12.3,2,3,9.17,29,1,10000,1,5,0,1,4.55,1,kyc_dropout,0,0.9960233,High Risk,KYC Dropout
USR2173,28,Delhi,0,11,17.64,1,24,8.82,59,1,500000,0,1,1,0,1.74,1,retained,0,0.117310956,Low Risk,Unclassified
USR2174,37,Patna,1,6,11.39,3,36,9.28,52,1,200000,0,4,1,0,11.19,1,kyc_dropout,1,0.98141176,High Risk,KYC Dropout
USR2175,37,Jaipur,0,1,7.3,3,24,6.69,35,0,25000,1,0,0,1,9.37,1,retained,0,0.07556832,Low Risk,Unclassified
USR2176,54,Pune,1,7,4.37,5,6,8.38,29,1,500000,1,2,1,0,14.11,1,kyc_dropout,1,0.85758513,High Risk,KYC Dropout
USR2177,25,Bengaluru,0,12,14.6,1,12,6.93,63,0,200000,1,5,1,0,14.84,0,retained,0,0.09885017,Low Risk,Unclassified
USR2178,25,Bengaluru,1,17,20.52,5,24,8.01,13,0,100000,1,0,1,0,12.79,1,retained,0,0.04588699,Low Risk,Unclassified
USR2179,60,Bhopal,1,4,4.23,1,24,6.97,22,0,100000,1,4,1,0,14.79,1,retained,0,0.028993996,Low Risk,Unclassified
USR2180,61,Delhi,1,3,4.78,4,3,6.88,47,1,100000,0,2,1,0,9.89,0,kyc_dropout,0,0.31249726,Low Risk,Unclassified
USR2181,38,Mumbai,1,1,10.11,6,24,6.54,27,0,100000,0,2,0,0,1.83,1,retained,0,0.12362493,Low Risk,Unclassified
USR2182,58,Bhopal,0,15,17.94,1,36,8.39,6,0,100000,1,1,1,0,1.8,0,retained,0,0.07227734,Low Risk,Unclassified
USR2183,60,Gorakhpur,1,8,7.17,2,12,7.58,41,1,500000,1,3,0,1,12.2,1,kyc_dropout,1,0.98406607,High Risk,KYC Dropout
USR2184,50,Lucknow,1,1,6.33,3,6,6.82,9,0,500000,1,4,1,0,3.93,1,retained,0,0.030999642,Low Risk,Unclassified
USR2185,57,Bhopal,0,14,14.02,4,24,7.47,43,0,500000,0,3,1,0,1.38,0,retained,0,0.057244763,Low Risk,Unclassified
USR2186,59,Mumbai,0,4,12.25,6,36,7.01,12,0,200000,1,4,0,0,7.35,0,retained,0,0.06647882,Low Risk,Unclassified
USR2187,60,Nagpur,0,5,2.26,6,6,9.33,32,0,100000,1,0,0,1,5.06,0,retained,1,0.77684647,High Risk,Silent Churner
USR2188,58,Bhopal,1,13,2.71,3,36,7.46,31,1,50000,0,3,0,0,9.03,1,kyc_dropout,1,0.94268674,High Risk,KYC Dropout
USR2189,56,Nagpur,1,15,14.5,6,24,7.5,47,0,500000,1,5,1,1,9.2,0,comparison_paralysis,1,0.8944269,High Risk,Comparison Paralysis
USR2190,28,Patna,1,6,10.77,5,24,9.02,4,1,50000,1,5,0,0,10.38,1,kyc_dropout,1,0.9703645,High Risk,KYC Dropout
USR2191,48,Patna,0,1,21.39,4,12,8.44,60,0,10000,1,5,0,0,8.86,0,retained,0,0.038847897,Low Risk,Unclassified
USR2192,49,Gorakhpur,0,13,15.25,2,3,8.63,2,1,25000,1,2,1,1,6.02,1,kyc_dropout,1,0.82334363,High Risk,KYC Dropout
USR2193,43,Jaipur,1,6,1.21,3,36,8.41,23,0,500000,1,1,0,0,0.84,1,retained,0,0.048076328,Low Risk,Unclassified
USR2194,35,Jaipur,1,15,11.1,1,3,9.34,33,1,50000,1,4,0,0,13.62,1,kyc_dropout,1,0.9959751,High Risk,KYC Dropout
USR2195,28,Jaipur,1,16,9.7,1,3,7.12,41,0,10000,0,1,1,1,5.24,1,retained,0,0.07823632,Low Risk,Unclassified
USR2196,58,Gorakhpur,1,16,3.24,1,6,9.47,19,1,200000,1,4,1,0,7.85,1,kyc_dropout,1,0.95580256,High Risk,KYC Dropout
USR2197,43,Nagpur,1,10,20.39,4,6,8.99,40,0,25000,1,5,0,1,8.58,1,overwhelmed_firsttimer,1,0.90262914,High Risk,Comparison Paralysis
USR2198,26,Mumbai,1,9,17.91,2,36,8.27,19,0,100000,1,2,1,0,5.07,1,retained,0,0.030517764,Low Risk,Unclassified
USR2199,23,Coimbatore,1,9,5.83,6,3,8.49,5,0,500000,0,2,1,0,4.97,1,retained,0,0.019300064,Low Risk,Unclassified
USR2200,48,Lucknow,0,17,6.38,2,12,8.45,56,1,500000,1,2,1,0,4.28,1,kyc_dropout,1,0.8909644,High Risk,KYC Dropout
USR2201,42,Coimbatore,1,17,1.67,2,3,6.68,41,0,100000,0,2,1,1,4.03,1,inactive_browser,1,0.8736402,High Risk,Silent Churner
USR2202,59,Jaipur,1,17,7.23,3,6,7.15,24,0,200000,0,2,1,0,0.94,1,retained,0,0.059642974,Low Risk,Unclassified
USR2203,36,Jaipur,1,12,13.28,4,3,9.38,40,1,25000,1,5,1,0,14.39,0,kyc_dropout,1,0.94440454,High Risk,KYC Dropout
USR2204,42,Bhopal,1,13,9.84,1,24,8.1,40,1,500000,1,1,0,0,9.13,1,overwhelmed_firsttimer,1,0.9452648,High Risk,Overwhelmed First-Timer
USR2205,31,Coimbatore,1,12,21.35,3,24,7.64,2,0,50000,1,0,1,1,2.07,0,retained,0,0.06139333,Low Risk,Unclassified
USR2206,44,Bengaluru,1,14,2.18,6,12,8.79,42,0,25000,1,3,1,1,9.08,1,comparison_paralysis,1,0.96294546,High Risk,Comparison Paralysis
USR2207,60,Patna,0,10,13.42,2,36,8.07,45,0,10000,0,1,1,1,3.87,1,retained,0,0.10291749,Low Risk,Unclassified
USR2208,26,Patna,0,2,19.02,1,3,6.54,56,1,500000,1,5,1,0,5.0,0,kyc_dropout,1,0.9682463,High Risk,KYC Dropout
USR2209,22,Bhopal,0,4,11.1,4,24,8.71,50,1,200000,0,3,0,0,12.12,1,kyc_dropout,1,0.94994867,High Risk,KYC Dropout
USR2210,34,Bhopal,1,7,1.06,5,36,8.7,4,1,50000,1,0,0,1,13.34,0,retained,0,0.083780274,Low Risk,Unclassified
USR2211,42,Mumbai,1,15,6.1,2,24,7.0,14,0,25000,1,4,0,0,10.65,1,overwhelmed_firsttimer,1,0.8977063,High Risk,Overwhelmed First-Timer
USR2212,47,Gorakhpur,1,15,7.8,2,36,9.37,38,0,25000,1,0,0,1,14.02,1,overwhelmed_firsttimer,1,0.95793486,High Risk,Overwhelmed First-Timer
USR2213,42,Patna,1,6,21.29,2,36,7.17,37,0,50000,1,0,1,0,13.62,1,retained,0,0.011384972,Low Risk,Unclassified
USR2214,39,Jaipur,0,3,20.15,2,24,7.87,38,0,10000,1,5,1,0,8.49,1,retained,0,0.022109268,Low Risk,Unclassified
USR2215,58,Bhopal,0,6,20.93,1,6,6.84,51,1,10000,1,4,1,0,13.66,0,kyc_dropout,0,0.46379212,Medium Risk,Unclassified
USR2216,53,Delhi,1,16,18.34,4,36,8.31,2,0,25000,1,3,1,1,8.4,1,retained,0,0.057208516,Low Risk,Unclassified
USR2217,57,Gorakhpur,1,2,8.38,3,3,7.63,28,0,100000,0,2,0,1,2.01,1,retained,1,0.3719111,Low Risk,Unclassified
USR2218,38,Bhopal,0,7,20.02,1,24,7.56,30,1,50000,1,4,1,0,12.53,0,kyc_dropout,1,0.96952987,High Risk,KYC Dropout
USR2219,56,Nagpur,1,11,21.62,4,6,8.98,44,0,500000,1,4,1,0,2.4,1,retained,0,0.100649826,Low Risk,Unclassified
USR2220,32,Surat,0,7,8.35,3,24,6.53,21,0,10000,1,0,1,1,5.08,1,retained,0,0.034589928,Low Risk,Unclassified
USR2221,42,Patna,0,4,6.47,2,12,8.89,9,1,500000,0,4,0,0,6.01,0,kyc_dropout,1,0.96605796,High Risk,KYC Dropout
USR2222,47,Mumbai,1,7,12.49,4,3,8.21,20,1,10000,0,1,0,0,12.21,1,retained,0,0.027942507,Low Risk,Unclassified
USR2223,25,Bhopal,1,4,4.93,2,12,9.46,16,1,10000,1,2,0,1,1.71,1,kyc_dropout,1,0.87139434,High Risk,KYC Dropout
USR2224,55,Coimbatore,1,12,1.69,4,36,8.27,6,0,200000,1,0,1,1,6.95,1,retained,0,0.043758452,Low Risk,Unclassified
USR2225,39,Surat,0,5,20.86,6,36,6.67,35,0,500000,1,3,0,0,6.83,0,retained,0,0.024873791,Low Risk,Unclassified
USR2226,61,Delhi,0,5,20.44,5,12,6.65,29,0,100000,0,3,1,0,8.94,1,retained,0,0.056667287,Low Risk,Unclassified
USR2227,56,Coimbatore,0,3,4.42,2,12,9.15,28,1,10000,0,3,1,0,5.63,1,kyc_dropout,1,0.9491342,High Risk,KYC Dropout
USR2228,50,Nagpur,0,11,9.56,2,36,9.02,32,0,100000,1,3,1,0,8.87,0,retained,0,0.08922027,Low Risk,Unclassified
USR2229,50,Jaipur,0,7,18.45,2,6,7.54,58,1,25000,1,3,0,0,14.8,0,kyc_dropout,0,0.8812059,High Risk,KYC Dropout
USR2230,59,Bhopal,1,17,14.88,6,3,8.35,19,0,25000,1,0,1,1,1.54,1,retained,0,0.105229005,Low Risk,Unclassified
USR2231,42,Surat,1,9,9.29,1,24,7.97,28,0,200000,0,1,1,0,13.18,1,retained,0,0.07218412,Low Risk,Unclassified
USR2232,34,Pune,1,9,16.63,3,12,9.4,52,1,100000,1,1,0,0,4.98,1,overwhelmed_firsttimer,1,0.87598395,High Risk,Overwhelmed First-Timer
USR2233,38,Coimbatore,1,10,19.84,2,3,9.35,0,1,50000,1,3,1,0,7.25,1,kyc_dropout,1,0.97522163,High Risk,KYC Dropout
USR2234,30,Lucknow,0,13,20.45,2,24,9.45,33,0,200000,1,1,1,0,11.25,1,retained,1,0.4462074,Medium Risk,Unclassified
USR2235,22,Patna,1,15,8.96,1,24,9.1,43,1,10000,0,2,0,0,13.7,1,kyc_dropout,1,0.93767095,High Risk,KYC Dropout
USR2236,23,Bhopal,0,5,4.64,1,12,9.23,13,1,25000,1,1,1,1,0.63,1,retained,0,0.030051395,Low Risk,Unclassified
USR2237,50,Surat,1,3,20.17,5,6,7.15,36,1,25000,1,4,0,0,10.1,0,kyc_dropout,1,0.9345049,High Risk,KYC Dropout
USR2238,54,Bengaluru,0,8,2.94,4,6,8.99,34,1,50000,1,3,1,0,1.51,0,kyc_dropout,1,0.9344031,High Risk,KYC Dropout
USR2239,31,Surat,0,10,16.16,2,3,8.63,58,1,200000,1,4,1,0,8.12,1,kyc_dropout,1,0.94119114,High Risk,KYC Dropout
USR2240,61,Gorakhpur,1,13,3.95,4,3,9.39,23,1,100000,1,4,0,0,11.37,1,kyc_dropout,1,0.9900601,High Risk,KYC Dropout
USR2241,42,Patna,0,3,9.18,1,36,8.21,64,0,25000,1,3,0,0,2.96,1,retained,0,0.08933575,Low Risk,Unclassified
USR2242,49,Patna,1,8,9.64,1,6,6.76,5,0,10000,1,5,0,0,11.57,1,overwhelmed_firsttimer,1,0.8547121,High Risk,Overwhelmed First-Timer
USR2243,32,Surat,1,9,4.33,5,3,8.29,37,0,50000,1,0,1,0,4.99,0,retained,0,0.15928793,Low Risk,Unclassified
USR2244,55,Nagpur,1,12,20.38,3,36,8.56,0,0,50000,1,5,0,0,9.35,0,overwhelmed_firsttimer,1,0.8790277,High Risk,Overwhelmed First-Timer
USR2245,29,Coimbatore,1,11,1.06,6,24,7.16,40,0,500000,1,1,1,0,10.04,1,comparison_paralysis,1,0.9790658,High Risk,Comparison Paralysis
USR2246,43,Bhopal,0,2,19.77,6,3,7.68,30,0,50000,0,5,0,0,9.91,0,retained,0,0.039374746,Low Risk,Unclassified
USR2247,29,Bhopal,1,9,19.56,6,36,8.3,35,1,10000,0,2,0,0,0.77,1,kyc_dropout,1,0.81187105,High Risk,KYC Dropout
USR2248,36,Coimbatore,1,2,7.66,1,6,7.62,53,1,50000,1,5,0,0,2.71,1,kyc_dropout,1,0.97692966,High Risk,KYC Dropout
USR2249,38,Gorakhpur,0,2,15.79,2,24,7.62,30,0,100000,0,5,0,0,12.91,0,retained,0,0.037070386,Low Risk,Unclassified
USR2250,44,Surat,0,3,6.31,5,3,6.9,28,0,500000,1,0,0,0,14.13,0,retained,0,0.04050152,Low Risk,Unclassified
USR2251,45,Mumbai,1,16,16.93,3,6,9.32,2,1,100000,1,2,1,0,8.67,1,kyc_dropout,1,0.9591308,High Risk,KYC Dropout
USR2252,40,Lucknow,1,4,12.78,6,24,8.75,57,1,200000,1,5,1,0,9.16,1,kyc_dropout,1,0.9662939,High Risk,KYC Dropout
USR2253,26,Lucknow,1,10,7.3,5,12,6.5,60,1,200000,1,3,1,0,11.45,1,kyc_dropout,1,0.9828964,High Risk,KYC Dropout
USR2254,53,Gorakhpur,1,11,9.4,1,6,8.8,5,1,100000,1,1,0,1,6.39,1,overwhelmed_firsttimer,1,0.84794974,High Risk,Overwhelmed First-Timer
USR2255,22,Gorakhpur,1,17,15.49,6,12,8.72,19,1,10000,0,5,1,0,5.26,1,kyc_dropout,1,0.8855342,High Risk,KYC Dropout
USR2256,44,Patna,1,16,20.03,3,3,6.53,60,0,500000,1,0,1,0,11.64,1,retained,0,0.08930491,Low Risk,Unclassified
USR2257,58,Delhi,1,13,3.75,4,36,7.61,45,0,200000,1,3,1,1,0.91,1,inactive_browser,1,0.7446241,High Risk,Comparison Paralysis
USR2258,29,Bengaluru,1,2,13.0,3,3,8.32,12,1,50000,1,0,0,0,13.34,1,retained,0,0.044547744,Low Risk,Unclassified
USR2259,34,Gorakhpur,1,2,6.33,2,6,7.86,22,0,100000,1,4,0,0,6.89,1,retained,0,0.08420232,Low Risk,Unclassified
USR2260,29,Gorakhpur,0,14,17.83,6,12,8.83,30,1,25000,0,5,1,1,7.81,1,kyc_dropout,0,0.7704367,High Risk,KYC Dropout
USR2261,44,Lucknow,0,4,2.47,6,12,7.78,3,0,10000,0,1,1,0,9.7,1,retained,0,0.031761583,Low Risk,Unclassified
USR2262,22,Pune,1,17,15.47,4,24,6.96,15,1,10000,1,1,1,0,4.48,1,retained,0,0.08388294,Low Risk,Unclassified
USR2263,45,Coimbatore,0,13,4.67,4,3,9.43,30,0,100000,1,3,0,1,9.16,1,overwhelmed_firsttimer,1,0.96367526,High Risk,Comparison Paralysis
USR2264,56,Surat,0,4,13.52,6,3,7.23,47,0,25000,1,3,0,0,10.55,0,retained,0,0.03590817,Low Risk,Unclassified
USR2265,45,Bhopal,1,3,18.55,2,6,8.65,42,0,10000,1,3,1,0,2.21,0,retained,1,0.39504617,Low Risk,Unclassified
USR2266,38,Pune,0,12,16.86,4,12,6.93,3,1,500000,1,1,1,0,8.05,1,retained,0,0.11134796,Low Risk,Unclassified
USR2267,26,Nagpur,1,8,16.81,1,6,7.49,61,0,200000,0,5,1,0,5.28,1,retained,0,0.046326533,Low Risk,Unclassified
USR2268,41,Gorakhpur,1,2,11.87,6,6,7.83,47,1,500000,1,4,0,0,8.58,1,kyc_dropout,1,0.94976914,High Risk,KYC Dropout
USR2269,42,Delhi,1,6,19.71,3,12,7.08,27,1,25000,1,1,1,1,0.81,1,retained,0,0.04451376,Low Risk,Unclassified
USR2270,61,Nagpur,1,10,13.35,3,6,7.85,15,1,500000,1,3,0,0,11.27,1,kyc_dropout,1,0.9898163,High Risk,KYC Dropout
USR2271,52,Gorakhpur,1,12,20.27,2,12,6.97,29,1,50000,0,2,0,0,2.94,1,kyc_dropout,1,0.94293904,High Risk,KYC Dropout
USR2272,57,Nagpur,1,10,12.48,1,6,8.18,64,0,200000,0,5,1,0,10.5,0,retained,0,0.091797665,Low Risk,Unclassified
USR2273,32,Pune,1,10,11.63,4,36,8.49,13,0,25000,1,4,1,0,11.65,1,retained,1,0.040308375,Low Risk,Unclassified
USR2274,36,Jaipur,0,3,5.67,6,6,6.69,33,0,100000,0,1,0,1,11.41,1,retained,0,0.066516384,Low Risk,Unclassified
USR2275,40,Patna,0,10,12.44,3,6,9.11,55,1,10000,1,2,1,0,12.35,1,kyc_dropout,1,0.9227682,High Risk,KYC Dropout
USR2276,28,Lucknow,1,9,3.95,3,36,7.06,28,1,200000,1,5,1,0,4.96,0,kyc_dropout,1,0.95090574,High Risk,KYC Dropout
USR2277,49,Bengaluru,0,14,19.26,3,3,7.18,24,0,100000,0,4,1,0,14.52,1,retained,0,0.07670317,Low Risk,Unclassified
USR2278,26,Gorakhpur,1,2,15.19,3,12,8.48,39,0,25000,1,1,0,1,0.85,0,retained,0,0.02071038,Low Risk,Unclassified
USR2279,26,Coimbatore,1,5,21.87,5,24,7.91,14,0,50000,0,5,0,0,7.48,1,retained,0,0.015172325,Low Risk,Unclassified
USR2280,51,Lucknow,1,8,2.93,2,36,8.0,31,0,10000,1,5,1,0,4.42,0,retained,0,0.13284932,Low Risk,Unclassified
USR2281,53,Pune,1,7,6.05,4,3,6.88,19,0,10000,0,3,1,1,11.23,1,retained,0,0.019709881,Low Risk,Unclassified
USR2282,29,Lucknow,1,6,19.42,6,6,8.92,52,0,200000,1,1,1,0,12.18,1,retained,0,0.034524206,Low Risk,Unclassified
USR2283,31,Surat,1,11,9.3,6,3,8.35,48,0,100000,1,5,0,0,12.42,1,comparison_paralysis,0,0.85571563,High Risk,Comparison Paralysis
USR2284,59,Gorakhpur,1,12,10.79,6,36,6.91,0,0,25000,0,4,1,0,4.81,0,retained,0,0.05792376,Low Risk,Unclassified
USR2285,53,Chennai,1,10,19.07,4,6,7.62,38,0,25000,1,3,1,0,4.48,1,retained,0,0.11157268,Low Risk,Unclassified
USR2286,49,Bhopal,0,14,11.96,2,3,8.93,60,0,100000,0,5,1,1,10.32,0,retained,0,0.08264339,Low Risk,Unclassified
USR2287,38,Bengaluru,1,3,5.06,1,24,8.21,54,0,10000,1,0,1,0,13.96,1,retained,0,0.040744863,Low Risk,Unclassified
USR2288,52,Gorakhpur,0,15,19.73,2,12,6.83,1,0,100000,1,2,1,0,4.19,0,retained,0,0.06006059,Low Risk,Unclassified
USR2289,29,Chennai,1,6,1.65,3,12,7.62,16,0,500000,1,5,0,0,13.7,1,retained,0,0.058420423,Low Risk,Unclassified
USR2290,61,Bengaluru,0,10,19.8,3,36,7.23,28,0,25000,0,3,1,0,9.08,1,retained,0,0.057634067,Low Risk,Unclassified
USR2291,46,Bhopal,1,12,2.06,2,6,8.05,3,0,100000,0,3,1,0,11.2,0,retained,0,0.039796326,Low Risk,Unclassified
USR2292,30,Gorakhpur,1,7,14.98,2,6,9.03,63,0,10000,1,4,1,0,6.88,1,retained,0,0.014444335,Low Risk,Unclassified
USR2293,23,Patna,1,17,2.51,4,12,7.81,42,1,200000,0,5,1,0,12.2,1,kyc_dropout,1,0.991433,High Risk,KYC Dropout
USR2294,36,Chennai,0,1,15.83,4,3,7.8,11,0,500000,1,5,0,0,14.57,0,retained,0,0.03574759,Low Risk,Unclassified
USR2295,24,Bhopal,1,15,1.71,5,6,9.22,49,0,10000,0,4,1,0,2.97,1,comparison_paralysis,1,0.9570588,High Risk,Comparison Paralysis
USR2296,57,Delhi,1,1,18.69,6,24,8.23,60,0,50000,1,2,1,0,6.09,1,retained,0,0.040306788,Low Risk,Unclassified
USR2297,25,Patna,1,5,10.78,5,24,8.2,50,0,50000,1,4,0,0,13.01,1,retained,0,0.043104734,Low Risk,Unclassified
USR2298,35,Jaipur,0,15,2.96,6,6,7.29,4,1,100000,1,3,1,0,3.06,1,kyc_dropout,1,0.8925462,High Risk,KYC Dropout
USR2299,46,Surat,0,3,15.84,3,6,8.32,27,0,10000,1,2,1,0,6.49,0,retained,0,0.016723974,Low Risk,Unclassified
USR2300,31,Lucknow,0,1,11.28,5,12,8.23,9,0,10000,1,2,0,0,2.91,1,retained,0,0.07184386,Low Risk,Unclassified
USR2301,42,Nagpur,1,8,5.01,5,36,7.69,51,0,25000,0,1,0,1,9.9,1,retained,0,0.23822454,Low Risk,Unclassified
USR2302,57,Lucknow,1,12,1.33,1,12,9.47,16,0,200000,1,3,0,0,3.96,0,overwhelmed_firsttimer,1,0.95612025,High Risk,Overwhelmed First-Timer
USR2303,33,Nagpur,1,12,9.78,2,36,9.15,64,0,500000,0,3,0,0,6.02,0,retained,0,0.215274,Low Risk,Unclassified
USR2304,48,Nagpur,1,13,2.8,4,24,8.75,20,0,10000,1,4,0,0,7.62,1,overwhelmed_firsttimer,1,0.92400044,High Risk,Comparison Paralysis
USR2305,61,Lucknow,1,1,2.98,5,36,8.11,53,0,500000,1,3,1,0,4.81,1,inactive_browser,1,0.90347636,High Risk,Silent Churner
USR2306,23,Surat,1,6,6.61,4,12,7.89,48,0,100000,0,5,0,1,10.36,0,retained,0,0.07501685,Low Risk,Unclassified
USR2307,34,Delhi,0,8,14.24,6,6,7.05,21,1,25000,1,4,1,0,2.11,0,kyc_dropout,1,0.96959937,High Risk,KYC Dropout
USR2308,53,Nagpur,0,4,12.13,5,36,7.42,63,1,500000,0,3,0,0,13.26,0,kyc_dropout,1,0.9260467,High Risk,KYC Dropout
USR2309,52,Pune,1,5,2.45,6,12,8.82,35,0,500000,1,5,1,0,7.48,1,retained,0,0.18301469,Low Risk,Unclassified
USR2310,37,Nagpur,0,7,21.34,5,24,7.86,20,0,500000,1,1,0,1,8.81,0,retained,0,0.030708648,Low Risk,Unclassified
USR2311,53,Gorakhpur,0,4,19.63,3,36,9.15,55,0,500000,0,3,1,0,9.52,1,retained,0,0.034678027,Low Risk,Unclassified
USR2312,53,Nagpur,1,4,6.44,1,24,6.94,47,0,500000,1,1,0,0,1.37,0,retained,0,0.03723124,Low Risk,Unclassified
USR2313,55,Gorakhpur,0,15,3.57,6,24,8.03,17,1,25000,1,3,0,1,11.48,1,kyc_dropout,0,0.6990572,Medium Risk,KYC Dropout
USR2314,32,Mumbai,1,5,20.79,2,3,8.44,14,0,100000,1,3,0,1,14.22,0,retained,0,0.024906902,Low Risk,Unclassified
USR2315,31,Coimbatore,1,9,10.68,2,36,8.05,43,0,500000,0,0,1,0,8.04,1,retained,0,0.0363101,Low Risk,Unclassified
USR2316,36,Patna,1,2,7.53,3,12,9.17,44,0,500000,1,5,0,0,6.17,1,retained,0,0.21374904,Low Risk,Unclassified
USR2317,38,Delhi,0,7,11.3,3,36,9.47,35,1,100000,1,3,1,0,11.88,1,kyc_dropout,1,0.9276245,High Risk,KYC Dropout
USR2318,61,Coimbatore,0,17,17.23,2,36,6.85,39,0,10000,0,1,0,0,10.95,0,retained,1,0.62337476,Medium Risk,Unclassified
USR2319,39,Bengaluru,1,16,4.54,6,24,6.89,50,1,10000,0,2,0,0,9.94,1,kyc_dropout,1,0.92196316,High Risk,KYC Dropout
USR2320,30,Jaipur,0,17,17.12,2,24,6.89,29,1,25000,1,1,0,1,14.5,0,overwhelmed_firsttimer,1,0.9507497,High Risk,Overwhelmed First-Timer
USR2321,46,Patna,1,2,16.74,1,24,8.54,25,0,25000,0,5,1,0,8.94,0,retained,0,0.016005406,Low Risk,Unclassified
USR2322,61,Surat,0,11,12.33,5,24,7.62,30,1,200000,1,3,0,1,4.1,0,kyc_dropout,1,0.9959674,High Risk,KYC Dropout
USR2323,35,Patna,1,2,19.18,1,12,8.7,55,0,25000,1,4,0,0,0.86,1,retained,0,0.059666965,Low Risk,Unclassified
USR2324,46,Surat,0,1,3.78,2,6,7.72,60,1,100000,0,0,1,1,7.08,0,inactive_browser,1,0.8948359,High Risk,Silent Churner
USR2325,43,Coimbatore,0,2,13.51,5,3,8.38,16,1,500000,1,4,0,0,9.96,1,kyc_dropout,1,0.9642166,High Risk,KYC Dropout
USR2326,51,Jaipur,1,9,10.44,2,24,8.81,23,0,100000,1,0,1,1,3.0,0,retained,0,0.049039114,Low Risk,Unclassified
USR2327,41,Patna,1,2,9.87,1,24,8.14,3,0,200000,1,0,0,0,0.87,1,retained,0,0.08118821,Low Risk,Unclassified
USR2328,42,Surat,1,15,6.3,1,3,8.12,8,1,50000,1,4,1,0,13.68,1,kyc_dropout,1,0.94312483,High Risk,KYC Dropout
USR2329,53,Coimbatore,1,10,8.82,6,24,6.76,1,0,50000,1,5,1,0,4.88,1,retained,0,0.07995862,Low Risk,Unclassified
USR2330,42,Chennai,1,15,3.27,6,6,7.73,34,0,100000,1,3,0,1,7.26,1,comparison_paralysis,1,0.9810189,High Risk,Comparison Paralysis
USR2331,56,Coimbatore,1,10,6.28,1,36,8.14,37,0,50000,0,1,0,0,1.82,1,retained,0,0.13995883,Low Risk,Unclassified
USR2332,53,Surat,1,17,6.71,5,3,7.89,44,1,50000,0,4,1,1,6.03,1,kyc_dropout,1,0.9920942,High Risk,KYC Dropout
USR2333,51,Chennai,0,9,16.13,6,12,9.2,14,1,200000,0,2,1,0,6.64,1,kyc_dropout,1,0.9357569,High Risk,KYC Dropout
USR2334,60,Coimbatore,0,4,2.02,6,3,9.22,41,0,500000,1,0,1,1,13.59,1,inactive_browser,1,0.9339932,High Risk,Silent Churner
USR2335,33,Patna,1,9,14.68,4,6,8.97,2,1,25000,1,1,1,1,13.05,0,retained,0,0.03453753,Low Risk,Unclassified
USR2336,39,Jaipur,1,16,5.65,4,12,7.63,30,0,25000,0,2,0,0,3.24,1,retained,0,0.23078774,Low Risk,Unclassified
USR2337,42,Gorakhpur,1,4,2.72,6,36,8.65,51,1,50000,1,1,1,0,8.56,1,inactive_browser,1,0.8295328,High Risk,Silent Churner
USR2338,34,Chennai,0,16,7.32,2,24,7.69,40,0,10000,0,3,1,0,11.1,1,retained,0,0.08668283,Low Risk,Unclassified
USR2339,42,Mumbai,0,1,5.71,5,3,7.2,56,0,200000,1,2,1,0,4.73,1,retained,0,0.15360616,Low Risk,Unclassified
USR2340,29,Patna,1,6,12.59,3,12,7.53,41,0,500000,0,5,1,0,6.22,0,retained,0,0.05662343,Low Risk,Unclassified
USR2341,61,Bhopal,1,10,8.5,6,3,6.71,52,0,500000,1,5,1,0,14.78,1,comparison_paralysis,1,0.76828283,High Risk,Comparison Paralysis
USR2342,28,Gorakhpur,1,16,21.29,4,36,7.5,55,0,50000,0,4,1,0,11.52,1,retained,0,0.04411293,Low Risk,Unclassified
USR2343,44,Surat,0,4,21.23,5,3,7.88,52,1,10000,0,1,1,0,6.84,0,retained,0,0.051012512,Low Risk,Unclassified
USR2344,53,Nagpur,1,13,10.32,5,12,9.37,31,0,10000,0,5,0,0,8.24,1,comparison_paralysis,1,0.8077847,High Risk,Comparison Paralysis
USR2345,32,Nagpur,0,16,17.7,4,6,7.44,53,1,500000,1,5,0,0,9.57,1,kyc_dropout,1,0.99294186,High Risk,KYC Dropout
USR2346,43,Pune,1,6,1.28,5,12,9.21,36,0,200000,1,4,0,0,7.73,1,inactive_browser,1,0.8928018,High Risk,Overwhelmed First-Timer
USR2347,43,Bhopal,1,11,12.5,5,3,7.19,7,1,25000,0,4,1,1,6.47,1,kyc_dropout,1,0.9284087,High Risk,KYC Dropout
USR2348,46,Lucknow,1,3,16.61,4,36,7.07,10,0,500000,0,5,1,0,5.71,1,retained,0,0.0118578905,Low Risk,Unclassified
USR2349,43,Jaipur,0,10,5.56,1,24,8.06,53,1,500000,1,1,0,0,2.95,1,overwhelmed_firsttimer,1,0.9121068,High Risk,Overwhelmed First-Timer
USR2350,49,Surat,1,1,2.28,6,24,8.52,59,1,100000,1,1,0,0,14.62,1,inactive_browser,1,0.923997,High Risk,Silent Churner
USR2351,50,Bhopal,1,11,4.27,2,36,6.63,9,1,10000,1,0,0,0,1.83,1,overwhelmed_firsttimer,1,0.90466905,High Risk,Overwhelmed First-Timer
USR2352,34,Coimbatore,0,12,10.28,3,3,7.16,41,1,100000,1,0,0,0,9.21,0,overwhelmed_firsttimer,1,0.8993211,High Risk,Overwhelmed First-Timer
USR2353,39,Gorakhpur,1,14,11.63,2,36,7.87,36,0,100000,1,2,1,0,14.41,1,retained,0,0.07948821,Low Risk,Unclassified
USR2354,23,Nagpur,1,8,9.0,1,3,7.49,57,0,200000,1,2,1,0,5.94,1,retained,0,0.05395075,Low Risk,Unclassified
USR2355,50,Bengaluru,1,11,10.24,1,12,8.64,58,1,500000,1,2,1,0,4.16,1,kyc_dropout,1,0.89215076,High Risk,KYC Dropout
USR2356,42,Gorakhpur,1,4,10.87,5,6,8.03,23,1,25000,0,0,1,0,14.36,1,retained,0,0.037302386,Low Risk,Unclassified
USR2357,36,Lucknow,1,7,17.16,2,3,6.98,27,0,200000,1,4,1,0,12.13,1,retained,0,0.025872827,Low Risk,Unclassified
USR2358,48,Chennai,1,10,3.21,1,24,9.18,36,0,10000,0,5,1,1,10.0,0,inactive_browser,1,0.81159335,High Risk,Silent Churner
USR2359,52,Patna,1,4,17.15,2,24,7.38,20,1,25000,0,3,1,0,9.37,1,kyc_dropout,0,0.8057588,High Risk,KYC Dropout
USR2360,36,Surat,0,2,15.46,1,6,8.69,32,0,500000,0,3,1,0,5.72,1,retained,0,0.043338418,Low Risk,Unclassified
USR2361,44,Patna,1,14,16.57,3,3,8.84,1,0,50000,0,5,1,0,9.8,0,retained,0,0.015548911,Low Risk,Unclassified
USR2362,45,Bengaluru,1,16,16.42,1,6,9.39,27,0,25000,0,1,1,1,11.01,0,retained,0,0.065087765,Low Risk,Unclassified
USR2363,34,Nagpur,1,11,10.88,2,12,8.0,14,0,200000,1,0,0,0,0.96,1,overwhelmed_firsttimer,1,0.89937246,High Risk,Overwhelmed First-Timer
USR2364,43,Mumbai,1,10,5.44,5,6,8.35,0,0,200000,1,1,1,0,2.21,0,retained,0,0.10307235,Low Risk,Unclassified
USR2365,58,Chennai,1,17,12.27,2,12,7.5,27,1,100000,1,3,0,0,5.07,1,kyc_dropout,1,0.9900704,High Risk,KYC Dropout
USR2366,54,Jaipur,1,14,21.12,4,24,8.53,49,1,500000,0,1,0,1,5.19,1,retained,0,0.1933903,Low Risk,Unclassified
USR2367,24,Jaipur,1,4,13.36,2,12,7.89,34,1,50000,0,0,0,0,13.56,1,retained,0,0.026559401,Low Risk,Unclassified
USR2368,40,Nagpur,1,2,1.23,3,3,7.81,27,1,500000,1,0,0,0,10.43,0,retained,0,0.119119056,Low Risk,Unclassified
USR2369,44,Jaipur,1,7,2.25,6,3,9.07,8,0,25000,1,0,1,0,5.92,1,retained,0,0.011268363,Low Risk,Unclassified
USR2370,50,Jaipur,0,9,21.85,3,3,6.65,23,1,50000,1,3,0,0,12.23,1,kyc_dropout,1,0.99163204,High Risk,KYC Dropout
USR2371,51,Coimbatore,0,16,2.51,3,3,9.15,62,1,500000,1,0,1,0,5.19,0,inactive_browser,1,0.891902,High Risk,Silent Churner
USR2372,60,Jaipur,1,16,1.97,1,36,9.06,3,1,100000,1,2,0,0,14.87,1,kyc_dropout,1,0.975205,High Risk,KYC Dropout
USR2373,46,Chennai,1,11,8.41,3,12,8.02,55,1,50000,0,2,1,0,11.83,0,kyc_dropout,1,0.91073215,High Risk,KYC Dropout
USR2374,58,Pune,1,7,21.36,2,3,7.97,40,0,50000,1,5,1,0,12.22,1,retained,0,0.028008046,Low Risk,Unclassified
USR2375,29,Gorakhpur,1,9,7.69,6,6,7.59,47,0,25000,0,0,0,1,4.28,1,retained,0,0.32973927,Low Risk,Unclassified
USR2376,37,Delhi,1,4,9.61,5,6,9.48,57,0,50000,0,2,1,0,2.6,0,retained,0,0.06269341,Low Risk,Unclassified
USR2377,29,Mumbai,1,13,14.32,3,36,6.83,38,1,100000,1,0,1,0,6.15,1,retained,0,0.040863335,Low Risk,Unclassified
USR2378,22,Gorakhpur,1,4,1.51,2,12,8.27,24,0,10000,1,3,1,0,5.35,0,retained,0,0.044251364,Low Risk,Unclassified
USR2379,26,Bhopal,1,2,19.85,1,12,8.55,59,1,10000,1,2,1,0,11.66,1,kyc_dropout,0,0.5405509,Medium Risk,KYC Dropout
USR2380,24,Coimbatore,1,9,11.91,1,12,9.3,46,0,200000,0,3,1,1,3.03,1,retained,0,0.0621728,Low Risk,Unclassified
USR2381,22,Mumbai,1,12,10.8,5,36,8.84,60,1,10000,1,2,0,0,8.15,0,kyc_dropout,1,0.97145724,High Risk,KYC Dropout
USR2382,25,Surat,1,2,19.08,5,12,8.43,26,0,25000,1,4,1,1,9.61,0,retained,0,0.014269131,Low Risk,Unclassified
USR2383,61,Surat,1,6,21.01,2,12,6.85,41,0,200000,0,4,1,0,6.08,1,retained,0,0.021508569,Low Risk,Unclassified
USR2384,56,Delhi,0,5,9.89,5,3,7.62,51,0,10000,1,5,0,0,3.41,1,retained,0,0.078803435,Low Risk,Unclassified
USR2385,53,Nagpur,1,5,4.62,5,12,6.92,47,0,10000,1,5,1,0,13.49,1,retained,0,0.03231508,Low Risk,Unclassified
USR2386,55,Lucknow,0,5,18.13,1,3,9.14,31,0,200000,1,5,1,1,2.51,1,retained,0,0.051431447,Low Risk,Unclassified
USR2387,46,Bengaluru,1,4,9.47,2,3,8.75,23,1,25000,1,3,0,0,4.91,1,kyc_dropout,1,0.93539214,High Risk,KYC Dropout
USR2388,31,Bengaluru,1,9,20.65,6,12,8.77,2,0,200000,1,2,1,1,11.47,1,retained,0,0.033428796,Low Risk,Unclassified
USR2389,42,Coimbatore,0,10,20.95,5,6,8.46,26,1,25000,1,4,1,1,9.28,1,kyc_dropout,1,0.97852224,High Risk,KYC Dropout
USR2390,60,Surat,1,16,3.41,2,24,8.02,39,0,25000,1,0,0,0,11.09,1,overwhelmed_firsttimer,1,0.95488626,High Risk,Overwhelmed First-Timer
USR2391,48,Coimbatore,1,10,21.09,3,6,6.95,22,1,500000,1,1,1,1,12.23,1,retained,0,0.10401481,Low Risk,Unclassified
USR2392,48,Pune,1,10,8.73,1,12,7.49,6,0,100000,1,4,1,0,13.48,0,retained,0,0.034664493,Low Risk,Unclassified
USR2393,23,Nagpur,1,10,14.57,6,12,6.91,36,1,10000,0,4,0,1,4.92,1,kyc_dropout,0,0.69817936,Medium Risk,KYC Dropout
USR2394,34,Nagpur,1,6,1.73,1,6,8.67,6,0,500000,1,0,1,0,7.38,1,retained,0,0.01279724,Low Risk,Unclassified
USR2395,30,Jaipur,1,17,19.67,1,12,6.98,21,1,10000,1,4,1,0,10.48,1,kyc_dropout,1,0.94505644,High Risk,KYC Dropout
USR2396,57,Nagpur,1,5,14.47,4,3,8.61,16,1,500000,1,4,1,0,12.02,1,kyc_dropout,1,0.9459541,High Risk,KYC Dropout
USR2397,43,Lucknow,1,6,14.51,2,36,8.58,18,0,50000,1,4,0,0,8.88,1,retained,0,0.04069621,Low Risk,Unclassified
USR2398,47,Nagpur,1,15,19.95,3,12,7.88,38,0,200000,1,5,1,0,7.95,1,retained,0,0.11089001,Low Risk,Unclassified
USR2399,33,Nagpur,1,4,11.68,5,12,6.91,35,1,500000,1,5,1,0,10.53,0,kyc_dropout,1,0.9333072,High Risk,KYC Dropout
USR2400,38,Surat,1,8,9.62,3,6,7.44,14,0,100000,1,2,1,0,6.04,1,retained,0,0.04728681,Low Risk,Unclassified
USR2401,35,Patna,1,16,19.19,2,3,7.46,62,0,10000,1,5,1,0,13.46,1,retained,0,0.14552248,Low Risk,Unclassified
USR2402,35,Delhi,0,3,16.59,1,6,8.6,28,0,50000,1,4,0,1,3.58,1,retained,0,0.058936033,Low Risk,Unclassified
USR2403,55,Mumbai,1,10,20.93,4,6,6.84,59,0,100000,0,1,0,0,13.32,0,retained,0,0.10940922,Low Risk,Unclassified
USR2404,41,Nagpur,1,2,20.74,2,12,8.99,55,0,25000,0,5,0,1,9.83,0,retained,0,0.019820238,Low Risk,Unclassified
USR2405,32,Coimbatore,1,4,9.03,6,3,8.78,39,0,10000,1,2,1,0,9.21,1,retained,0,0.03935007,Low Risk,Unclassified
USR2406,37,Gorakhpur,1,6,10.39,6,12,7.06,15,1,500000,1,2,1,0,7.31,1,kyc_dropout,1,0.91554284,High Risk,KYC Dropout
USR2407,52,Jaipur,0,11,6.38,2,12,8.66,32,0,200000,0,3,1,0,2.74,1,retained,0,0.06084091,Low Risk,Unclassified
USR2408,27,Nagpur,1,14,14.87,5,12,8.51,15,0,100000,1,4,1,1,13.04,1,retained,0,0.02783374,Low Risk,Unclassified
USR2409,40,Mumbai,1,16,8.66,3,12,8.74,29,1,50000,0,1,0,0,1.26,0,retained,0,0.14656271,Low Risk,Unclassified
USR2410,58,Mumbai,1,2,17.51,3,36,7.07,43,0,200000,0,1,0,0,4.41,1,retained,0,0.028053008,Low Risk,Unclassified
USR2411,25,Lucknow,1,17,3.55,5,24,6.97,37,1,25000,0,3,0,1,2.09,1,kyc_dropout,1,0.9754666,High Risk,KYC Dropout
USR2412,25,Coimbatore,0,9,3.44,4,3,7.21,50,1,200000,0,1,1,1,2.05,1,inactive_browser,1,0.96436876,High Risk,Comparison Paralysis
USR2413,41,Lucknow,1,17,5.29,1,36,7.6,59,0,50000,0,2,1,1,6.16,0,retained,0,0.12511595,Low Risk,Unclassified
USR2414,31,Jaipur,1,15,2.77,1,24,8.88,17,0,25000,1,0,1,1,2.83,1,retained,0,0.01703813,Low Risk,Unclassified
USR2415,45,Chennai,1,7,14.02,6,24,8.71,4,1,50000,0,2,1,1,8.93,1,kyc_dropout,1,0.85755974,High Risk,KYC Dropout
USR2416,56,Patna,1,3,4.09,4,24,9.28,39,1,10000,1,5,1,1,9.59,0,kyc_dropout,1,0.9374363,High Risk,KYC Dropout
USR2417,47,Coimbatore,1,1,4.36,5,36,6.68,5,0,50000,1,0,0,0,13.29,1,retained,0,0.043673858,Low Risk,Unclassified
USR2418,58,Coimbatore,0,4,1.3,2,3,6.53,11,0,200000,0,1,1,0,4.85,1,retained,0,0.27180293,Low Risk,Unclassified
USR2419,59,Bhopal,1,8,17.42,3,6,8.6,11,0,10000,0,4,0,0,4.98,1,retained,0,0.054728776,Low Risk,Unclassified
USR2420,42,Jaipur,1,6,18.06,2,24,7.34,21,0,10000,1,0,0,0,4.07,1,retained,0,0.02561827,Low Risk,Unclassified
USR2421,61,Gorakhpur,1,1,4.4,3,6,7.5,48,0,100000,0,2,1,0,11.84,1,retained,0,0.05120237,Low Risk,Unclassified
USR2422,60,Bengaluru,1,8,16.53,2,6,8.14,49,0,200000,1,2,1,1,6.71,0,retained,0,0.06404128,Low Risk,Unclassified
USR2423,42,Nagpur,0,1,10.1,5,12,6.81,3,1,200000,1,5,0,0,8.51,1,kyc_dropout,1,0.9035628,High Risk,KYC Dropout
USR2424,31,Patna,0,11,6.03,5,6,8.43,49,0,25000,1,2,0,1,5.93,0,comparison_paralysis,1,0.9614361,High Risk,Comparison Paralysis
USR2425,59,Patna,1,15,14.05,4,12,7.48,2,1,50000,1,5,0,0,2.77,0,kyc_dropout,1,0.9921983,High Risk,KYC Dropout
USR2426,25,Coimbatore,1,11,4.75,2,3,8.4,15,0,500000,1,2,0,0,1.99,1,overwhelmed_firsttimer,1,0.950145,High Risk,Overwhelmed First-Timer
USR2427,41,Lucknow,0,10,16.89,2,3,9.0,13,0,50000,1,3,1,0,13.09,1,retained,0,0.040354107,Low Risk,Unclassified
USR2428,38,Bengaluru,1,12,2.0,4,12,7.01,63,0,200000,1,1,1,1,4.35,0,inactive_browser,1,0.90568405,High Risk,Comparison Paralysis
USR2429,28,Patna,1,1,21.14,4,3,9.29,40,0,50000,1,4,1,0,14.15,1,retained,0,0.013758157,Low Risk,Unclassified
USR2430,25,Coimbatore,0,7,2.51,5,24,8.09,58,0,200000,1,5,0,0,14.24,1,inactive_browser,1,0.9338292,High Risk,Overwhelmed First-Timer
USR2431,50,Patna,1,17,13.17,5,3,9.27,1,1,10000,0,3,0,0,7.44,1,kyc_dropout,1,0.97412395,High Risk,KYC Dropout
USR2432,35,Gorakhpur,1,10,19.95,6,12,7.12,9,0,50000,0,1,0,0,14.4,0,retained,0,0.112569705,Low Risk,Unclassified
USR2433,24,Pune,1,6,1.25,2,24,8.31,25,1,50000,1,5,1,0,0.91,0,kyc_dropout,1,0.9352838,High Risk,KYC Dropout
USR2434,45,Jaipur,1,17,11.47,5,6,7.71,3,0,200000,1,0,1,1,1.83,1,retained,0,0.05995358,Low Risk,Unclassified
USR2435,58,Mumbai,1,5,8.35,5,6,8.82,27,0,200000,1,3,0,0,4.03,1,retained,0,0.1311567,Low Risk,Unclassified
USR2436,37,Bhopal,1,17,13.19,2,6,8.32,1,0,25000,0,5,0,0,3.53,0,retained,0,0.07303034,Low Risk,Unclassified
USR2437,25,Coimbatore,1,16,5.73,4,12,7.98,15,1,50000,1,3,0,0,4.16,1,kyc_dropout,1,0.9854455,High Risk,KYC Dropout
USR2438,45,Pune,0,8,2.36,2,6,9.24,56,0,100000,1,3,0,0,7.06,1,overwhelmed_firsttimer,1,0.9707365,High Risk,Overwhelmed First-Timer
USR2439,55,Nagpur,1,13,14.14,1,3,7.63,22,0,200000,1,3,0,1,1.41,0,overwhelmed_firsttimer,1,0.8951978,High Risk,Overwhelmed First-Timer
USR2440,51,Bengaluru,1,16,9.75,2,6,7.16,22,1,100000,1,0,1,0,8.55,1,retained,0,0.042704932,Low Risk,Unclassified
USR2441,39,Chennai,0,11,14.07,1,36,8.32,20,1,10000,1,2,1,1,4.99,1,kyc_dropout,0,0.5836438,Medium Risk,KYC Dropout
USR2442,40,Coimbatore,1,6,5.42,2,36,8.37,24,0,10000,1,3,0,1,1.54,0,retained,0,0.040789243,Low Risk,Unclassified
USR2443,52,Bhopal,1,3,8.11,1,6,7.82,57,1,100000,1,1,0,1,11.42,0,retained,0,0.061357025,Low Risk,Unclassified
USR2444,40,Bengaluru,0,1,12.8,1,6,7.96,36,0,500000,1,2,0,0,9.97,1,retained,0,0.13044535,Low Risk,Unclassified
USR2445,40,Patna,1,5,13.46,2,36,9.38,48,1,10000,0,0,0,1,12.0,1,retained,0,0.03928831,Low Risk,Unclassified
USR2446,43,Nagpur,1,13,8.82,6,6,8.7,14,0,100000,1,4,1,0,14.12,0,retained,0,0.052061155,Low Risk,Unclassified
USR2447,45,Jaipur,1,10,6.88,5,24,6.83,27,0,25000,0,0,1,0,8.99,1,comparison_paralysis,1,0.811283,High Risk,Comparison Paralysis
USR2448,33,Bhopal,1,5,6.75,3,36,7.14,3,0,25000,1,4,1,0,11.91,0,retained,0,0.032278046,Low Risk,Unclassified
USR2449,51,Mumbai,1,14,4.67,5,12,9.43,46,0,10000,1,1,1,0,3.39,1,comparison_paralysis,1,0.91511875,High Risk,Comparison Paralysis
USR2450,59,Chennai,0,17,7.83,1,36,8.68,49,0,100000,0,4,1,1,6.45,0,retained,1,0.44500852,Medium Risk,Unclassified
USR2451,52,Coimbatore,1,1,5.19,2,3,9.25,59,1,100000,1,5,0,0,8.19,1,kyc_dropout,1,0.9770314,High Risk,KYC Dropout
USR2452,57,Patna,1,2,14.31,2,24,7.41,61,1,100000,1,3,0,1,8.35,1,kyc_dropout,1,0.9413434,High Risk,KYC Dropout
USR2453,40,Nagpur,1,7,12.95,2,12,8.73,42,0,500000,0,2,0,0,10.92,1,retained,1,0.19264372,Low Risk,Unclassified
USR2454,57,Patna,1,10,9.03,2,6,8.64,57,0,10000,0,5,1,1,12.04,1,retained,0,0.06697361,Low Risk,Unclassified
USR2455,51,Lucknow,0,7,7.84,6,3,7.38,51,0,500000,1,2,1,0,10.17,1,retained,0,0.12431762,Low Risk,Unclassified
USR2456,54,Lucknow,1,16,5.99,3,3,8.15,45,0,100000,1,3,1,1,1.19,1,retained,0,0.11463226,Low Risk,Unclassified
USR2457,39,Nagpur,0,5,12.24,4,24,8.38,24,1,200000,1,2,1,1,5.59,1,kyc_dropout,1,0.94103634,High Risk,KYC Dropout
USR2458,49,Chennai,1,12,20.3,1,12,7.94,24,0,100000,1,0,1,0,8.8,1,retained,0,0.055437997,Low Risk,Unclassified
USR2459,32,Lucknow,1,17,15.4,3,3,8.98,34,0,200000,1,3,1,0,7.86,1,retained,0,0.092180856,Low Risk,Unclassified
USR2460,54,Surat,0,16,16.63,5,12,9.0,60,0,25000,1,3,1,1,1.15,1,comparison_paralysis,1,0.77115655,High Risk,Comparison Paralysis
USR2461,38,Mumbai,0,16,18.52,4,12,9.05,14,0,200000,0,2,1,0,14.72,1,retained,0,0.024556017,Low Risk,Unclassified
USR2462,27,Mumbai,0,15,8.38,4,3,8.91,34,0,25000,1,5,0,0,14.36,0,overwhelmed_firsttimer,1,0.9378091,High Risk,Comparison Paralysis
USR2463,25,Lucknow,0,12,2.32,2,12,7.96,28,0,10000,1,4,0,1,11.72,0,overwhelmed_firsttimer,1,0.8857055,High Risk,Overwhelmed First-Timer
USR2464,41,Lucknow,1,10,14.07,3,24,7.64,37,0,500000,1,1,0,0,1.3,1,overwhelmed_firsttimer,1,0.89491475,High Risk,Overwhelmed First-Timer
USR2465,48,Pune,1,2,4.96,5,3,8.99,23,0,500000,1,4,1,0,6.74,1,retained,0,0.07756648,Low Risk,Unclassified
USR2466,36,Patna,1,7,12.95,2,24,7.97,18,0,25000,0,0,1,0,6.44,1,retained,0,0.006999671,Low Risk,Unclassified
USR2467,27,Pune,0,13,16.53,2,24,7.24,45,0,25000,1,3,0,0,8.59,1,overwhelmed_firsttimer,1,0.92919225,High Risk,Overwhelmed First-Timer
USR2468,35,Pune,1,3,17.46,6,12,8.02,48,0,100000,0,3,1,0,1.31,1,retained,0,0.044915754,Low Risk,Unclassified
USR2469,32,Bengaluru,0,15,7.34,1,12,6.93,43,1,50000,1,0,1,1,6.64,0,retained,0,0.11091356,Low Risk,Unclassified
USR2470,60,Delhi,1,1,11.76,4,3,8.57,25,0,25000,1,1,1,1,11.49,0,retained,0,0.012391264,Low Risk,Unclassified
USR2471,30,Surat,1,3,14.04,5,6,7.51,24,1,200000,1,3,1,0,14.97,1,kyc_dropout,1,0.9307212,High Risk,KYC Dropout
USR2472,47,Nagpur,1,10,18.21,4,3,7.28,34,0,10000,0,4,1,0,9.13,0,retained,0,0.05842231,Low Risk,Unclassified
USR2473,37,Chennai,1,15,16.99,3,24,9.37,35,0,500000,1,0,0,0,14.14,1,overwhelmed_firsttimer,1,0.96374756,High Risk,Overwhelmed First-Timer
USR2474,26,Bhopal,1,6,21.75,1,12,8.83,13,0,200000,1,3,1,1,14.98,0,retained,0,0.011045075,Low Risk,Unclassified
USR2475,31,Bhopal,0,15,1.17,2,24,8.86,55,0,500000,1,4,0,0,6.8,1,overwhelmed_firsttimer,1,0.97859186,High Risk,Overwhelmed First-Timer
USR2476,24,Nagpur,1,7,10.19,1,36,8.37,5,1,10000,1,0,1,1,10.2,0,retained,0,0.014757851,Low Risk,Unclassified
USR2477,34,Surat,1,5,6.38,2,36,9.02,31,0,200000,1,0,0,0,3.59,0,retained,0,0.07792712,Low Risk,Unclassified
USR2478,51,Bhopal,0,4,3.52,1,24,8.78,25,0,500000,1,0,1,0,7.4,0,retained,0,0.08064549,Low Risk,Unclassified
USR2479,27,Patna,0,3,20.14,2,6,8.3,14,1,25000,1,1,1,0,1.64,1,retained,1,0.5383636,Medium Risk,Unclassified
USR2480,38,Bhopal,0,17,21.96,4,6,9.38,48,0,50000,1,0,1,0,0.92,0,retained,1,0.5990261,Medium Risk,Comparison Paralysis
USR2481,40,Bhopal,1,2,4.79,4,3,7.07,55,0,25000,1,5,1,0,13.45,0,retained,0,0.022994364,Low Risk,Unclassified
USR2482,56,Surat,1,13,1.81,4,3,9.33,36,0,500000,0,2,1,1,12.95,1,inactive_browser,1,0.8648902,High Risk,Comparison Paralysis
USR2483,47,Surat,1,15,6.78,4,3,7.7,52,0,100000,1,2,0,1,5.02,0,overwhelmed_firsttimer,1,0.9133649,High Risk,Comparison Paralysis
USR2484,26,Bhopal,1,5,18.53,1,12,8.09,57,0,200000,1,0,1,1,7.13,0,retained,0,0.026439263,Low Risk,Unclassified
USR2485,50,Gorakhpur,1,3,7.17,2,6,6.87,35,0,50000,1,3,0,0,7.66,1,retained,0,0.07705899,Low Risk,Unclassified
USR2486,58,Gorakhpur,1,5,2.19,4,24,8.12,10,1,200000,1,2,1,0,8.05,1,kyc_dropout,1,0.87114084,High Risk,KYC Dropout
USR2487,41,Surat,1,5,2.1,1,36,8.33,26,1,100000,1,4,1,0,2.45,1,kyc_dropout,1,0.97252965,High Risk,KYC Dropout
USR2488,42,Gorakhpur,1,5,9.98,2,6,9.49,1,0,100000,1,4,1,0,11.74,1,retained,0,0.044681095,Low Risk,Unclassified
USR2489,31,Gorakhpur,0,3,20.57,1,6,9.43,21,0,100000,0,3,1,0,5.54,1,retained,0,0.022885356,Low Risk,Unclassified
USR2490,26,Patna,0,3,7.0,6,6,9.4,16,0,500000,1,4,1,0,0.96,0,retained,0,0.026075363,Low Risk,Unclassified
USR2491,57,Delhi,0,4,9.97,4,3,7.55,3,0,25000,0,5,1,1,10.31,1,retained,0,0.039410394,Low Risk,Unclassified
USR2492,27,Bhopal,1,1,3.14,3,12,9.47,13,0,500000,1,3,1,0,12.53,1,retained,0,0.037398912,Low Risk,Unclassified
USR2493,47,Lucknow,0,16,11.37,1,24,7.87,6,1,25000,0,4,0,1,13.81,1,kyc_dropout,1,0.8963119,High Risk,KYC Dropout
USR2494,25,Mumbai,1,8,15.63,4,3,9.06,15,1,50000,0,0,1,1,10.28,1,retained,0,0.02876044,Low Risk,Unclassified
USR2495,60,Bhopal,1,17,6.69,5,12,7.15,18,0,100000,0,4,0,0,3.27,1,retained,0,0.13791029,Low Risk,Unclassified
USR2496,60,Gorakhpur,0,8,7.23,2,6,8.02,0,0,25000,1,0,1,1,9.05,1,retained,0,0.04942462,Low Risk,Unclassified
USR2497,56,Surat,1,7,18.68,6,12,9.4,30,0,10000,1,4,1,0,13.72,1,retained,0,0.038881768,Low Risk,Unclassified
USR2498,22,Bengaluru,1,8,1.22,4,3,9.34,3,0,10000,0,4,1,0,5.58,0,retained,0,0.06776794,Low Risk,Unclassified
USR2499,45,Mumbai,1,12,14.37,5,6,8.55,57,0,25000,1,4,1,0,14.32,0,comparison_paralysis,0,0.8259247,High Risk,Comparison Paralysis
USR2500,57,Pune,0,16,9.27,1,3,8.89,55,0,50000,1,0,0,0,1.92,0,overwhelmed_firsttimer,1,0.9317658,High Risk,Overwhelmed First-Timer
USR2501,27,Jaipur,1,12,7.27,1,24,7.03,52,0,200000,1,4,0,0,11.06,0,overwhelmed_firsttimer,1,0.9317228,High Risk,Overwhelmed First-Timer
USR2502,52,Gorakhpur,1,10,14.81,5,6,8.66,42,0,500000,1,4,0,0,2.24,1,comparison_paralysis,1,0.9771877,High Risk,Comparison Paralysis
USR2503,41,Chennai,1,7,18.53,6,12,8.35,48,0,100000,1,5,1,1,12.08,1,retained,1,0.24435575,Low Risk,Unclassified
USR2504,45,Nagpur,1,12,12.73,5,3,6.77,59,1,25000,0,1,0,1,1.92,1,comparison_paralysis,1,0.8881745,High Risk,Comparison Paralysis
USR2505,46,Pune,0,5,1.65,2,36,6.84,15,0,50000,0,0,1,0,5.22,0,retained,0,0.044669423,Low Risk,Unclassified
USR2506,57,Gorakhpur,1,16,10.69,1,12,6.83,59,0,500000,1,5,1,0,11.76,0,retained,0,0.110086836,Low Risk,Unclassified
USR2507,42,Gorakhpur,1,9,10.72,5,12,8.67,46,0,200000,0,2,1,0,7.17,1,retained,0,0.2702248,Low Risk,Unclassified
USR2508,51,Surat,1,7,12.42,3,6,6.93,14,0,50000,1,3,0,0,13.3,1,retained,0,0.04316526,Low Risk,Unclassified
USR2509,45,Gorakhpur,1,14,15.09,3,12,7.9,62,1,200000,0,1,0,0,6.33,1,retained,0,0.14850642,Low Risk,Unclassified
USR2510,51,Pune,1,11,1.41,5,3,7.57,27,0,10000,0,5,1,0,14.93,1,comparison_paralysis,1,0.9322553,High Risk,Comparison Paralysis
USR2511,43,Jaipur,1,7,11.54,2,36,8.15,19,1,500000,0,5,1,0,0.77,0,kyc_dropout,1,0.9115592,High Risk,KYC Dropout
USR2512,49,Lucknow,1,10,13.35,1,24,8.62,62,0,500000,1,4,1,0,10.59,1,retained,0,0.14006668,Low Risk,Unclassified
USR2513,28,Surat,0,9,8.21,3,36,8.55,32,0,200000,1,2,0,0,13.78,1,overwhelmed_firsttimer,1,0.83817226,High Risk,Overwhelmed First-Timer
USR2514,56,Gorakhpur,0,4,15.04,5,3,8.05,35,0,10000,0,2,1,0,8.27,0,retained,0,0.033705533,Low Risk,Unclassified
USR2515,49,Jaipur,0,16,5.79,5,6,7.89,12,1,100000,1,4,1,0,14.83,0,kyc_dropout,1,0.9324397,High Risk,KYC Dropout
USR2516,35,Delhi,1,10,7.66,4,3,7.69,61,0,25000,1,5,0,1,10.77,1,overwhelmed_firsttimer,1,0.87913924,High Risk,Comparison Paralysis
USR2517,31,Nagpur,1,17,21.22,5,12,9.09,22,1,10000,1,5,1,1,6.73,1,kyc_dropout,1,0.9710386,High Risk,KYC Dropout
USR2518,37,Bengaluru,0,9,8.31,2,6,7.49,12,0,50000,0,4,1,0,7.97,1,retained,0,0.066337444,Low Risk,Unclassified
USR2519,37,Coimbatore,1,13,8.28,3,24,7.28,39,0,200000,0,1,0,0,13.22,1,retained,0,0.37144837,Low Risk,Unclassified
USR2520,52,Bengaluru,1,1,13.51,4,24,8.73,29,0,500000,1,0,0,0,14.38,1,retained,0,0.045771953,Low Risk,Unclassified
USR2521,46,Gorakhpur,0,2,21.39,3,3,7.58,24,0,50000,1,1,1,0,8.56,0,retained,0,0.021878323,Low Risk,Unclassified
USR2522,34,Chennai,1,13,21.64,3,12,9.04,25,0,500000,1,0,1,0,4.95,1,retained,0,0.08595092,Low Risk,Unclassified
USR2523,27,Bhopal,1,9,13.17,2,24,7.48,23,0,10000,1,2,0,0,3.97,1,overwhelmed_firsttimer,1,0.8305439,High Risk,Overwhelmed First-Timer
USR2524,30,Nagpur,1,7,1.02,5,36,8.61,38,0,500000,0,3,0,0,7.42,1,inactive_browser,1,0.85801566,High Risk,Silent Churner
USR2525,57,Pune,1,16,19.91,2,6,6.64,60,1,500000,1,4,1,0,4.8,1,kyc_dropout,1,0.9541571,High Risk,KYC Dropout
USR2526,41,Nagpur,0,7,12.97,5,36,7.66,48,1,500000,1,1,1,1,6.6,1,retained,0,0.13928057,Low Risk,Unclassified
USR2527,39,Jaipur,1,6,8.69,4,24,7.53,40,1,500000,1,2,1,0,12.6,0,kyc_dropout,1,0.940626,High Risk,KYC Dropout
USR2528,42,Delhi,1,11,18.41,2,24,8.95,19,0,50000,1,1,0,0,7.34,1,overwhelmed_firsttimer,1,0.94618434,High Risk,Overwhelmed First-Timer
USR2529,25,Bengaluru,1,12,9.4,2,3,9.4,43,1,200000,1,5,0,0,9.79,1,kyc_dropout,1,0.9950771,High Risk,KYC Dropout
USR2530,54,Delhi,1,10,1.71,6,3,7.88,15,1,25000,1,0,1,1,1.81,0,retained,0,0.109309025,Low Risk,Unclassified
USR2531,48,Surat,1,13,18.24,1,6,8.97,20,0,50000,0,4,0,0,11.55,1,retained,0,0.09466963,Low Risk,Unclassified
USR2532,28,Bhopal,0,12,12.46,2,3,8.6,14,0,100000,0,5,1,0,7.5,1,retained,0,0.015868511,Low Risk,Unclassified
USR2533,27,Nagpur,0,10,8.1,6,12,9.4,38,0,200000,1,0,0,1,5.73,0,comparison_paralysis,0,0.97628003,High Risk,Comparison Paralysis
USR2534,36,Lucknow,1,4,6.27,1,6,8.93,41,0,200000,1,5,0,0,9.36,0,retained,1,0.41570374,Medium Risk,Unclassified
USR2535,39,Gorakhpur,1,5,13.47,5,12,6.73,60,1,100000,0,0,1,0,1.98,1,retained,0,0.043768566,Low Risk,Unclassified
USR2536,53,Bhopal,0,5,5.37,5,3,8.64,3,1,10000,0,0,1,1,6.5,0,retained,0,0.018110253,Low Risk,Unclassified
USR2537,32,Coimbatore,1,12,7.8,5,6,8.11,23,1,100000,1,5,1,0,12.26,1,kyc_dropout,1,0.992432,High Risk,KYC Dropout
USR2538,41,Chennai,1,3,14.37,6,24,6.55,2,0,10000,1,2,1,0,4.3,1,retained,0,0.028644145,Low Risk,Unclassified
USR2539,45,Coimbatore,1,8,19.51,6,36,7.25,0,0,25000,0,4,1,0,13.75,1,retained,0,0.045450665,Low Risk,Unclassified
USR2540,36,Lucknow,1,2,12.19,1,24,9.27,12,0,10000,1,3,1,0,9.25,1,retained,0,0.015771262,Low Risk,Unclassified
USR2541,28,Lucknow,1,9,16.94,5,12,9.28,53,0,25000,0,1,0,0,8.34,0,retained,0,0.13311082,Low Risk,Unclassified
USR2542,42,Chennai,1,13,17.02,3,24,8.9,39,1,25000,1,0,1,0,6.29,1,retained,0,0.060600232,Low Risk,Unclassified
USR2543,47,Jaipur,1,7,14.95,2,24,9.45,10,0,500000,1,4,0,0,11.26,1,retained,0,0.06520191,Low Risk,Unclassified
USR2544,35,Jaipur,1,10,6.16,6,36,8.92,41,1,500000,0,1,1,0,8.68,1,comparison_paralysis,1,0.886366,High Risk,Comparison Paralysis
USR2545,58,Nagpur,1,9,19.2,6,36,6.53,3,0,100000,1,4,1,0,12.05,1,retained,1,0.44646388,Medium Risk,Unclassified
USR2546,42,Lucknow,0,15,10.16,6,24,7.36,24,1,25000,0,5,1,0,5.31,1,kyc_dropout,1,0.9825303,High Risk,KYC Dropout
USR2547,39,Bhopal,1,5,1.93,1,36,6.59,35,0,10000,0,1,1,0,10.68,0,retained,0,0.11745584,Low Risk,Unclassified
USR2548,26,Jaipur,1,12,6.14,5,24,6.78,63,1,50000,1,4,0,0,14.18,1,kyc_dropout,1,0.9691961,High Risk,KYC Dropout
USR2549,24,Nagpur,1,1,17.08,3,6,7.16,43,1,500000,1,3,1,1,4.56,0,kyc_dropout,1,0.9769324,High Risk,KYC Dropout
USR2550,44,Chennai,1,12,2.45,2,24,8.01,39,1,200000,1,4,1,0,14.72,0,kyc_dropout,1,0.98393816,High Risk,KYC Dropout
USR2551,47,Coimbatore,1,6,4.09,2,3,9.04,44,1,200000,0,4,1,0,6.45,1,kyc_dropout,1,0.9826559,High Risk,KYC Dropout
USR2552,58,Mumbai,1,16,15.58,5,36,9.09,7,1,10000,1,0,1,0,1.06,0,retained,0,0.072055176,Low Risk,Unclassified
USR2553,45,Coimbatore,1,3,19.74,3,36,8.35,34,0,500000,0,0,0,1,5.69,1,retained,0,0.015053018,Low Risk,Unclassified
USR2554,40,Surat,1,10,14.31,1,12,9.28,43,1,50000,0,0,1,0,2.67,0,retained,0,0.103137136,Low Risk,Unclassified
USR2555,46,Pune,1,13,5.67,6,12,8.0,17,1,25000,1,5,1,0,4.91,1,kyc_dropout,1,0.81909585,High Risk,KYC Dropout
USR2556,42,Jaipur,1,3,2.12,6,3,9.17,46,0,500000,1,4,1,1,1.89,1,inactive_browser,1,0.9530606,High Risk,Silent Churner
USR2557,33,Nagpur,0,3,13.92,5,36,7.86,24,1,10000,1,3,1,1,3.08,1,kyc_dropout,1,0.9475134,High Risk,KYC Dropout
USR2558,54,Mumbai,1,12,2.0,2,36,7.33,40,0,25000,1,1,0,0,2.34,1,overwhelmed_firsttimer,1,0.9729423,High Risk,Overwhelmed First-Timer
USR2559,25,Gorakhpur,1,7,13.87,6,12,9.25,4,0,500000,0,0,1,0,1.13,1,retained,0,0.00769173,Low Risk,Unclassified
USR2560,28,Lucknow,0,8,5.74,2,12,7.66,63,0,100000,1,2,1,0,4.79,1,retained,0,0.06572475,Low Risk,Unclassified
USR2561,43,Lucknow,1,9,20.0,2,24,8.01,61,0,50000,0,4,1,0,14.14,1,retained,0,0.037115492,Low Risk,Unclassified
USR2562,54,Chennai,1,14,10.98,5,36,7.49,2,0,200000,0,3,1,1,14.27,0,retained,0,0.05801783,Low Risk,Unclassified
USR2563,38,Gorakhpur,0,5,5.7,4,36,8.49,36,0,10000,1,3,1,1,12.78,1,retained,0,0.022390813,Low Risk,Unclassified
USR2564,45,Gorakhpur,1,16,18.92,4,24,9.49,40,0,200000,1,0,0,0,0.68,1,overwhelmed_firsttimer,1,0.9725141,High Risk,Comparison Paralysis
USR2565,55,Pune,1,12,6.33,4,36,6.58,19,1,25000,1,5,1,0,0.91,1,kyc_dropout,1,0.8888266,High Risk,KYC Dropout
USR2566,49,Jaipur,1,4,7.44,3,3,9.2,39,0,25000,1,0,1,0,0.65,0,retained,0,0.018400416,Low Risk,Unclassified
USR2567,60,Chennai,1,8,18.52,5,12,6.51,7,0,100000,1,5,1,0,5.82,1,retained,0,0.1513635,Low Risk,Unclassified
USR2568,43,Surat,1,7,7.48,2,12,7.59,4,0,25000,1,2,1,0,14.71,1,retained,0,0.029925732,Low Risk,Unclassified
USR2569,38,Mumbai,1,15,9.61,6,12,7.01,24,0,25000,1,2,1,0,13.5,1,comparison_paralysis,1,0.8673844,High Risk,Comparison Paralysis
USR2570,55,Gorakhpur,1,6,8.3,3,6,8.77,38,0,200000,0,0,1,0,4.13,1,retained,0,0.028849578,Low Risk,Unclassified
USR2571,27,Bengaluru,0,5,3.44,4,3,6.65,36,0,200000,0,1,1,0,6.45,0,inactive_browser,1,0.926315,High Risk,Silent Churner
USR2572,27,Lucknow,1,14,1.82,1,3,8.16,4,1,10000,1,0,1,1,12.45,1,retained,0,0.04045225,Low Risk,Unclassified
USR2573,55,Mumbai,1,13,16.22,3,24,7.38,7,0,10000,1,0,1,0,11.5,0,retained,0,0.023423048,Low Risk,Unclassified
USR2574,22,Bhopal,0,10,14.55,3,6,6.9,3,1,25000,1,3,1,0,2.42,1,kyc_dropout,1,0.95192134,High Risk,KYC Dropout
USR2575,31,Patna,1,4,6.93,5,36,8.82,40,1,500000,1,0,1,0,2.06,1,retained,0,0.057646412,Low Risk,Unclassified
USR2576,42,Gorakhpur,0,8,7.21,6,3,7.15,59,1,50000,0,0,0,0,8.38,0,retained,0,0.25054017,Low Risk,Unclassified
USR2577,26,Pune,1,11,20.85,3,6,7.17,53,0,10000,0,0,0,0,1.98,1,retained,0,0.20698991,Low Risk,Unclassified
USR2578,23,Pune,1,17,21.74,6,6,7.33,21,0,25000,1,1,0,0,12.46,0,comparison_paralysis,1,0.9581604,High Risk,Comparison Paralysis
USR2579,43,Patna,1,11,10.94,5,3,8.26,18,0,500000,0,3,1,1,4.17,0,retained,0,0.057324696,Low Risk,Unclassified
USR2580,23,Patna,1,16,17.85,1,24,8.48,32,0,500000,1,4,1,0,3.23,1,retained,0,0.08838944,Low Risk,Unclassified
USR2581,31,Bhopal,1,12,16.47,2,6,6.55,21,0,200000,0,4,1,0,3.19,0,retained,0,0.09839561,Low Risk,Unclassified
USR2582,55,Chennai,0,13,7.24,2,12,7.23,64,1,500000,1,4,0,0,1.16,1,kyc_dropout,1,0.97960496,High Risk,KYC Dropout
USR2583,37,Gorakhpur,1,16,2.23,4,6,7.79,10,0,100000,1,4,0,1,9.81,1,overwhelmed_firsttimer,1,0.8056447,High Risk,Overwhelmed First-Timer
USR2584,60,Coimbatore,0,1,3.99,4,36,7.5,15,0,200000,1,3,1,0,2.89,0,retained,0,0.08079526,Low Risk,Unclassified
USR2585,43,Mumbai,1,16,18.6,1,3,9.15,43,0,200000,1,0,1,0,3.88,1,retained,1,0.50883096,Medium Risk,Unclassified
USR2586,33,Bhopal,1,15,16.36,2,36,8.86,8,1,100000,1,4,1,0,11.39,1,kyc_dropout,0,0.9488564,High Risk,KYC Dropout
USR2587,45,Coimbatore,0,6,14.95,4,24,8.38,61,1,200000,1,0,0,0,1.33,1,retained,0,0.043561235,Low Risk,Unclassified
USR2588,61,Mumbai,1,12,3.74,6,12,7.51,14,0,10000,1,4,1,0,3.44,1,retained,0,0.06325903,Low Risk,Unclassified
USR2589,59,Surat,0,8,14.44,3,3,8.6,5,0,200000,1,1,1,0,2.67,1,retained,0,0.06715266,Low Risk,Unclassified
USR2590,31,Coimbatore,1,7,17.22,5,6,9.03,0,0,100000,0,0,1,0,0.57,1,retained,0,0.012281273,Low Risk,Unclassified
USR2591,56,Gorakhpur,1,2,19.07,4,12,8.28,19,1,25000,1,3,0,1,8.32,1,kyc_dropout,1,0.933716,High Risk,KYC Dropout
USR2592,53,Nagpur,1,12,1.28,1,6,8.85,35,1,25000,1,5,0,0,3.26,1,kyc_dropout,1,0.97951937,High Risk,KYC Dropout
USR2593,28,Mumbai,1,14,15.37,2,24,8.75,1,0,25000,1,1,1,1,9.68,1,retained,0,0.02467971,Low Risk,Unclassified
USR2594,42,Bengaluru,0,16,1.4,1,3,8.22,1,0,100000,0,5,1,1,7.78,1,retained,0,0.07690372,Low Risk,Unclassified
USR2595,41,Lucknow,0,11,15.84,5,24,7.44,2,1,100000,0,1,0,0,10.18,1,retained,0,0.40181985,Medium Risk,Unclassified
USR2596,47,Bengaluru,0,9,14.35,5,24,8.74,6,0,10000,1,3,1,1,14.73,1,retained,0,0.024189623,Low Risk,Unclassified
USR2597,25,Pune,1,10,4.12,1,24,7.12,63,1,100000,1,1,0,0,3.69,1,overwhelmed_firsttimer,1,0.8995258,High Risk,Overwhelmed First-Timer
USR2598,43,Delhi,0,17,17.09,4,24,8.84,40,0,500000,1,0,1,0,10.16,0,retained,0,0.12597662,Low Risk,Unclassified
USR2599,36,Nagpur,1,12,2.44,4,6,8.91,53,0,25000,0,2,0,0,12.59,1,inactive_browser,1,0.78386927,High Risk,Comparison Paralysis
USR2600,61,Pune,1,6,18.35,2,36,8.97,40,0,100000,0,2,0,1,14.38,1,retained,0,0.03463607,Low Risk,Unclassified
USR2601,42,Patna,0,11,6.5,6,6,7.92,4,0,50000,0,4,1,0,9.52,1,retained,0,0.060490936,Low Risk,Unclassified
USR2602,36,Lucknow,0,9,15.47,2,12,7.08,62,1,200000,1,4,0,0,2.4,1,kyc_dropout,1,0.98298705,High Risk,KYC Dropout
USR2603,43,Patna,1,6,20.4,3,24,6.8,0,1,10000,0,0,0,1,1.28,1,retained,0,0.056081943,Low Risk,Unclassified
USR2604,49,Patna,1,16,8.14,6,12,8.73,24,0,25000,1,3,1,1,4.54,0,comparison_paralysis,1,0.88565254,High Risk,Comparison Paralysis
USR2605,35,Pune,1,16,11.56,3,6,9.16,45,0,500000,0,0,0,0,13.96,0,retained,0,0.18551056,Low Risk,Unclassified
USR2606,48,Nagpur,1,6,10.73,2,24,8.45,14,0,500000,1,4,1,0,8.29,1,retained,0,0.022041688,Low Risk,Unclassified
USR2607,61,Chennai,1,5,4.31,6,6,6.93,16,1,25000,1,1,0,0,8.9,0,retained,0,0.020290472,Low Risk,Unclassified
USR2608,49,Bhopal,1,4,13.4,6,24,9.3,20,0,500000,1,5,1,0,9.35,1,retained,0,0.0638944,Low Risk,Unclassified
USR2609,47,Nagpur,1,2,16.6,3,6,9.47,52,0,50000,1,0,1,0,5.32,0,retained,0,0.020860277,Low Risk,Unclassified
USR2610,23,Chennai,0,6,20.25,1,3,7.8,54,0,10000,1,0,0,0,3.13,1,retained,0,0.093073845,Low Risk,Unclassified
USR2611,46,Nagpur,0,9,18.87,4,36,8.28,9,0,200000,1,3,1,0,14.34,0,retained,1,0.052004326,Low Risk,Unclassified
USR2612,24,Surat,1,17,11.71,6,36,8.83,56,1,10000,1,4,1,0,11.45,0,kyc_dropout,1,0.9604963,High Risk,KYC Dropout
USR2613,29,Nagpur,0,14,16.1,6,24,8.71,64,1,10000,0,0,0,0,7.91,0,comparison_paralysis,1,0.72912306,High Risk,Comparison Paralysis
USR2614,54,Coimbatore,1,7,17.82,3,3,9.4,36,0,25000,0,1,1,1,5.96,1,retained,0,0.008086028,Low Risk,Unclassified
USR2615,56,Patna,1,1,11.36,6,12,6.84,6,1,100000,1,5,1,0,7.5,1,kyc_dropout,0,0.60266155,Medium Risk,KYC Dropout
USR2616,27,Surat,1,15,3.42,3,3,8.24,39,0,200000,1,1,0,0,0.99,0,overwhelmed_firsttimer,1,0.9768216,High Risk,Overwhelmed First-Timer
USR2617,60,Lucknow,1,3,10.2,1,24,8.58,49,1,10000,1,2,1,0,4.09,1,kyc_dropout,1,0.9313289,High Risk,KYC Dropout
USR2618,44,Jaipur,1,2,18.69,6,3,9.17,0,0,50000,1,4,0,1,4.14,1,retained,0,0.10911526,Low Risk,Unclassified
USR2619,46,Gorakhpur,1,10,13.53,5,12,9.12,19,0,25000,0,1,1,1,6.96,1,retained,0,0.06837758,Low Risk,Unclassified
USR2620,40,Nagpur,0,11,16.21,2,24,9.43,30,0,100000,1,3,0,0,3.93,0,overwhelmed_firsttimer,1,0.92542446,High Risk,Overwhelmed First-Timer
USR2621,26,Patna,1,3,4.89,1,36,8.04,11,0,100000,1,5,1,1,3.19,1,retained,0,0.024050709,Low Risk,Unclassified
USR2622,32,Chennai,1,7,21.25,5,3,8.99,21,0,25000,1,4,0,0,11.6,0,retained,0,0.029481448,Low Risk,Unclassified
USR2623,33,Pune,0,8,9.49,1,36,7.78,0,1,10000,1,1,0,0,13.46,1,overwhelmed_firsttimer,1,0.86815965,High Risk,Overwhelmed First-Timer
USR2624,31,Lucknow,1,13,14.73,4,36,7.77,0,1,500000,1,0,1,0,1.47,0,retained,0,0.023729427,Low Risk,Unclassified
USR2625,29,Coimbatore,1,13,1.4,1,6,7.26,2,0,25000,0,4,0,0,3.54,1,retained,0,0.15883334,Low Risk,Unclassified
USR2626,45,Coimbatore,1,12,3.67,1,12,8.95,20,1,500000,1,1,1,0,11.72,1,retained,0,0.10827272,Low Risk,Unclassified
USR2627,49,Nagpur,1,17,17.42,4,3,9.46,12,0,100000,1,0,0,0,12.33,1,overwhelmed_firsttimer,1,0.9559774,High Risk,Overwhelmed First-Timer
USR2628,57,Patna,1,12,21.33,6,36,7.27,60,0,100000,1,2,0,0,7.75,1,comparison_paralysis,1,0.9612737,High Risk,Comparison Paralysis
USR2629,58,Patna,0,13,7.72,2,36,6.67,12,0,50000,1,5,1,0,10.58,0,retained,0,0.048241828,Low Risk,Unclassified
USR2630,42,Pune,0,12,1.78,5,12,8.95,32,1,50000,1,4,0,0,1.63,1,kyc_dropout,1,0.99109566,High Risk,KYC Dropout
USR2631,29,Bhopal,1,14,8.58,3,36,8.36,5,0,100000,1,4,1,0,12.82,0,retained,0,0.023153579,Low Risk,Unclassified
USR2632,30,Surat,0,7,1.37,2,36,9.38,24,0,50000,1,1,1,0,12.57,1,retained,0,0.04514456,Low Risk,Unclassified
USR2633,36,Gorakhpur,1,13,5.04,1,36,7.26,22,0,50000,1,2,1,1,10.55,1,retained,0,0.070495844,Low Risk,Unclassified
USR2634,61,Lucknow,1,6,16.8,3,36,6.71,25,0,50000,0,3,0,1,13.79,1,retained,0,0.019362701,Low Risk,Unclassified
USR2635,39,Chennai,1,4,20.68,4,6,7.98,3,1,100000,1,1,1,0,1.19,1,retained,0,0.05670909,Low Risk,Unclassified
USR2636,41,Bhopal,1,9,2.84,2,6,6.76,34,0,10000,1,1,1,0,3.85,0,retained,0,0.15082918,Low Risk,Unclassified
USR2637,27,Mumbai,1,16,12.72,6,24,7.29,24,0,10000,0,3,0,0,5.76,1,comparison_paralysis,1,0.84145474,High Risk,Comparison Paralysis
USR2638,33,Mumbai,1,4,6.33,5,3,6.88,19,0,200000,1,3,1,1,2.8,0,retained,0,0.03634871,Low Risk,Unclassified
USR2639,23,Jaipur,1,6,3.92,2,12,7.17,0,0,50000,1,3,1,0,12.32,0,retained,0,0.031466126,Low Risk,Unclassified
USR2640,28,Jaipur,1,8,5.6,2,24,6.82,22,1,10000,0,5,0,0,11.48,0,kyc_dropout,1,0.9329412,High Risk,KYC Dropout
USR2641,37,Coimbatore,1,16,13.13,6,6,9.36,21,0,200000,1,3,1,0,11.71,1,comparison_paralysis,1,0.88956237,High Risk,Comparison Paralysis
USR2642,24,Jaipur,1,5,2.37,3,6,7.34,61,1,25000,0,3,1,0,4.72,1,kyc_dropout,1,0.98737633,High Risk,KYC Dropout
USR2643,24,Delhi,0,10,10.12,4,6,7.83,0,0,50000,1,0,0,1,11.56,1,overwhelmed_firsttimer,1,0.9393915,High Risk,Overwhelmed First-Timer
USR2644,48,Nagpur,1,13,3.84,6,24,9.2,58,1,10000,1,0,0,0,2.28,1,comparison_paralysis,1,0.9836897,High Risk,Comparison Paralysis
USR2645,61,Patna,0,14,6.73,4,6,8.53,18,1,10000,0,3,1,1,2.05,1,kyc_dropout,1,0.9452021,High Risk,KYC Dropout
USR2646,59,Delhi,1,7,5.01,6,24,8.35,29,1,500000,1,5,0,1,8.97,0,kyc_dropout,1,0.9813936,High Risk,KYC Dropout
USR2647,54,Delhi,0,6,19.54,2,6,8.62,0,1,10000,0,5,0,0,1.21,1,kyc_dropout,1,0.93468845,High Risk,KYC Dropout
USR2648,49,Lucknow,0,7,15.87,4,36,8.99,47,0,500000,1,2,0,1,14.11,1,retained,0,0.06779543,Low Risk,Unclassified
USR2649,22,Lucknow,0,5,19.24,3,36,9.13,18,1,200000,1,5,0,0,5.27,1,kyc_dropout,1,0.973609,High Risk,KYC Dropout
USR2650,29,Coimbatore,1,12,9.05,3,3,8.43,51,1,500000,1,2,1,0,7.42,1,kyc_dropout,0,0.64415205,Medium Risk,KYC Dropout
USR2651,58,Mumbai,1,6,7.58,5,6,9.17,21,1,25000,1,3,0,0,12.29,1,kyc_dropout,1,0.93908376,High Risk,KYC Dropout
USR2652,53,Gorakhpur,0,1,8.99,4,3,8.11,49,0,50000,1,5,0,0,6.3,1,retained,1,0.3326508,Low Risk,Unclassified
USR2653,58,Patna,1,4,1.39,5,24,7.33,5,1,10000,1,0,0,0,6.74,0,retained,0,0.14784595,Low Risk,Unclassified
USR2654,25,Bhopal,0,12,16.22,6,3,9.14,63,0,100000,1,2,1,0,5.55,1,comparison_paralysis,1,0.7550686,High Risk,Comparison Paralysis
USR2655,51,Lucknow,1,15,8.35,1,6,8.12,20,0,50000,1,0,1,0,5.6,0,retained,0,0.029793665,Low Risk,Unclassified
USR2656,27,Bhopal,0,3,7.58,3,24,9.22,18,0,100000,1,1,1,0,7.29,0,retained,0,0.021326624,Low Risk,Unclassified
USR2657,40,Jaipur,0,8,13.56,2,24,6.62,36,1,200000,1,0,1,0,14.22,1,retained,0,0.10782835,Low Risk,Unclassified
USR2658,53,Lucknow,0,11,10.16,3,36,7.69,62,0,10000,1,3,0,1,14.07,1,overwhelmed_firsttimer,1,0.880995,High Risk,Overwhelmed First-Timer
USR2659,30,Gorakhpur,1,16,21.6,1,24,9.34,28,0,50000,1,5,0,1,8.4,1,overwhelmed_firsttimer,1,0.9548472,High Risk,Overwhelmed First-Timer
USR2660,33,Mumbai,1,9,8.48,2,24,7.25,59,0,50000,1,5,1,1,7.11,1,retained,0,0.072939485,Low Risk,Unclassified
USR2661,32,Surat,1,3,13.89,4,3,9.32,33,0,10000,0,4,0,0,12.22,1,retained,0,0.012688093,Low Risk,Unclassified
USR2662,37,Bhopal,1,5,7.54,4,24,9.36,0,1,25000,0,3,0,0,10.37,1,kyc_dropout,1,0.96552384,High Risk,KYC Dropout
USR2663,22,Nagpur,1,14,21.8,3,12,9.15,47,1,200000,0,1,0,0,13.28,0,retained,0,0.1657023,Low Risk,Unclassified
USR2664,42,Nagpur,1,15,10.35,2,36,8.19,20,0,10000,0,5,1,0,11.09,1,retained,0,0.044427264,Low Risk,Unclassified
USR2665,51,Gorakhpur,1,6,14.32,6,36,8.44,33,0,500000,0,0,1,0,14.31,1,retained,0,0.031646557,Low Risk,Unclassified
USR2666,34,Lucknow,0,4,3.66,2,24,9.11,25,0,50000,0,2,1,1,13.35,1,retained,0,0.054313578,Low Risk,Unclassified
USR2667,55,Delhi,1,8,16.39,5,3,8.83,35,0,25000,0,3,1,0,12.9,1,retained,0,0.08456452,Low Risk,Unclassified
USR2668,25,Bengaluru,0,5,6.65,1,36,8.39,22,0,50000,1,5,1,0,6.18,1,retained,0,0.023996538,Low Risk,Unclassified
USR2669,49,Pune,0,13,10.42,4,36,9.45,46,0,100000,0,2,1,1,6.1,1,retained,0,0.07758246,Low Risk,Unclassified
USR2670,59,Nagpur,0,16,19.55,3,12,8.56,43,0,50000,0,0,0,1,11.25,1,retained,0,0.13773538,Low Risk,Unclassified
USR2671,52,Coimbatore,1,1,21.38,2,24,9.43,19,0,200000,1,5,0,0,1.71,0,retained,0,0.08266259,Low Risk,Unclassified
USR2672,48,Delhi,1,13,9.92,4,36,6.67,26,1,10000,1,1,1,0,5.17,1,retained,0,0.114124484,Low Risk,Unclassified
USR2673,26,Lucknow,1,11,18.53,3,36,6.92,60,0,50000,0,3,0,1,14.02,1,retained,0,0.12114384,Low Risk,Unclassified
USR2674,46,Bhopal,1,8,2.12,4,36,7.85,36,0,500000,0,2,0,0,7.03,0,inactive_browser,1,0.84845746,High Risk,Comparison Paralysis
USR2675,24,Bhopal,1,8,18.8,3,36,7.65,51,0,100000,0,5,0,0,4.41,1,retained,1,0.45056194,Medium Risk,Unclassified
USR2676,54,Chennai,0,14,14.22,4,3,8.85,61,1,100000,1,3,0,0,7.41,1,kyc_dropout,1,0.98096085,High Risk,KYC Dropout
USR2677,25,Bengaluru,0,13,11.26,6,6,6.98,23,0,10000,0,5,0,0,4.68,0,comparison_paralysis,1,0.754193,High Risk,Comparison Paralysis
USR2678,46,Delhi,1,3,19.69,5,12,9.43,11,0,100000,1,3,1,1,11.64,1,retained,0,0.024354057,Low Risk,Unclassified
USR2679,41,Nagpur,0,4,18.75,1,3,7.45,15,0,10000,1,2,0,1,12.83,1,retained,0,0.066398,Low Risk,Unclassified
USR2680,55,Nagpur,1,15,7.24,4,12,7.79,35,1,200000,1,1,0,0,11.85,1,overwhelmed_firsttimer,1,0.8995481,High Risk,Comparison Paralysis
USR2681,47,Coimbatore,0,15,17.62,1,36,7.32,1,1,10000,1,3,1,0,2.66,1,kyc_dropout,1,0.93963236,High Risk,KYC Dropout
USR2682,26,Gorakhpur,1,13,3.09,4,12,8.24,61,1,25000,0,1,1,0,5.37,1,inactive_browser,1,0.863933,High Risk,Comparison Paralysis
USR2683,56,Delhi,1,9,18.28,2,24,6.68,63,0,100000,1,1,1,0,3.6,1,retained,0,0.06615463,Low Risk,Unclassified
USR2684,49,Bengaluru,1,10,15.18,5,24,6.95,28,1,100000,1,0,1,0,1.12,0,comparison_paralysis,1,0.6852297,Medium Risk,Comparison Paralysis
USR2685,50,Bhopal,1,12,2.85,6,6,8.74,30,1,500000,1,5,0,0,11.22,1,kyc_dropout,1,0.99256825,High Risk,KYC Dropout
USR2686,30,Patna,1,14,15.34,5,6,7.06,14,0,50000,1,2,1,0,6.71,0,retained,0,0.037671592,Low Risk,Unclassified
USR2687,59,Patna,1,1,13.19,1,12,7.21,54,1,25000,0,0,1,1,4.51,1,retained,0,0.03062928,Low Risk,Unclassified
USR2688,27,Surat,0,14,13.49,2,3,8.88,32,0,50000,1,4,1,0,4.96,1,retained,0,0.070319556,Low Risk,Unclassified
USR2689,40,Jaipur,0,14,7.11,3,3,6.78,51,0,10000,1,5,1,1,2.46,0,retained,0,0.10920073,Low Risk,Unclassified
USR2690,32,Bengaluru,1,8,6.6,5,36,7.81,19,1,200000,0,0,1,0,12.49,1,retained,0,0.09778992,Low Risk,Unclassified
USR2691,23,Chennai,1,16,17.01,6,3,6.57,37,0,500000,0,3,1,0,2.59,1,comparison_paralysis,1,0.9096396,High Risk,Comparison Paralysis
USR2692,30,Lucknow,1,14,6.39,2,6,7.54,2,0,100000,0,3,1,1,5.41,1,retained,0,0.018243846,Low Risk,Unclassified
USR2693,42,Gorakhpur,1,1,10.37,2,3,8.6,53,0,200000,1,3,1,0,0.61,0,retained,0,0.047137722,Low Risk,Unclassified
USR2694,45,Surat,1,16,15.59,1,36,6.77,17,1,10000,0,4,1,0,6.83,1,kyc_dropout,0,0.67197466,Medium Risk,KYC Dropout
USR2695,55,Surat,1,7,2.67,6,24,9.17,6,0,10000,0,1,1,0,5.64,1,retained,0,0.0325114,Low Risk,Unclassified
USR2696,43,Coimbatore,1,15,13.49,2,3,9.23,34,0,25000,1,3,0,0,10.93,1,overwhelmed_firsttimer,1,0.94790775,High Risk,Overwhelmed First-Timer
USR2697,24,Jaipur,1,17,13.38,2,3,6.81,59,0,50000,0,5,1,0,10.87,1,retained,0,0.06828014,Low Risk,Unclassified
USR2698,33,Nagpur,1,13,15.37,3,6,9.47,23,1,100000,1,5,1,1,1.06,1,kyc_dropout,1,0.92900175,High Risk,KYC Dropout
USR2699,49,Delhi,0,9,8.77,1,12,7.39,38,1,100000,1,0,0,0,2.18,1,overwhelmed_firsttimer,1,0.73562425,High Risk,Overwhelmed First-Timer
USR2700,51,Jaipur,0,15,10.43,1,24,6.75,11,0,200000,1,1,1,0,13.62,1,retained,0,0.0773091,Low Risk,Unclassified
USR2701,47,Coimbatore,1,3,7.93,6,12,6.52,52,0,25000,0,0,1,1,11.98,0,retained,0,0.042362463,Low Risk,Unclassified
USR2702,42,Nagpur,1,1,17.97,2,36,7.73,63,0,500000,0,0,1,0,6.15,1,retained,0,0.025867619,Low Risk,Unclassified
USR2703,49,Gorakhpur,1,16,3.74,3,36,8.39,3,0,10000,1,3,1,0,2.91,1,retained,0,0.057278495,Low Risk,Unclassified
USR2704,47,Pune,1,8,21.22,4,12,7.5,4,1,25000,1,0,1,0,4.28,1,retained,0,0.05912823,Low Risk,Unclassified
USR2705,54,Chennai,1,13,14.33,5,6,9.01,15,0,100000,1,4,1,0,10.04,1,retained,0,0.07335438,Low Risk,Unclassified
USR2706,42,Delhi,1,8,19.63,1,6,8.65,26,0,500000,0,5,0,0,14.21,1,retained,0,0.10128721,Low Risk,Unclassified
USR2707,56,Jaipur,1,17,9.95,3,6,7.55,3,0,50000,1,5,0,0,9.43,1,overwhelmed_firsttimer,1,0.9511081,High Risk,Overwhelmed First-Timer
USR2708,55,Surat,1,14,7.98,6,24,8.7,47,0,200000,1,5,1,0,0.88,0,comparison_paralysis,1,0.8592633,High Risk,Comparison Paralysis
USR2709,39,Jaipur,1,7,19.92,3,36,9.32,7,0,10000,1,1,1,0,9.94,1,retained,0,0.01552974,Low Risk,Unclassified
USR2710,32,Jaipur,1,15,3.08,2,36,6.78,45,0,10000,1,3,1,1,14.2,0,inactive_browser,1,0.82511383,High Risk,Silent Churner
USR2711,44,Bengaluru,0,16,3.46,5,36,7.42,43,1,10000,1,3,0,0,5.7,0,kyc_dropout,1,0.9931063,High Risk,KYC Dropout
USR2712,43,Chennai,1,6,7.29,1,24,7.89,51,0,50000,0,0,0,1,14.04,1,retained,0,0.027514944,Low Risk,Unclassified
USR2713,38,Surat,1,1,21.16,4,36,7.99,33,0,100000,0,0,1,0,10.22,1,retained,0,0.015186481,Low Risk,Unclassified
USR2714,26,Nagpur,1,12,14.29,2,12,8.13,61,0,100000,1,2,1,0,3.25,1,retained,0,0.06153329,Low Risk,Unclassified
USR2715,32,Coimbatore,1,16,12.64,1,3,7.4,20,1,25000,0,2,1,0,2.61,1,kyc_dropout,1,0.9628333,High Risk,KYC Dropout
USR2716,51,Surat,1,12,15.81,6,24,8.5,23,0,500000,1,3,1,0,3.06,1,comparison_paralysis,1,0.9042166,High Risk,Comparison Paralysis
USR2717,36,Bhopal,1,13,9.77,1,3,8.44,43,1,25000,0,3,0,1,10.64,0,kyc_dropout,1,0.95159364,High Risk,KYC Dropout
USR2718,48,Bengaluru,1,8,16.92,3,12,8.23,40,1,100000,1,0,0,0,9.05,1,overwhelmed_firsttimer,1,0.8139549,High Risk,Overwhelmed First-Timer
USR2719,56,Lucknow,1,1,9.26,5,6,6.84,28,1,10000,0,4,1,1,7.11,1,kyc_dropout,1,0.88720196,High Risk,KYC Dropout
USR2720,54,Jaipur,1,7,18.35,4,6,7.93,5,0,50000,1,4,0,0,4.32,1,retained,0,0.08138355,Low Risk,Unclassified
USR2721,41,Jaipur,0,15,6.61,5,6,7.57,55,0,100000,1,5,0,1,13.65,1,comparison_paralysis,1,0.97873574,High Risk,Comparison Paralysis
USR2722,37,Bhopal,1,13,6.83,3,24,7.97,13,0,50000,0,0,0,0,3.6,1,retained,0,0.057570584,Low Risk,Unclassified
USR2723,55,Nagpur,1,13,11.97,4,6,9.27,49,0,200000,0,2,0,0,4.61,1,retained,0,0.19331127,Low Risk,Unclassified
USR2724,23,Surat,1,9,10.05,4,24,7.94,51,1,10000,1,2,0,0,1.3,1,kyc_dropout,1,0.8817241,High Risk,KYC Dropout
USR2725,56,Jaipur,1,15,14.61,2,24,6.54,0,0,200000,0,4,1,0,4.49,0,retained,0,0.031009333,Low Risk,Unclassified
USR2726,61,Surat,1,4,8.65,4,3,7.82,11,0,100000,0,3,1,0,13.88,1,retained,0,0.024387237,Low Risk,Unclassified
USR2727,49,Patna,1,13,5.84,1,6,8.96,23,0,25000,1,0,0,0,3.22,1,overwhelmed_firsttimer,0,0.7106454,High Risk,Overwhelmed First-Timer
USR2728,60,Mumbai,1,12,10.87,5,36,8.84,36,1,100000,1,5,1,1,3.46,1,kyc_dropout,1,0.9904557,High Risk,KYC Dropout
USR2729,27,Surat,1,5,12.78,6,6,8.04,2,0,200000,0,5,0,0,9.2,1,retained,0,0.04761416,Low Risk,Unclassified
USR2730,30,Delhi,1,7,3.99,6,6,7.25,26,0,50000,1,3,0,1,8.72,1,retained,0,0.08328744,Low Risk,Unclassified
USR2731,41,Coimbatore,1,8,12.69,5,6,7.9,52,0,500000,1,2,1,1,3.05,1,retained,1,0.48392135,Medium Risk,Unclassified
USR2732,22,Gorakhpur,1,5,7.7,2,36,8.19,16,1,500000,1,4,1,0,2.74,0,kyc_dropout,1,0.97415006,High Risk,KYC Dropout
USR2733,29,Gorakhpur,1,9,9.24,4,36,9.5,14,0,100000,1,3,1,0,2.2,1,retained,0,0.060332946,Low Risk,Unclassified
USR2734,44,Lucknow,1,14,6.87,3,24,8.43,38,0,25000,1,2,0,0,12.99,1,overwhelmed_firsttimer,1,0.935026,High Risk,Overwhelmed First-Timer
USR2735,24,Chennai,1,12,20.56,1,36,8.58,3,0,200000,1,2,0,0,9.99,1,overwhelmed_firsttimer,1,0.8719064,High Risk,Overwhelmed First-Timer
USR2736,25,Coimbatore,0,4,15.35,2,24,7.97,16,1,100000,1,5,1,1,14.32,1,kyc_dropout,1,0.9252964,High Risk,KYC Dropout
USR2737,46,Surat,1,8,6.51,4,3,7.56,10,0,200000,1,2,0,0,2.9,1,overwhelmed_firsttimer,1,0.8172097,High Risk,Overwhelmed First-Timer
USR2738,59,Coimbatore,0,17,14.55,6,24,8.94,11,1,200000,0,3,1,0,7.18,1,kyc_dropout,1,0.9720405,High Risk,KYC Dropout
USR2739,36,Jaipur,1,8,18.82,3,6,7.98,31,1,10000,1,1,0,0,11.27,1,overwhelmed_firsttimer,1,0.8464055,High Risk,Overwhelmed First-Timer
USR2740,42,Bhopal,1,1,9.43,4,12,9.48,26,0,500000,1,4,1,0,3.6,0,retained,0,0.06819308,Low Risk,Unclassified
USR2741,56,Nagpur,0,2,18.43,2,12,7.87,43,0,500000,1,2,1,0,10.43,1,retained,0,0.037966996,Low Risk,Unclassified
USR2742,35,Lucknow,1,4,4.24,3,6,6.7,42,0,50000,0,3,1,0,7.37,1,retained,0,0.09607107,Low Risk,Unclassified
USR2743,57,Bengaluru,1,1,18.28,3,24,8.55,48,0,10000,1,5,1,1,6.75,0,retained,0,0.021676261,Low Risk,Unclassified
USR2744,33,Bhopal,1,7,12.35,3,6,6.64,42,0,500000,0,0,0,0,9.85,0,retained,1,0.35375896,Low Risk,Unclassified
USR2745,38,Coimbatore,0,1,5.68,3,36,7.25,2,0,200000,1,5,0,0,7.28,1,retained,0,0.23587239,Low Risk,Unclassified
USR2746,60,Jaipur,1,9,9.55,4,24,7.56,28,0,25000,1,4,1,1,12.39,0,retained,0,0.06699543,Low Risk,Unclassified
USR2747,30,Surat,1,3,21.75,3,6,8.72,34,0,25000,1,0,0,0,13.99,1,retained,0,0.015627848,Low Risk,Unclassified
USR2748,56,Coimbatore,1,12,17.45,4,36,7.98,47,1,10000,1,0,0,0,9.04,1,overwhelmed_firsttimer,0,0.8635242,High Risk,Comparison Paralysis
USR2749,34,Surat,1,15,13.08,3,36,6.59,38,1,25000,1,5,0,0,4.86,1,kyc_dropout,0,0.99074006,High Risk,KYC Dropout
USR2750,36,Surat,1,16,3.42,3,24,8.35,23,0,200000,0,3,0,0,11.77,1,retained,0,0.4461354,Medium Risk,Unclassified
USR2751,39,Nagpur,1,10,9.77,2,3,7.73,19,0,100000,1,5,1,0,2.97,1,retained,0,0.049985517,Low Risk,Unclassified
USR2752,54,Surat,0,6,6.52,4,3,9.27,14,1,200000,0,1,1,0,1.88,1,retained,0,0.03982237,Low Risk,Unclassified
USR2753,27,Pune,1,17,2.49,6,36,8.0,17,1,500000,1,3,1,0,8.02,1,kyc_dropout,1,0.89443564,High Risk,KYC Dropout
USR2754,48,Nagpur,1,17,12.39,4,3,8.63,59,1,100000,0,3,1,0,9.88,0,kyc_dropout,1,0.93516797,High Risk,KYC Dropout
USR2755,44,Bhopal,1,11,19.67,5,36,7.16,40,0,25000,1,4,1,0,12.61,1,comparison_paralysis,1,0.8584622,High Risk,Comparison Paralysis
USR2756,48,Bhopal,1,7,15.19,6,3,8.78,10,0,50000,1,3,1,0,14.35,0,retained,0,0.01791336,Low Risk,Unclassified
USR2757,55,Coimbatore,1,10,6.24,2,36,8.66,55,0,50000,0,4,0,1,13.16,1,retained,0,0.19991021,Low Risk,Unclassified
USR2758,59,Mumbai,1,7,13.05,4,36,9.21,17,0,200000,1,2,0,1,14.84,1,retained,0,0.09912317,Low Risk,Unclassified
USR2759,35,Surat,0,5,20.81,2,36,6.6,11,0,200000,0,4,0,0,7.4,1,retained,0,0.05065284,Low Risk,Unclassified
USR2760,57,Nagpur,0,12,16.18,6,36,7.84,15,0,25000,0,3,1,0,5.09,1,retained,0,0.035404786,Low Risk,Unclassified
USR2761,29,Chennai,1,16,15.48,2,12,8.54,26,0,50000,1,2,1,0,7.17,1,retained,0,0.03783728,Low Risk,Unclassified
USR2762,56,Surat,0,3,21.33,2,3,6.79,16,1,50000,1,2,1,0,9.84,1,kyc_dropout,1,0.7621099,High Risk,KYC Dropout
USR2763,40,Pune,0,15,17.78,1,36,7.73,30,0,200000,1,1,0,1,7.86,1,overwhelmed_firsttimer,1,0.969995,High Risk,Overwhelmed First-Timer
USR2764,51,Gorakhpur,1,5,3.87,4,6,9.33,34,0,500000,1,5,1,0,9.69,1,retained,0,0.07156507,Low Risk,Unclassified
USR2765,35,Pune,0,13,8.3,2,24,7.81,26,1,50000,1,3,1,1,13.36,0,kyc_dropout,1,0.9592295,High Risk,KYC Dropout
USR2766,41,Lucknow,1,12,21.27,1,6,9.46,31,1,200000,1,0,0,1,2.9,1,overwhelmed_firsttimer,1,0.95677686,High Risk,Overwhelmed First-Timer
USR2767,46,Lucknow,0,5,11.28,1,6,6.67,16,0,10000,1,5,0,0,2.24,1,retained,0,0.0948596,Low Risk,Unclassified
USR2768,61,Chennai,1,6,3.34,3,12,8.65,10,1,50000,1,3,1,0,7.73,1,kyc_dropout,0,0.56401557,Medium Risk,KYC Dropout
USR2769,45,Surat,1,7,10.63,3,3,8.24,0,0,100000,1,0,1,0,14.74,0,retained,0,0.024488863,Low Risk,Unclassified
USR2770,35,Nagpur,1,10,15.64,6,12,8.0,48,0,25000,1,5,0,0,1.36,1,comparison_paralysis,0,0.5284214,Medium Risk,Comparison Paralysis
USR2771,47,Mumbai,0,16,21.95,4,3,9.41,40,1,200000,1,1,0,0,14.81,1,overwhelmed_firsttimer,1,0.9606994,High Risk,Comparison Paralysis
USR2772,59,Jaipur,1,8,7.8,3,36,6.89,19,0,50000,0,3,0,0,14.53,1,retained,1,0.5266325,Medium Risk,Unclassified
USR2773,44,Coimbatore,1,9,11.8,6,12,9.19,36,0,50000,0,5,1,0,4.74,0,retained,1,0.4122335,Medium Risk,Unclassified
USR2774,43,Pune,0,4,19.47,4,24,8.57,15,0,500000,1,1,1,0,13.42,1,retained,1,0.013815107,Low Risk,Unclassified
USR2775,40,Jaipur,1,8,8.46,6,3,7.28,38,0,200000,0,0,1,1,0.61,1,retained,1,0.56702405,Medium Risk,Comparison Paralysis
USR2776,24,Surat,1,7,3.29,1,12,9.21,44,0,100000,0,4,1,1,7.08,0,inactive_browser,1,0.884218,High Risk,Silent Churner
USR2777,40,Lucknow,0,15,20.93,1,24,7.79,63,0,50000,1,3,1,1,6.33,1,retained,0,0.093477376,Low Risk,Unclassified
USR2778,30,Bengaluru,1,3,11.26,4,6,8.94,46,0,10000,0,2,1,0,13.59,0,retained,0,0.014398377,Low Risk,Unclassified
USR2779,49,Lucknow,1,17,11.56,6,36,7.67,22,1,25000,1,2,0,0,7.35,1,kyc_dropout,1,0.9804715,High Risk,KYC Dropout
USR2780,41,Pune,1,11,14.05,6,36,9.05,31,0,200000,1,1,1,0,6.56,0,comparison_paralysis,1,0.9522812,High Risk,Comparison Paralysis
USR2781,28,Lucknow,1,9,1.07,3,6,8.41,48,0,50000,0,4,1,0,9.77,1,inactive_browser,1,0.86941004,High Risk,Silent Churner
USR2782,35,Nagpur,1,5,20.55,3,12,6.92,18,0,500000,0,2,1,0,5.95,1,retained,0,0.013439511,Low Risk,Unclassified
USR2783,30,Delhi,0,10,8.59,4,6,8.45,38,1,500000,0,2,1,0,8.28,1,kyc_dropout,1,0.9074524,High Risk,KYC Dropout
USR2784,40,Pune,1,15,9.34,5,24,7.07,59,1,25000,1,3,0,0,14.36,1,kyc_dropout,0,0.869224,High Risk,KYC Dropout
USR2785,35,Bhopal,1,14,4.66,3,3,7.74,10,1,200000,1,2,1,0,3.44,1,kyc_dropout,1,0.8488549,High Risk,KYC Dropout
USR2786,59,Lucknow,0,4,8.94,2,12,7.01,48,0,200000,1,0,1,0,7.15,1,retained,1,0.30830717,Low Risk,Unclassified
USR2787,57,Coimbatore,1,2,17.88,3,3,6.57,14,0,200000,1,1,0,1,0.72,0,retained,0,0.056101933,Low Risk,Unclassified
USR2788,61,Nagpur,0,12,17.8,5,6,7.14,60,0,100000,1,5,1,1,12.71,1,comparison_paralysis,1,0.8593681,High Risk,Comparison Paralysis
USR2789,38,Bhopal,0,1,20.65,6,36,8.11,42,0,10000,1,2,0,1,1.83,1,retained,0,0.10191619,Low Risk,Unclassified
USR2790,51,Jaipur,1,5,9.47,1,3,7.94,14,0,500000,0,3,0,0,1.87,0,retained,0,0.08192009,Low Risk,Unclassified
USR2791,30,Nagpur,1,6,15.88,1,3,8.0,4,1,200000,1,5,1,1,13.3,0,kyc_dropout,1,0.9621708,High Risk,KYC Dropout
USR2792,54,Bhopal,0,11,11.65,6,36,7.24,28,0,100000,1,0,1,0,6.43,1,comparison_paralysis,1,0.9055877,High Risk,Comparison Paralysis
USR2793,46,Nagpur,1,8,17.88,1,3,8.56,61,1,200000,0,5,0,0,10.47,1,kyc_dropout,1,0.95491487,High Risk,KYC Dropout
USR2794,35,Jaipur,0,7,15.96,3,3,8.61,59,0,200000,1,2,1,1,12.94,1,retained,0,0.039391454,Low Risk,Unclassified
USR2795,32,Gorakhpur,1,4,8.73,1,36,7.57,21,1,100000,0,1,0,0,5.93,1,retained,0,0.037496306,Low Risk,Unclassified
USR2796,56,Delhi,1,6,8.07,5,36,9.14,12,0,10000,1,1,0,1,4.29,0,retained,0,0.025300479,Low Risk,Unclassified
USR2797,35,Surat,1,16,6.3,5,6,8.43,49,1,25000,0,1,0,0,2.96,1,comparison_paralysis,1,0.873192,High Risk,Comparison Paralysis
USR2798,51,Chennai,1,15,13.11,3,6,8.64,46,0,500000,0,2,0,0,9.3,1,retained,0,0.24114229,Low Risk,Unclassified
USR2799,25,Delhi,1,14,21.24,6,3,7.33,28,1,50000,1,0,0,0,4.16,1,comparison_paralysis,1,0.9794606,High Risk,Comparison Paralysis
USR2800,25,Delhi,1,12,5.2,2,12,6.5,16,0,200000,1,4,1,1,9.7,1,retained,0,0.042775948,Low Risk,Unclassified
USR2801,49,Gorakhpur,0,12,3.0,3,6,9.1,19,0,10000,1,5,1,0,5.1,0,retained,0,0.047043234,Low Risk,Unclassified
USR2802,29,Patna,0,16,3.51,1,6,8.97,5,0,500000,1,1,1,0,5.54,1,retained,0,0.038836904,Low Risk,Unclassified
USR2803,23,Gorakhpur,0,15,17.45,3,12,6.87,21,0,50000,1,0,1,0,4.11,0,retained,0,0.08495728,Low Risk,Unclassified
USR2804,43,Gorakhpur,1,13,8.35,5,12,7.62,8,1,200000,1,3,1,0,6.57,0,kyc_dropout,0,0.92635155,High Risk,KYC Dropout
USR2805,37,Gorakhpur,1,11,5.71,3,36,8.48,31,1,50000,0,3,1,0,2.85,1,kyc_dropout,1,0.96731275,High Risk,KYC Dropout
USR2806,50,Coimbatore,1,17,8.41,3,6,8.46,32,0,100000,0,0,1,0,5.14,1,retained,0,0.048253503,Low Risk,Unclassified
USR2807,51,Nagpur,1,15,14.55,2,24,9.08,48,1,500000,1,3,1,0,11.78,1,kyc_dropout,1,0.9553828,High Risk,KYC Dropout
USR2808,33,Jaipur,1,14,12.48,5,24,6.92,29,0,10000,1,3,1,0,3.63,1,comparison_paralysis,1,0.86089045,High Risk,Comparison Paralysis
USR2809,56,Nagpur,1,10,16.62,4,3,7.79,15,0,10000,1,1,0,0,14.23,1,overwhelmed_firsttimer,1,0.9380944,High Risk,Overwhelmed First-Timer
USR2810,32,Bhopal,1,12,8.12,4,6,6.79,64,0,500000,1,2,0,0,7.65,1,overwhelmed_firsttimer,1,0.91836816,High Risk,Comparison Paralysis
USR2811,42,Gorakhpur,1,16,10.49,5,24,7.67,13,1,25000,0,2,0,0,2.05,1,kyc_dropout,1,0.96119815,High Risk,KYC Dropout
USR2812,42,Mumbai,1,15,3.14,4,6,6.55,55,0,25000,1,2,1,1,14.17,0,inactive_browser,1,0.7818471,High Risk,Comparison Paralysis
USR2813,26,Mumbai,1,10,2.53,1,6,9.19,36,1,50000,1,2,1,0,7.12,1,kyc_dropout,1,0.97282606,High Risk,KYC Dropout
USR2814,41,Nagpur,1,4,10.71,4,24,8.08,48,0,100000,1,0,1,0,8.58,1,retained,0,0.03701096,Low Risk,Unclassified
USR2815,58,Jaipur,0,9,7.33,1,6,9.05,49,0,50000,1,1,0,0,3.19,1,overwhelmed_firsttimer,1,0.90212774,High Risk,Overwhelmed First-Timer
USR2816,24,Pune,0,9,13.87,5,12,6.68,35,0,200000,1,0,1,0,5.33,1,retained,0,0.11079648,Low Risk,Unclassified
USR2817,54,Delhi,1,11,1.9,4,3,7.18,51,0,10000,0,5,1,0,10.7,1,inactive_browser,1,0.8482264,High Risk,Comparison Paralysis
USR2818,30,Lucknow,0,11,3.56,4,36,7.28,22,0,50000,1,5,1,0,2.3,1,retained,0,0.09326221,Low Risk,Unclassified
USR2819,30,Nagpur,1,7,19.17,6,24,7.66,44,0,50000,0,3,1,0,8.77,1,retained,0,0.04642981,Low Risk,Unclassified
USR2820,25,Lucknow,1,10,12.89,1,36,8.91,27,1,500000,1,1,0,0,10.56,1,overwhelmed_firsttimer,1,0.89868975,High Risk,Overwhelmed First-Timer
USR2821,56,Delhi,1,4,15.95,1,3,7.66,19,0,10000,1,4,0,0,0.53,1,retained,1,0.023263412,Low Risk,Unclassified
USR2822,38,Nagpur,1,5,18.68,3,12,7.11,48,1,10000,1,2,0,0,12.64,1,kyc_dropout,1,0.92840564,High Risk,KYC Dropout
USR2823,55,Patna,0,5,10.74,2,12,6.69,56,0,25000,1,5,0,0,1.32,0,retained,0,0.036426667,Low Risk,Unclassified
USR2824,45,Patna,1,11,16.98,4,12,6.74,58,0,25000,1,5,0,0,4.08,1,overwhelmed_firsttimer,1,0.88832957,High Risk,Comparison Paralysis
USR2825,53,Mumbai,1,9,12.02,6,12,8.78,25,0,10000,0,3,0,1,14.47,1,retained,0,0.26653433,Low Risk,Unclassified
USR2826,22,Surat,1,16,5.68,2,24,7.83,18,0,50000,1,2,1,1,1.68,1,retained,0,0.050414436,Low Risk,Unclassified
USR2827,29,Gorakhpur,0,9,8.09,6,24,8.68,12,0,200000,1,2,0,0,12.48,1,overwhelmed_firsttimer,1,0.7518022,High Risk,Overwhelmed First-Timer
USR2828,44,Mumbai,1,4,11.3,2,6,8.55,61,0,50000,1,2,1,1,9.95,1,retained,0,0.018088153,Low Risk,Unclassified
USR2829,61,Nagpur,0,2,7.65,4,6,6.91,13,0,200000,0,5,0,1,9.18,1,retained,0,0.057753716,Low Risk,Unclassified
USR2830,33,Surat,1,14,8.05,6,3,6.93,10,1,10000,1,4,0,0,8.93,1,kyc_dropout,1,0.9661314,High Risk,KYC Dropout
USR2831,33,Jaipur,1,3,8.09,1,6,8.77,11,0,500000,1,3,0,1,2.91,1,retained,0,0.08903664,Low Risk,Unclassified
USR2832,36,Lucknow,0,6,3.58,3,3,8.66,34,0,200000,1,2,1,0,10.2,1,retained,0,0.059442006,Low Risk,Unclassified
USR2833,40,Delhi,1,11,2.78,6,3,7.63,38,1,25000,0,2,1,0,14.3,0,kyc_dropout,1,0.9891481,High Risk,KYC Dropout
USR2834,47,Delhi,1,12,1.98,5,3,6.73,31,1,500000,1,1,1,0,1.62,0,comparison_paralysis,1,0.9570333,High Risk,Comparison Paralysis
USR2835,50,Lucknow,1,5,3.33,4,12,6.54,13,0,10000,1,2,0,0,5.32,1,retained,1,0.49132547,Medium Risk,Unclassified
USR2836,43,Gorakhpur,0,9,8.22,4,36,7.36,64,1,100000,1,1,1,0,7.35,1,retained,0,0.0736037,Low Risk,Unclassified
USR2837,61,Pune,1,3,13.47,5,36,6.53,26,1,200000,1,3,1,1,3.87,1,kyc_dropout,1,0.957871,High Risk,KYC Dropout
USR2838,42,Surat,1,9,4.95,2,24,7.19,59,0,200000,1,3,0,0,11.24,1,overwhelmed_firsttimer,1,0.84955543,High Risk,Overwhelmed First-Timer
USR2839,59,Bhopal,0,4,19.65,3,3,7.76,42,0,500000,1,3,1,0,10.49,0,retained,0,0.06482094,Low Risk,Unclassified
USR2840,41,Lucknow,1,17,17.98,2,12,6.86,64,1,100000,1,1,0,0,2.21,1,overwhelmed_firsttimer,1,0.9379363,High Risk,Overwhelmed First-Timer
USR2841,50,Mumbai,0,17,11.93,5,6,6.81,54,0,100000,1,5,0,0,8.76,1,comparison_paralysis,1,0.9732828,High Risk,Comparison Paralysis
USR2842,25,Gorakhpur,1,2,16.21,5,6,9.19,34,0,10000,1,5,1,1,5.85,0,retained,0,0.023058942,Low Risk,Unclassified
USR2843,28,Lucknow,1,9,8.69,3,24,8.26,31,0,500000,1,4,1,0,3.81,1,retained,0,0.05787864,Low Risk,Unclassified
USR2844,49,Bhopal,0,9,1.77,5,24,9.3,18,1,50000,1,4,1,0,12.8,0,kyc_dropout,1,0.9470447,High Risk,KYC Dropout
USR2845,49,Mumbai,1,5,19.99,5,3,7.54,38,1,100000,1,5,0,1,1.29,1,kyc_dropout,1,0.9655124,High Risk,KYC Dropout
USR2846,25,Jaipur,0,15,3.68,6,3,8.53,19,0,200000,0,5,0,0,7.28,1,retained,0,0.16089356,Low Risk,Unclassified
USR2847,43,Bengaluru,0,15,20.91,3,6,7.11,27,1,100000,0,2,1,1,7.39,0,kyc_dropout,1,0.92270434,High Risk,KYC Dropout
USR2848,33,Delhi,1,3,13.01,4,6,8.36,2,0,10000,1,3,0,0,8.77,0,retained,0,0.05907901,Low Risk,Unclassified
USR2849,24,Bengaluru,0,3,7.42,2,6,6.89,31,0,10000,1,5,1,0,3.37,1,retained,0,0.039314408,Low Risk,Unclassified
USR2850,43,Lucknow,1,6,11.41,4,6,6.51,57,0,200000,1,0,1,1,13.13,1,retained,0,0.022334555,Low Risk,Unclassified
USR2851,23,Bhopal,1,4,11.53,4,36,9.29,53,1,200000,1,5,1,0,14.5,1,kyc_dropout,1,0.9368336,High Risk,KYC Dropout
USR2852,45,Patna,0,13,1.49,6,3,8.16,41,0,200000,1,2,0,0,8.46,1,comparison_paralysis,1,0.993361,High Risk,Comparison Paralysis
USR2853,55,Coimbatore,1,13,8.46,2,3,9.28,14,0,50000,0,5,0,0,4.21,1,retained,0,0.06425438,Low Risk,Unclassified
USR2854,48,Delhi,1,11,16.54,4,6,7.5,61,0,200000,1,4,1,0,13.21,1,retained,0,0.07997473,Low Risk,Unclassified
USR2855,22,Patna,1,5,11.71,3,12,7.48,30,0,500000,1,4,1,0,14.83,1,retained,0,0.018103942,Low Risk,Unclassified
USR2856,29,Gorakhpur,1,1,6.13,2,6,7.7,60,0,10000,0,3,0,1,11.26,1,retained,0,0.042569675,Low Risk,Unclassified
USR2857,44,Delhi,1,9,8.04,1,24,8.62,25,0,10000,1,1,1,0,5.34,1,retained,0,0.049692042,Low Risk,Unclassified
USR2858,59,Coimbatore,0,17,19.12,6,12,8.2,56,1,100000,0,2,1,0,3.92,0,kyc_dropout,1,0.9890659,High Risk,KYC Dropout
USR2859,27,Coimbatore,0,1,12.04,4,24,9.28,19,0,200000,0,1,1,0,2.77,1,retained,0,0.026142996,Low Risk,Unclassified
USR2860,43,Surat,1,3,12.1,5,12,6.58,20,1,50000,0,4,1,0,3.91,1,kyc_dropout,1,0.9393248,High Risk,KYC Dropout
USR2861,46,Coimbatore,1,15,21.19,2,24,8.62,59,0,500000,1,3,1,0,3.8,1,retained,0,0.10487,Low Risk,Unclassified
USR2862,39,Surat,1,10,7.74,1,6,7.49,62,0,25000,1,4,1,0,14.53,1,retained,0,0.08387809,Low Risk,Unclassified
USR2863,38,Patna,1,8,11.07,5,6,7.04,50,0,100000,1,3,0,0,9.83,1,overwhelmed_firsttimer,0,0.59344834,Medium Risk,Comparison Paralysis
USR2864,33,Gorakhpur,1,12,18.05,1,12,8.03,38,1,500000,1,5,1,1,2.92,0,kyc_dropout,1,0.983414,High Risk,KYC Dropout
USR2865,27,Chennai,1,15,16.94,4,24,8.02,10,0,50000,0,0,1,1,7.58,1,retained,0,0.0063105305,Low Risk,Unclassified
USR2866,47,Lucknow,0,9,6.58,5,36,6.91,56,1,200000,0,1,1,0,3.18,0,retained,0,0.22701329,Low Risk,Unclassified
USR2867,48,Gorakhpur,1,10,4.17,4,12,7.11,2,1,50000,0,2,0,0,9.29,0,kyc_dropout,0,0.42536038,Medium Risk,Unclassified
USR2868,29,Patna,1,9,15.71,5,12,7.72,36,0,25000,1,3,1,1,5.45,1,retained,0,0.066156946,Low Risk,Unclassified
USR2869,40,Bengaluru,0,15,6.41,2,3,7.73,24,0,500000,1,5,0,0,3.34,1,overwhelmed_firsttimer,1,0.9328059,High Risk,Overwhelmed First-Timer
USR2870,22,Patna,1,1,20.38,3,12,7.45,20,1,50000,1,5,0,0,4.02,1,kyc_dropout,1,0.9823246,High Risk,KYC Dropout
USR2871,50,Coimbatore,0,2,3.71,3,36,6.95,41,0,25000,0,0,0,0,10.29,1,inactive_browser,1,0.8625332,High Risk,Silent Churner
USR2872,56,Lucknow,1,14,7.68,1,6,6.51,0,0,25000,0,5,1,0,6.42,1,retained,0,0.03739466,Low Risk,Unclassified
USR2873,61,Nagpur,1,8,2.15,6,24,9.41,22,0,500000,1,5,1,1,7.94,1,retained,0,0.4747569,Medium Risk,Unclassified
USR2874,35,Jaipur,0,6,15.77,5,3,9.33,23,0,25000,1,0,1,1,12.41,1,retained,0,0.02383452,Low Risk,Unclassified
USR2875,56,Coimbatore,1,12,19.72,4,24,7.95,46,1,500000,1,1,1,0,10.0,1,retained,0,0.16598101,Low Risk,Unclassified
USR2876,41,Gorakhpur,1,15,14.35,6,6,9.49,6,0,50000,0,5,1,1,7.2,1,retained,0,0.070991546,Low Risk,Unclassified
USR2877,34,Jaipur,1,14,20.69,2,12,8.52,37,0,200000,1,3,1,0,14.33,1,retained,0,0.05601375,Low Risk,Unclassified
USR2878,59,Coimbatore,1,1,3.7,2,36,6.71,46,0,10000,1,2,0,0,3.61,1,inactive_browser,1,0.75420886,High Risk,Silent Churner
USR2879,29,Surat,1,11,2.84,2,3,6.85,34,1,10000,1,2,0,0,4.69,1,kyc_dropout,1,0.9783594,High Risk,KYC Dropout
USR2880,41,Lucknow,0,3,18.61,3,36,9.25,61,0,50000,0,2,1,0,13.72,0,retained,0,0.039747696,Low Risk,Unclassified
USR2881,54,Bhopal,0,2,18.97,4,36,8.39,2,1,200000,0,4,0,1,12.87,1,kyc_dropout,1,0.96119696,High Risk,KYC Dropout
USR2882,47,Bhopal,1,7,18.45,2,36,9.03,19,1,10000,1,4,1,0,2.39,1,kyc_dropout,1,0.9586937,High Risk,KYC Dropout
USR2883,60,Patna,1,8,17.78,2,36,9.19,43,0,25000,0,3,0,0,13.98,0,retained,0,0.11264565,Low Risk,Unclassified
USR2884,42,Gorakhpur,0,15,8.61,1,6,7.84,31,0,50000,1,5,1,1,0.65,1,retained,0,0.07894206,Low Risk,Unclassified
USR2885,30,Lucknow,0,10,5.57,5,36,6.65,25,0,50000,0,5,1,0,12.43,1,comparison_paralysis,1,0.84241176,High Risk,Comparison Paralysis
USR2886,45,Gorakhpur,0,1,20.5,5,36,7.06,47,1,100000,0,2,0,0,4.54,1,kyc_dropout,1,0.9150309,High Risk,KYC Dropout
USR2887,58,Lucknow,1,6,7.45,5,6,6.7,4,1,100000,1,0,0,0,3.24,0,retained,0,0.03104637,Low Risk,Unclassified
USR2888,38,Patna,1,13,9.37,6,24,7.07,58,1,100000,0,5,0,1,7.01,1,kyc_dropout,1,0.9762733,High Risk,KYC Dropout
USR2889,45,Delhi,1,14,15.69,1,6,7.73,60,0,500000,0,2,1,0,13.51,1,retained,0,0.04382235,Low Risk,Unclassified
USR2890,42,Delhi,0,3,7.16,3,12,6.85,48,0,200000,0,3,0,1,11.9,1,retained,0,0.07432934,Low Risk,Unclassified
USR2891,60,Gorakhpur,1,11,18.2,6,6,7.0,29,0,50000,1,2,1,0,14.52,0,comparison_paralysis,1,0.8776112,High Risk,Comparison Paralysis
USR2892,60,Pune,1,3,2.47,1,24,7.84,16,0,100000,1,1,1,0,8.34,1,retained,0,0.047854546,Low Risk,Unclassified
USR2893,34,Delhi,1,10,17.61,2,12,7.52,57,0,50000,1,2,1,1,7.9,0,retained,1,0.28308988,Low Risk,Unclassified
USR2894,32,Lucknow,0,15,13.64,4,12,7.9,62,0,25000,1,5,0,0,0.69,0,overwhelmed_firsttimer,1,0.82844377,High Risk,Comparison Paralysis
USR2895,40,Pune,1,11,13.03,6,3,7.79,60,0,100000,1,5,0,0,3.12,0,comparison_paralysis,1,0.9653064,High Risk,Comparison Paralysis
USR2896,32,Chennai,1,15,10.63,6,36,8.43,62,0,50000,1,0,1,1,7.72,1,comparison_paralysis,1,0.81090593,High Risk,Comparison Paralysis
USR2897,34,Gorakhpur,0,13,6.82,2,12,9.31,14,0,200000,1,3,0,0,11.41,1,overwhelmed_firsttimer,1,0.9631449,High Risk,Overwhelmed First-Timer
USR2898,22,Lucknow,0,5,10.75,2,12,6.82,0,0,500000,1,3,1,0,12.43,1,retained,0,0.030292619,Low Risk,Unclassified
USR2899,61,Gorakhpur,1,4,10.45,4,24,6.8,12,0,200000,1,0,0,0,4.61,1,retained,0,0.050572522,Low Risk,Unclassified
USR2900,40,Surat,1,13,13.26,5,12,9.06,47,0,200000,1,3,1,0,10.83,1,comparison_paralysis,1,0.9092844,High Risk,Comparison Paralysis
USR2901,33,Nagpur,1,9,6.91,6,24,8.02,33,0,100000,1,2,1,0,12.51,0,retained,0,0.21657996,Low Risk,Unclassified
USR2902,29,Delhi,1,17,2.63,1,36,8.8,29,1,200000,0,3,1,0,5.93,1,kyc_dropout,1,0.9568037,High Risk,KYC Dropout
USR2903,29,Mumbai,1,2,4.05,3,3,7.15,18,0,500000,1,2,1,1,10.59,0,retained,0,0.013253019,Low Risk,Unclassified
USR2904,33,Bhopal,1,5,15.68,2,3,8.99,63,1,10000,1,3,0,0,6.84,0,kyc_dropout,1,0.94770294,High Risk,KYC Dropout
USR2905,54,Surat,1,16,1.47,2,36,9.27,56,0,500000,1,5,1,0,14.79,0,inactive_browser,1,0.9426816,High Risk,Silent Churner
USR2906,47,Gorakhpur,1,7,18.99,3,36,8.41,43,0,25000,1,2,0,0,0.6,1,retained,0,0.087668166,Low Risk,Unclassified
USR2907,60,Coimbatore,1,1,15.58,1,6,6.82,11,0,500000,1,2,0,0,6.51,0,retained,0,0.04189532,Low Risk,Unclassified
USR2908,49,Bhopal,1,12,17.13,2,12,9.19,39,0,50000,0,5,0,0,4.32,1,retained,0,0.16523564,Low Risk,Unclassified
USR2909,26,Delhi,1,11,18.56,3,12,8.88,23,0,10000,1,0,1,0,12.82,0,retained,0,0.03450265,Low Risk,Unclassified
USR2910,29,Nagpur,1,12,3.58,2,12,8.75,10,1,100000,1,0,1,0,4.66,1,retained,0,0.046645854,Low Risk,Unclassified
USR2911,46,Pune,1,12,18.27,5,24,6.61,0,0,50000,1,5,1,1,8.39,0,retained,0,0.10361542,Low Risk,Unclassified
USR2912,48,Delhi,1,12,11.6,5,6,8.9,57,0,500000,1,4,1,1,11.23,0,comparison_paralysis,1,0.8588036,High Risk,Comparison Paralysis
USR2913,44,Jaipur,1,14,19.6,2,12,6.91,27,0,50000,0,0,1,0,7.71,1,retained,0,0.023796977,Low Risk,Unclassified
USR2914,51,Chennai,1,2,19.62,2,24,7.17,58,0,200000,0,2,1,0,6.45,1,retained,0,0.027853725,Low Risk,Unclassified
USR2915,44,Delhi,0,2,1.51,5,24,8.23,21,1,50000,0,2,0,1,1.12,1,kyc_dropout,1,0.9221921,High Risk,KYC Dropout
USR2916,41,Jaipur,1,4,9.04,2,3,7.29,28,1,50000,0,3,0,1,0.83,1,kyc_dropout,1,0.903583,High Risk,KYC Dropout
USR2917,39,Surat,1,16,12.05,1,24,8.48,44,0,500000,1,3,0,0,14.38,0,overwhelmed_firsttimer,1,0.9225077,High Risk,Overwhelmed First-Timer
USR2918,39,Surat,0,10,15.25,1,36,8.32,16,0,25000,0,4,0,0,9.83,0,retained,0,0.039130654,Low Risk,Unclassified
USR2919,23,Nagpur,1,13,7.01,4,24,6.82,38,0,500000,0,2,0,0,12.47,1,retained,0,0.17080127,Low Risk,Unclassified
USR2920,25,Gorakhpur,1,2,6.29,1,36,8.47,39,1,100000,1,4,0,0,7.47,1,kyc_dropout,1,0.9682004,High Risk,KYC Dropout
USR2921,51,Jaipur,1,3,9.01,6,36,9.27,27,0,10000,1,2,1,0,4.29,1,retained,0,0.058046557,Low Risk,Unclassified
USR2922,54,Chennai,1,6,11.52,6,3,6.98,1,1,200000,0,0,1,1,4.77,1,retained,0,0.023056515,Low Risk,Unclassified
USR2923,57,Coimbatore,1,8,20.97,6,3,8.29,26,0,25000,1,3,1,0,1.13,1,retained,0,0.11857312,Low Risk,Unclassified
USR2924,39,Pune,0,14,17.0,2,24,7.53,20,1,10000,0,5,1,0,11.97,1,kyc_dropout,1,0.93261707,High Risk,KYC Dropout
USR2925,58,Jaipur,0,10,10.02,2,3,7.88,6,0,10000,1,5,1,0,8.93,1,retained,0,0.06575307,Low Risk,Unclassified
USR2926,40,Lucknow,0,3,2.14,3,3,7.36,60,0,25000,1,4,0,0,7.47,0,inactive_browser,1,0.9350635,High Risk,Silent Churner
USR2927,49,Gorakhpur,0,6,4.54,6,12,7.56,51,0,200000,1,1,1,0,12.86,0,retained,0,0.12664412,Low Risk,Unclassified
USR2928,61,Pune,1,15,10.57,6,24,6.59,47,1,100000,0,5,0,0,6.95,1,kyc_dropout,1,0.96618074,High Risk,KYC Dropout
USR2929,41,Lucknow,1,14,18.09,1,24,9.44,18,1,25000,0,2,0,0,14.24,1,kyc_dropout,1,0.93061435,High Risk,KYC Dropout
USR2930,54,Delhi,1,10,8.99,5,24,8.37,11,1,25000,1,0,0,1,0.69,1,overwhelmed_firsttimer,1,0.7407689,High Risk,Overwhelmed First-Timer
USR2931,33,Coimbatore,1,15,12.31,5,3,8.0,1,1,25000,0,1,0,1,14.78,1,retained,0,0.26517698,Low Risk,Unclassified
USR2932,36,Mumbai,1,4,19.73,4,3,7.65,16,0,200000,1,0,1,0,12.33,1,retained,0,0.013511591,Low Risk,Unclassified
USR2933,60,Surat,1,2,20.19,3,36,8.12,2,1,25000,0,0,1,1,5.65,1,retained,0,0.026420595,Low Risk,Unclassified
USR2934,23,Jaipur,1,3,5.53,5,6,7.64,20,1,25000,1,2,0,0,9.13,0,kyc_dropout,0,0.40738603,Medium Risk,Unclassified
USR2935,50,Surat,1,7,1.92,4,6,7.58,50,0,50000,1,0,0,1,13.04,0,inactive_browser,1,0.8041524,High Risk,Overwhelmed First-Timer
USR2936,31,Coimbatore,1,16,7.41,1,6,7.89,9,0,50000,1,4,0,1,7.48,1,overwhelmed_firsttimer,1,0.9269406,High Risk,Overwhelmed First-Timer
USR2937,23,Pune,1,10,15.61,3,12,7.33,54,0,50000,1,1,1,0,1.24,1,retained,0,0.105689734,Low Risk,Unclassified
USR2938,32,Gorakhpur,1,17,20.97,3,3,7.04,35,0,50000,0,0,0,1,13.6,1,retained,0,0.059927903,Low Risk,Unclassified
USR2939,34,Surat,1,5,2.62,6,36,8.17,50,1,25000,1,5,1,0,8.0,1,kyc_dropout,1,0.9818164,High Risk,KYC Dropout
USR2940,31,Patna,1,13,1.6,2,36,9.03,16,0,50000,1,5,0,0,8.4,1,overwhelmed_firsttimer,1,0.92715794,High Risk,Overwhelmed First-Timer
USR2941,35,Gorakhpur,1,13,19.57,6,6,6.96,60,0,10000,1,0,1,0,0.7,0,comparison_paralysis,1,0.8460193,High Risk,Comparison Paralysis
USR2942,39,Patna,1,11,16.71,1,12,6.6,12,0,100000,1,3,0,1,1.95,1,overwhelmed_firsttimer,1,0.9634229,High Risk,Overwhelmed First-Timer
USR2943,30,Jaipur,1,11,21.84,6,12,7.24,64,0,50000,1,3,1,0,11.77,0,comparison_paralysis,1,0.8321547,High Risk,Comparison Paralysis
USR2944,60,Surat,1,16,9.33,3,6,9.44,47,0,200000,1,4,0,0,6.81,1,overwhelmed_firsttimer,1,0.9629962,High Risk,Overwhelmed First-Timer
USR2945,49,Surat,1,15,9.74,6,6,8.99,46,1,100000,1,5,1,0,14.97,0,kyc_dropout,1,0.97384596,High Risk,KYC Dropout
USR2946,24,Lucknow,1,17,4.62,4,3,8.29,9,0,500000,1,3,0,0,10.59,0,overwhelmed_firsttimer,1,0.8895254,High Risk,Overwhelmed First-Timer
USR2947,41,Coimbatore,1,4,3.43,6,12,9.29,56,1,500000,1,0,1,1,14.27,0,inactive_browser,1,0.9571227,High Risk,Silent Churner
USR2948,27,Bengaluru,1,5,13.15,5,36,7.84,12,0,10000,1,5,0,0,4.55,1,retained,0,0.04577544,Low Risk,Unclassified
USR2949,48,Nagpur,0,7,8.65,1,6,9.45,60,1,100000,1,0,1,0,3.05,0,retained,0,0.043296162,Low Risk,Unclassified
USR2950,23,Gorakhpur,1,2,2.69,1,3,7.39,57,0,100000,1,1,0,0,5.96,1,inactive_browser,1,0.94512796,High Risk,Silent Churner
USR2951,50,Jaipur,1,1,19.63,3,36,7.22,28,0,10000,1,5,0,0,4.34,0,retained,0,0.039206494,Low Risk,Unclassified
USR2952,59,Gorakhpur,0,12,5.17,6,12,8.41,15,0,500000,0,3,0,0,9.39,0,retained,0,0.16926399,Low Risk,Unclassified
USR2953,24,Chennai,0,10,16.72,3,6,7.63,62,1,50000,0,2,1,1,11.29,1,kyc_dropout,1,0.9287845,High Risk,KYC Dropout
USR2954,37,Pune,0,8,6.93,3,6,8.38,46,0,10000,0,3,0,0,6.33,1,retained,1,0.47845384,Medium Risk,Unclassified
USR2955,51,Jaipur,1,1,18.07,4,3,7.41,42,0,200000,1,0,0,0,1.8,1,retained,0,0.13091925,Low Risk,Unclassified
USR2956,61,Gorakhpur,1,12,3.49,2,3,8.35,22,1,10000,1,1,0,0,0.88,0,overwhelmed_firsttimer,1,0.95456004,High Risk,Overwhelmed First-Timer
USR2957,23,Bhopal,1,2,16.88,3,12,7.33,29,0,25000,1,3,1,0,3.66,1,retained,0,0.021925915,Low Risk,Unclassified
USR2958,38,Pune,0,10,3.06,2,6,6.65,56,0,500000,1,1,0,1,11.12,1,overwhelmed_firsttimer,1,0.9900371,High Risk,Overwhelmed First-Timer
USR2959,33,Nagpur,1,17,10.39,2,3,9.24,29,0,25000,1,3,1,0,3.71,0,retained,0,0.14146304,Low Risk,Unclassified
USR2960,56,Nagpur,1,3,16.41,1,6,9.15,55,0,500000,0,4,1,0,13.71,1,retained,0,0.02185217,Low Risk,Unclassified
USR2961,22,Pune,0,7,4.64,5,12,9.41,23,0,500000,1,0,1,0,9.95,0,retained,0,0.0561009,Low Risk,Unclassified
USR2962,36,Mumbai,1,12,7.0,5,6,8.65,7,0,100000,0,0,0,0,13.0,1,retained,0,0.12069084,Low Risk,Unclassified
USR2963,47,Delhi,0,8,19.16,6,36,8.55,43,1,50000,1,2,1,0,6.09,1,kyc_dropout,0,0.70236266,High Risk,KYC Dropout
USR2964,58,Gorakhpur,0,12,19.59,4,6,8.18,33,0,50000,1,0,0,0,14.76,0,overwhelmed_firsttimer,1,0.8932573,High Risk,Comparison Paralysis
USR2965,42,Patna,1,3,1.94,4,24,6.88,34,0,500000,1,2,0,0,10.35,1,retained,0,0.13940294,Low Risk,Unclassified
USR2966,52,Jaipur,1,17,4.53,5,24,7.07,49,0,500000,1,0,0,0,5.68,1,comparison_paralysis,1,0.9589548,High Risk,Comparison Paralysis
USR2967,46,Nagpur,1,9,3.47,6,12,7.37,16,0,25000,0,3,1,0,3.58,1,retained,0,0.027157009,Low Risk,Unclassified
USR2968,44,Pune,1,10,4.77,5,12,9.17,1,0,200000,1,3,0,1,13.06,1,overwhelmed_firsttimer,1,0.9175834,High Risk,Overwhelmed First-Timer
USR2969,45,Delhi,1,6,21.37,6,12,7.02,53,1,10000,0,4,0,0,5.11,1,kyc_dropout,1,0.8700851,High Risk,KYC Dropout
USR2970,59,Coimbatore,1,1,12.58,6,36,9.27,43,1,500000,1,3,1,1,1.14,1,kyc_dropout,1,0.95240253,High Risk,KYC Dropout
USR2971,49,Gorakhpur,1,12,10.83,6,36,8.07,48,1,500000,1,1,0,0,4.54,1,comparison_paralysis,1,0.96821356,High Risk,Comparison Paralysis
USR2972,42,Chennai,1,5,21.67,6,6,8.65,1,0,10000,1,3,1,0,3.1,1,retained,0,0.04445703,Low Risk,Unclassified
USR2973,39,Surat,1,13,12.7,1,3,6.83,8,1,10000,1,2,1,1,5.14,0,kyc_dropout,1,0.86611223,High Risk,KYC Dropout
USR2974,57,Patna,1,15,14.88,1,24,7.31,0,1,200000,1,5,0,0,9.39,1,kyc_dropout,1,0.99298465,High Risk,KYC Dropout
USR2975,56,Patna,1,11,7.99,5,24,9.38,8,0,200000,1,4,0,1,7.76,1,overwhelmed_firsttimer,1,0.95389503,High Risk,Overwhelmed First-Timer
USR2976,30,Coimbatore,1,8,9.02,6,24,7.3,13,0,10000,0,5,0,0,10.81,0,retained,0,0.06726799,Low Risk,Unclassified
USR2977,59,Nagpur,0,5,13.48,3,6,7.39,26,0,500000,1,5,1,0,5.34,1,retained,1,0.19914187,Low Risk,Unclassified
USR2978,51,Surat,1,2,2.47,6,6,7.09,8,0,500000,1,1,1,1,2.24,0,retained,0,0.03819833,Low Risk,Unclassified
USR2979,55,Lucknow,1,12,6.37,3,12,6.89,35,1,10000,1,1,0,0,2.82,1,overwhelmed_firsttimer,1,0.9108581,High Risk,Overwhelmed First-Timer
USR2980,53,Chennai,1,2,5.13,1,3,7.2,2,0,500000,1,0,1,0,12.06,1,retained,0,0.0144303255,Low Risk,Unclassified
USR2981,24,Jaipur,1,16,1.33,6,12,8.43,22,1,200000,1,2,1,1,1.92,1,kyc_dropout,1,0.94341487,High Risk,KYC Dropout
USR2982,24,Bhopal,0,3,12.27,2,6,7.87,29,0,10000,1,5,1,0,12.07,1,retained,0,0.02653786,Low Risk,Unclassified
USR2983,49,Surat,1,10,12.78,5,36,8.16,18,0,200000,1,3,1,1,3.58,1,retained,0,0.09503066,Low Risk,Unclassified
USR2984,36,Nagpur,1,8,9.06,6,12,6.87,49,0,500000,1,3,0,0,10.34,1,overwhelmed_firsttimer,1,0.7600154,High Risk,Comparison Paralysis
USR2985,44,Gorakhpur,0,7,6.64,4,6,8.91,47,1,500000,1,0,0,0,9.53,1,retained,0,0.07720594,Low Risk,Unclassified
USR2986,61,Pune,1,1,14.69,3,6,8.85,2,0,100000,1,3,1,0,1.92,1,retained,1,0.59251565,Medium Risk,Unclassified
USR2987,32,Chennai,0,12,3.83,6,36,6.56,26,1,25000,0,1,1,0,10.16,1,comparison_paralysis,1,0.92692447,High Risk,Comparison Paralysis
USR2988,53,Bhopal,1,5,11.89,2,36,7.65,39,0,25000,1,3,0,0,6.99,1,retained,0,0.035270814,Low Risk,Unclassified
USR2989,57,Patna,1,16,17.13,3,36,6.71,17,0,200000,0,5,0,0,10.75,1,retained,0,0.10027193,Low Risk,Unclassified
USR2990,54,Jaipur,1,4,4.45,2,3,8.88,26,0,10000,1,3,0,0,12.61,1,retained,0,0.080456935,Low Risk,Unclassified
USR2991,45,Nagpur,1,17,16.82,5,6,8.71,10,1,25000,0,1,1,0,1.07,1,retained,0,0.086941406,Low Risk,Unclassified
USR2992,60,Bhopal,1,2,16.98,5,36,9.21,38,0,500000,1,2,1,0,9.9,1,retained,0,0.04011498,Low Risk,Unclassified
USR2993,55,Patna,1,12,2.26,5,3,7.21,18,0,50000,0,5,1,0,2.02,1,retained,0,0.115291886,Low Risk,Unclassified
USR2994,49,Surat,1,1,1.39,1,24,7.87,6,0,10000,1,2,0,0,5.99,1,retained,0,0.14247513,Low Risk,Unclassified
USR2995,58,Bhopal,1,12,21.45,2,24,7.05,56,1,200000,1,1,0,0,0.68,1,overwhelmed_firsttimer,1,0.91966856,High Risk,Overwhelmed First-Timer
USR2996,28,Coimbatore,0,12,5.06,6,24,7.61,1,0,500000,0,1,0,0,5.27,0,retained,0,0.0801124,Low Risk,Unclassified
USR2997,25,Coimbatore,1,12,18.26,4,6,8.07,37,0,500000,1,5,1,0,2.96,1,retained,0,0.11510454,Low Risk,Unclassified
USR2998,58,Nagpur,0,17,12.8,4,3,6.66,4,0,50000,1,4,0,0,8.57,1,overwhelmed_firsttimer,1,0.9680802,High Risk,Overwhelmed First-Timer
USR2999,22,Gorakhpur,1,11,6.55,5,3,8.64,35,0,200000,1,4,0,0,7.93,1,comparison_paralysis,1,0.96676517,High Risk,Comparison Paralysis
USR3000,22,Gorakhpur,1,13,3.73,4,24,8.13,56,1,10000,1,3,0,0,12.0,1,kyc_dropout,1,0.975966,High Risk,KYC Dropout
